Workbook
Name 범위: '[2]1-1. 개인별 급여분석'!$B$5:$R$43
Name 성명: '[2]1-1. 개인별 급여분석'!$B$5:$B$39
Name 포함단어시작셀: #REF!

Sheet 인사기본정보
B1: 1 | C1: 2 | L1: 11 | M1: 12 | N1: 13 | O1: 14 | P1: 15 | Q1: 16 | R1: 17 | S1: 18 | T1: 19 | U1: 20 | V1: 21 | W1: 22 | X1: 23 | Y1: 24 | Z1: 25 | AA1: 26 | AB1: 27 | AC1: 28 | AD1: 29 | AE1: 30 | AF1: 31 | AG1: 32 | AH1: 33 | AI1: 34 | AJ1: 35 | AK1: 36 | AL1: 37 | AM1: 38 | AN1: 39 | AO1: 40 | AP1: 41 | AQ1: 42 | AR1: 43 | AS1: 44 | AT1: 45 | AU1: 46 | AV1: 47 | AW1: 48 | AX1: 49 | AY1: 50 | AZ1: 51 | BA1: 52 | BB1: 53 | BC1: 54 | BD1: 55 | BE1: 56 | BF1: 57 | BG1: 58 | BH1: 59 | BI1: 60 | BJ1: 61 | BK1: 62 | BL1: 63 | BM1: 64 | BN1: 65 | BO1: 66 | BP1: 67 | BQ1: 68 | BR1: 69 | BS1: 70 | BT1: 71 | BU1: 72 | BV1: 73 | BW1: 63 | BX1: 64 | BY1: 65 | BZ1: 66 | CA1: 67 | CB1: 68 | CC1: 69 | CD1: 70 | CE1: 71 | CF1: 72 | CG1: 73 | CH1: 74 | CI1: 75 | CJ1: 76 | CK1: 77 | CL1: 78 | CM1: 79 | CN1: 80 | CO1: 81 | CP1: 82 | CQ1: 83 | CR1: 84 | CS1: 85 | CT1: 86 | CU1: 87 | CV1: 88 | CW1: 89 | CX1: 90 | CY1: 91 | CZ1: 92 | DA1: 93 | DB1: 94 | DC1: 95 | DD1: 96 | DE1: 97 | DF1: 98 | DG1: 99 | DH1: 100 | DI1: 101 | DJ1: 102 | DK1: 103 | DL1: 104
A2: 순번 | B2: 사번 | C2: 성명 | D2: 직책 | E2: 직급 | F2: 고용형태 | G2: 직무 | H2: 실 | I2: 팀 | J2: 팀 위치 | K2: 팀 권역 | L2: 최초입사일 | M2: 정규전환일 | N2: 적치적용일 | O2: 퇴직일자 | P2: 영문명 | Q2: 주민번호 | R2: 생년월일 | S2: 생일월 | T2: 성별 | U2: 나이 | V2: 양력/음력 | W2: 국적 | X2: 전화번호 | Y2: 재직구분 | Z2: 결혼유무 | AA2: 결혼기념일 | AB2: 법인 | AC2: 한자명 | AD2: 총업무경력 | AE2: 전SW경력 | AF2: 재직기간 | AG2: 최종학교 | AH2: 전공 | AI2: 최종학력 | AJ2: 졸업일 | AK2: 지우면안돼 | AL2: 등급(경력+학력) | AM2: 등급(자격증) | AN2: CSTS | AO2: 취득일 | AP2: ISTQB | AQ2: 취득일2 | AR2: 정보처리기사 | AS2: 취득일3 | AT2: 정보처리산업기사 | AU2: 취득일4 | AV2: 기타 | AW2: 발행기관 | AX2: 취득년월 | AY2: 분야 | AZ2: 직무2 | BA2: 은행 | BB2: 계좌번호 | BC2: 본인과의 관계 | BD2: 비상연락처 | BE2: 그룹웨어 이메일 | BF2: 주요시도 | BG2: 자치시구 | BH2: 상세주소 | BI2: 상세주소3 | BJ2: 거주지역 | BK2: 상세주소4 | BL2: 기준일 | BM2: 실근무일 | BN2: 2026연봉 | BO2: 실수령연봉 | BP2: 월 급여액 | BQ2: 기본급 | BR2: 연장근로수당 | BS2: 식대 | BT2: 법정근로시간 | BU2: 연장시간 | BV2: 25최저임금 | BW2: 기준일 | BX2: 실근무일 | BY2: 2025연봉 | BZ2: 실수령연봉 | CA2: 월 급여액 | CB2: 기본급 | CC2: 연장근로수당 | CD2: 식대 | CE2: 법정근로시간 | CF2: 연장시간 | CG2: 25최저임금 | CH2: 기준일 | CI2: 실근무일 | CJ2: 2024연봉 | CK2: 실수령연봉 | CL2: 월 급여액 | CM2: 기본급 | CN2: 연장근로수당 | CO2: 식대 | CP2: 법정근로시간 | CQ2: 연장시간 | CR2: 최저임금 | CS2: 2023연봉 | CT2: 월 급여액2 | CU2: 기본급3 | CV2: 연장근로수당4 | CW2: 식대2 | CX2: 법정근로시간2 | CY2: 연장근로시간 | CZ2: 총 근로시간 | DA2: 최저시급(9,620) | DB2: 통상임금 | DC2: 기준연도 | DD2: 비고 | DE2: 퇴직사유 | DF2: 내채공가입일 | DG2: 내채공만기일 | DH2: 인재추천자 | DI2: 지원시기 1차 | DJ2: 지원금 1차 | DK2: 지원시기 2차 | DL2: 지원금 2차
A3: =ROW()-2 -> 1 | B3: 150501 | C3: 김종균 | D3: 대표이사 | E3: 임원 | F3: 정규직 | G3: 대표 | H3: 경영전략실 | I3: 임원 | J3: =+VLOOKUP($I3,[1]프로젝트현황!$I:$N,5,0) -> 서울시 | K3: =+VLOOKUP($I3,[1]프로젝트현황!$I:$N,6,0) -> 강남구 | L3: 42142 | M3: 42142 | Q3: 831124-1113419 | R3: =LEFT(Q3,6) -> 831124 | S3: =MID($Q3,3,2) -> 11 | T3: =IF(OR(MID($Q3,8,1)="1",MID($Q3,8,1)="3"),"남자",IF(OR(MID($Q3,8,1)="2",MID($Q3,8,1)="4"),"여자","")) -> 남자 | U3: =YEAR(TODAY())-IF(OR(MID($Q3,8,1)="1",MID($Q3,8,1)="2"),19&LEFT($Q3,2),IF(OR(MID($Q3,8,1)="3",MID($Q3,8,1)="4"),20&LEFT($Q3,2),""))+1 -> 44 | V3: 양력 | W3: 한국 | X3: 010-5749-8009 | AB3: TBELL | AD3: {=QUOTIENT(SUMPRODUCT(LEFT($AE3:$AF3,FIND("년",$AE3:$AF3)-1)*12+MID($AE3:$AF3,FIND("년",$AE3:$AF3)+1,FIND("개월",$AE3:$AF3)-FIND("년",$AE3:$AF3)-1)),12)&"년"&MOD(SUMPRODUCT(LEFT($AE3:$AF3,FIND("년",$AE3:$AF3)-1)*12+MID($AE3:$AF3,FIND("년",$AE3:$AF3)+1,FIND("개월",$AE3:$AF3)-FIND("년",$AE3:$AF3)-1)),12)&"개월"} -> 10년8개월 | AE3: 0년0개월 | AF3: =DATEDIF($L3,TODAY(),"y")&"년"&DATEDIF($L3,TODAY(),"ym")&"개월" -> 10년8개월 | AI3: 전문학사 | AK3: =VALUE(LEFT($AD3,FIND("년",$AD3)-1)) -> 10 | AL3: 특급 | AM3: =IF(ISNUMBER(SEARCH("산업기사",$AT3)),IF($AK3>=13,"특급",IF($AK3>=10,"고급",IF($AK3>=7,"중급","초급"))),IF(ISNUMBER(SEARCH("기사",$AR3)),IF($AK3>=10,"특급",IF($AK3>=7,"고급",IF($AK3>=4,"중급","초급"))),"미해당")) -> 미해당 | AY3: 정보기술컨설팅 | BC3: 처 | BD3: 010-5749-8009 | BE3: jg.kim@tbell.co.kr | BF3: 서울시 | BG3: 서대문구 | BI3: 세무서8길 30 홍제역 효성해링턴플레이스 113동 1802호 | BJ3: =IFERROR(VLOOKUP($BG3,[1]프로젝트현황!Y:Z,2,0),"기타") -> 서북권 | BK3: =(IF(BF3="","",BF3&" "))&(IF(BG3="","",BG3&" "))&(IF(BH3="","",BH3&" "))&BI3 -> 서울시 서대문구 세무서8길 30 홍제역 효성해링턴플레이스 113동 1802호 | BL3: 30 | BM3: 30 | BN3: 2758053.7 | BO3: =BP3*12 -> 2758080 | BP3: =SUM(BQ3:BS3) -> 229840 | BQ3: =ROUNDUP(BN3/12*209/(209+BU3*1.5)/BL3*BM3,-1)-BS3 -> 29840 | BR3: =ROUNDUP(BN3/12*(BU3*1.5)/(209+BU3*1.5)/BL3*BM3,1) -> 0 | BS3: 200000 | BT3: 209 | BU3: =IF($BN3="","", IFERROR( IF($BN3<'[1]시간외시간 기준표'!$B$2,0, IF($BN3>LOOKUP(9.9E+307,'[1]시간외시간 기준표'!$B$2:$B$999), LOOKUP(9.9E+307,'[1]시간외시간 기준표'!$C$2:$C$999), LOOKUP($BN3,'[1]시간외시간 기준표'!$B$2:$B$999,'[1]시간외시간 기준표'!$C$2:$C$999) ) ),0) ) -> 0 | BV3: =(BQ3+BS3)/209 -> 1099.7129 | BW3: 30 | BX3: 30 | BY3: 2758053.7 | BZ3: =CA3*12 -> 2758080 | CA3: =SUM(CB3:CD3) -> 229840 | CB3: =ROUNDUP(BY3/12*209/(209+CF3*1.5)/BW3*BX3,-1)-CD3 -> 29840 | CC3: =ROUNDUP(BY3/12*(CF3*1.5)/(209+CF3*1.5)/BW3*BX3,1) -> 0 | CD3: 200000 | CE3: 209 | CF3: =IF(BY3<26000000,0,IF(BY3<26500000,4,IF(BY3<27000000,7,IF(BY3<27500000,9,IF(BY3<28000000,11,IF(BY3<28500000,15,IF(BY3<29000000,17,IF(BY3<29500000,20,IF(BY3<30000000,23,IF(BY3<30500000,25,IF(BY3<31000000,27,IF(BY3<31500000,29,IF(BY3<32000000,33,IF(BY3<32500000,37,IF(BY3<33000000,39,IF(BY3<33500000,42,IF(BY3<34000000,45,IF(BY3<34500000,48,IF(BY3<35000000,52,52))))))))))))))))))) -> 0 | CG3: =(CB3+CD3)/209 -> 1099.7129 | CH3: 30 | CI3: 30 | CJ3: 2712913.4 | CK3: =CL3*12 -> 2712960 | CL3: =SUM(CM3:CO3) -> 226080 | CM3: =ROUNDUP(CJ3/12*209/(209+CQ3*1.5)/CH3*CI3,-1)-CO3 -> 26080 | CN3: =ROUNDUP(CJ3/12*(CQ3*1.5)/(209+CQ3*1.5)/CH3*CI3,1) -> 0 | CO3: 200000 | CP3: 209 | CQ3: =IF(CJ3<26000000,0,IF(CJ3<26500000,4,IF(CJ3<27000000,7,IF(CJ3<27500000,9,IF(CJ3<28000000,11,IF(CJ3<28500000,15,IF(CJ3<29000000,17,IF(CJ3<29500000,20,IF(CJ3<30000000,23,IF(CJ3<30500000,25,IF(CJ3<31000000,27,IF(CJ3<31500000,29,IF(CJ3<32000000,33,IF(CJ3<32500000,37,IF(CJ3<33000000,39,IF(CJ3<33500000,42,IF(CJ3<34000000,45,IF(CJ3<34500000,48,IF(CJ3<35000000,52,52))))))))))))))))))) -> 0 | CR3: =(CM3+CO3)/209 -> 1081.7225 | CS3: =AVERAGE(CU4:CU312) -> 1933891.7 | CT3: =AVERAGE(CV4:CV312) -> 537038.66 | CU3: =AVERAGE(CW4:CW312) -> 197872.34 | CV3: =AVERAGE(CX4:CX312) -> 207.89362 | CW3: 200000 | DG3: =B3 -> 150501
A4: =ROW()-2 -> 2 | B4: 151201 | C4: 강현규 | D4: 실장 | E4: 임원 | F4: 정규직 | G4: 지원관리 | H4: 1실 | I4: 1실장 | J4: =+VLOOKUP($I4,[1]프로젝트현황!$I:$N,5,0) -> 서울시 | K4: =+VLOOKUP($I4,[1]프로젝트현황!$I:$N,6,0) -> 강남구 | L4: 42345 | M4: 42345 | N4: 43220 | P4: KANG, HyeonKyu | Q4: 821030-1012027 | R4: =LEFT(Q4,6) -> 821030 | S4: =MID($Q4,3,2) -> 10 | T4: =IF(OR(MID($Q4,8,1)="1",MID($Q4,8,1)="3"),"남자",IF(OR(MID($Q4,8,1)="2",MID($Q4,8,1)="4"),"여자","")) -> 남자 | U4: =YEAR(TODAY())-IF(OR(MID($Q4,8,1)="1",MID($Q4,8,1)="2"),19&LEFT($Q4,2),IF(OR(MID($Q4,8,1)="3",MID($Q4,8,1)="4"),20&LEFT($Q4,2),""))+1 -> 45 | V4: 양력 | W4: 한국 | X4: 010-6388-7664 | Z4: 유 | AA4: 45267 | AB4: TBELL | AD4: =QUOTIENT(SUMPRODUCT(LEFT($AE4:$AF4,FIND("년",$AE4:$AF4)-1)*12+MID($AE4:$AF4,FIND("년",$AE4:$AF4)+1,FIND("개월",$AE4:$AF4)-FIND("년",$AE4:$AF4)-1)),12)&"년"&MOD(SUMPRODUCT(LEFT($AE4:$AF4,FIND("년",$AE4:$AF4)-1)*12+MID($AE4:$AF4,FIND("년",$AE4:$AF4)+1,FIND("개월",$AE4:$AF4)-FIND("년",$AE4:$AF4)-1)),12)&"개월" -> 21년0개월 | AE4: 10년 10개월 | AF4: =DATEDIF($L4,TODAY(),"y")&"년"&DATEDIF($L4,TODAY(),"ym")&"개월" -> 10년2개월 | AG4: 동국대학교전산원 | AH4: 멀티미디어 | AI4: 전문학사 | AJ4: 37672 | AK4: =VALUE(LEFT($AD4,FIND("년",$AD4)-1)) -> 21 | AL4: =IF($AI4="전문학사",IF($AK4<=8,"초급",IF($AK4<12,"중급",IF($AK4<15,"고급",IF($AK4>=15,"특급"))))) -> 특급 | AM4: =IF(ISNUMBER(SEARCH("산업기사",$AT4)),IF($AK4>=13,"특급",IF($AK4>=10,"고급",IF($AK4>=7,"중급","초급"))),IF(ISNUMBER(SEARCH("기사",$AR4)),IF($AK4>=10,"특급",IF($AK4>=7,"고급",IF($AK4>=4,"중급","초급"))),"미해당")) -> 미해당 | AP4: ISTQB | AQ4: 2017.03 | AV4: 컴퓨터활용능력 워드프로세서 | AW4: ISTQB | AX4: 2017.03 | AY4: 아키텍처 | AZ4: 경영지원 | BA4: 기업은행 | BB4: 122-068082-01-018 | BC4: 처 | BD4: 010-9126-0218 | BE4: hk.kang@tbell.co.kr | BF4: 경기도 | BG4: 고양시 | BH4: 덕양구 | BI4: 덕양구 성신로99, 1909 1501호(행신동, 햇빛마을 19단지 공무원 아파트) | BJ4: =IFERROR(VLOOKUP($BG4,[1]프로젝트현황!Y:Z,2,0),"기타") -> 서북권 | BK4: =(IF(BF4="","",BF4&" "))&(IF(BG4="","",BG4&" "))&(IF(BH4="","",BH4&" "))&BI4 -> 경기도 고양시 덕양구 덕양구 성신로99, 1909 1501호(행신동, 햇빛마을 19단지 공무원 아파트) | BL4: 30 | BM4: 30 | BN4: 80000000 | BO4: =BP4*12 -> 80000000 | BP4: =BN4/12 -> 6666666.7 | BQ4: =BP4-BS4 -> 6466666.7 | BR4: 0 | BS4: 200000 | BT4: 0 | BU4: =IF($BN4="","", IFERROR( IF($BN4<'[1]시간외시간 기준표'!$B$2,0, IF($BN4>LOOKUP(9.9E+307,'[1]시간외시간 기준표'!$B$2:$B$999), LOOKUP(9.9E+307,'[1]시간외시간 기준표'!$C$2:$C$999), LOOKUP($BN4,'[1]시간외시간 기준표'!$B$2:$B$999,'[1]시간외시간 기준표'!$C$2:$C$999) ) ),0) ) -> 52 | BV4: =(BQ4+BS4)/209 -> 31897.927 | BW4: 30 | BX4: 30 | BY4: 80000000 | BZ4: =CA4*12 -> 80000000 | CA4: =BY4/12 -> 6666666.7 | CB4: =CA4-CD4 -> 6466666.7 | CC4: 0 | CD4: 200000 | CE4: 0 | CF4: 0 | CG4: =(CB4+CD4)/209 -> 31897.927 | CH4: 30 | CI4: 30 | CJ4: 80000000 | CK4: =CL4*12 -> 80000000 | CL4: =SUM(CM4:CO4) -> 6666666.7 | CM4: =ROUNDUP(CJ4/12*209/(209+CQ4*1.5)/CH4*CI4,-1)-CO4 -> 4654820 | CN4: =ROUNDUP(CJ4/12*(CQ4*1.5)/(209+CQ4*1.5)/CH4*CI4,1) -> 1811846.7 | CO4: 200000 | CP4: 209 | CQ4: =IF(CJ4<26000000,0,IF(CJ4<26500000,4,IF(CJ4<27000000,7,IF(CJ4<27500000,9,IF(CJ4<28000000,11,IF(CJ4<28500000,15,IF(CJ4<29000000,17,IF(CJ4<29500000,20,IF(CJ4<30000000,23,IF(CJ4<30500000,25,IF(CJ4<31000000,27,IF(CJ4<31500000,29,IF(CJ4<32000000,33,IF(CJ4<32500000,37,IF(CJ4<33000000,39,IF(CJ4<33500000,42,IF(CJ4<34000000,45,IF(CJ4<34500000,48,IF(CJ4<35000000,52,52))))))))))))))))))) -> 52 | CR4: =(CM4+CO4)/209 -> 23228.804 | CS4: 60000000 | CT4: =IFERROR(CS4/12,"") -> 5000000 | CU4: =IFERROR(CT4-CV4-CW4,"") -> 3441115 | CV4: =IFERROR(CT4*(CY4*1.5)/(209+(CY4*1.5)),"") -> 1358885 | CW4: 200000 | CX4: 209 | CY4: 52 | CZ4: =SUM(CX4:CY4) -> 261 | DA4: =IFERROR((CU4/209)+(CW4-(9620*209*0.01))/209,"") -> 17325.403 | DB4: =IFERROR((CU4+CW4)/209,"") -> 17421.603 | DC4: 2023 | DG4: =B4 -> 151201
A5: =ROW()-2 -> 3 | B5: 170702 | C5: 강성희 | E5: 선임 | F5: 정규직 | G5: 테스터 | H5: 3실 | I5: GS리테일 1팀 | J5: =+VLOOKUP($I5,[1]프로젝트현황!$I:$N,5,0) -> 서울시 | K5: =+VLOOKUP($I5,[1]프로젝트현황!$I:$N,6,0) -> 영등포구 | L5: 42926 | M5: 42926 | Q5: 830509-2065313 | R5: =LEFT(Q5,6) -> 830509 | S5: =MID($Q5,3,2) -> 05 | T5: =IF(OR(MID($Q5,8,1)="1",MID($Q5,8,1)="3"),"남자",IF(OR(MID($Q5,8,1)="2",MID($Q5,8,1)="4"),"여자","")) -> 여자 | U5: =YEAR(TODAY())-IF(OR(MID($Q5,8,1)="1",MID($Q5,8,1)="2"),19&LEFT($Q5,2),IF(OR(MID($Q5,8,1)="3",MID($Q5,8,1)="4"),20&LEFT($Q5,2),""))+1 -> 44 | V5: 양력 | W5: 한국 | X5: 010-9589-5859 | AB5: TBELL | AD5: =QUOTIENT(SUMPRODUCT(LEFT($AE5:$AF5,FIND("년",$AE5:$AF5)-1)*12+MID($AE5:$AF5,FIND("년",$AE5:$AF5)+1,FIND("개월",$AE5:$AF5)-FIND("년",$AE5:$AF5)-1)),12)&"년"&MOD(SUMPRODUCT(LEFT($AE5:$AF5,FIND("년",$AE5:$AF5)-1)*12+MID($AE5:$AF5,FIND("년",$AE5:$AF5)+1,FIND("개월",$AE5:$AF5)-FIND("년",$AE5:$AF5)-1)),12)&"개월" -> 13년4개월 | AE5: 4년 9개월 | AF5: =DATEDIF($L5,TODAY(),"y")&"년"&DATEDIF($L5,TODAY(),"ym")&"개월" -> 8년7개월 | AG5: 동원대학교 | AH5: 교육서비스문헌정보과 | AI5: 전문학사 | AJ5: 38765 | AK5: =VALUE(LEFT($AD5,FIND("년",$AD5)-1)) -> 13 | AL5: =IF($ABN3="전문학사",IF($AK5<=8,"초급",IF($AK5<12,"중급",IF($AK5<15,"고급",IF($AK5>=15,"특급"))))) -> FALSE | AM5: =IF(ISNUMBER(SEARCH("산업기사",$AT5)),IF($AK5>=13,"특급",IF($AK5>=10,"고급",IF($AK5>=7,"중급","초급"))),IF(ISNUMBER(SEARCH("기사",$AR5)),IF($AK5>=10,"특급",IF($AK5>=7,"고급",IF($AK5>=4,"중급","초급"))),"미해당")) -> 미해당 | AV5: 워드프로세스 2급 컴퓨터활용능력 3급 | AW5: 대한상공회의소 대한상공회의소 | AX5: 1999.11 2001.06 | AY5: IT기획 및 품질관리 | AZ5: 테스팅 엔지니어 | BA5: 기업은행 | BB5: 248-009498-01-029 | BC5: 모 | BD5: 010-2588-0245 | BE5: sh.kang@tbell.co.kr | BF5: 서울시 | BG5: 금천구 | BI5: 시흥대로94길 33-4 3층 (독산동 1058-20) | BJ5: =IFERROR(VLOOKUP($BG5,[1]프로젝트현황!Y:Z,2,0),"기타") -> 서남권 | BK5: =(IF(BF5="","",BF5&" "))&(IF(BG5="","",BG5&" "))&(IF(BH5="","",BH5&" "))&BBN3 -> 서울시 금천구 | BL5: 30 | BM5: 30 | BN5: 34000000 | BO5: =(BP5*12) -> 34000082 | BP5: =SUM(BQ5:BS5) -> 2833340.2 | BQ5: =ROUNDUP(BN5/12*209/(209+BU5*1.5)/BL5*BM5,-1)-BS5 -> 1965150 | BR5: =ROUNDUP(BN5/12*(BU5*1.5)/(209+BU5*1.5)/BL5*BM5,1) -> 668190.2 | BS5: 200000 | BT5: 209 | BU5: =IF($BN5="","", IFERROR( IF($BN5<'[1]시간외시간 기준표'!$B$2,0, IF($BN5>LOOKUP(9.9E+307,'[1]시간외시간 기준표'!$B$2:$B$999), LOOKUP(9.9E+307,'[1]시간외시간 기준표'!$C$2:$C$999), LOOKUP($BN5,'[1]시간외시간 기준표'!$B$2:$B$999,'[1]시간외시간 기준표'!$C$2:$C$999) ) ),0) ) -> 43 | BV5: =(BQ5+BS5)/209 -> 10359.569 | BW5: 30 | BX5: 30 | BY5: 34000000 | BZ5: =(CA5*12) -> 34000064 | CA5: =SUM(CB5:CD5) -> 2833338.7 | CB5: =ROUNDUP(BY5/12*209/(209+CF5*1.5)/BW5*BX5,-1)-CD5 -> 1907360 | CC5: =ROUNDUP(BY5/12*(CF5*1.5)/(209+CF5*1.5)/BW5*BX5,1) -> 725978.7 | CD5: 200000 | CE5: 209 | CF5: =IF(BY5<26000000,0,IF(BY5<26500000,4,IF(BY5<27000000,7,IF(BY5<27500000,9,IF(BY5<28000000,11,IF(BY5<28500000,15,IF(BY5<29000000,17,IF(BY5<29500000,20,IF(BY5<30000000,23,IF(BY5<30500000,25,IF(BY5<31000000,27,IF(BY5<31500000,29,IF(BY5<32000000,33,IF(BY5<32500000,37,IF(BY5<33000000,39,IF(BY5<33500000,42,IF(BY5<34000000,45,IF(BY5<34500000,48,IF(BY5<35000000,52,52))))))))))))))))))) -> 48 | CG5: =(CB5+CD5)/209 -> 10083.062 | CH5: 30 | CI5: 30 | CJ5: 33200000 | CK5: =CL5*12 -> 0 | CL5: =SUM(CM5:CO5) -> 0 | CM5: =ROUNDUP(CJ5/12*209/(209+CQ5*1.5)/CH5*CBN3,-1)-CO5 -> -200000 | CN5: =ROUNDUP(CJ5/12*(CQ5*1.5)/(209+CQ5*1.5)/CH5*CBN3,1) -> 0 | CO5: 200000 | CP5: 209 | CQ5: =IF(CJ5<26000000,0,IF(CJ5<26500000,4,IF(CJ5<27000000,7,IF(CJ5<27500000,9,IF(CJ5<28000000,11,IF(CJ5<28500000,15,IF(CJ5<29000000,17,IF(CJ5<29500000,20,IF(CJ5<30000000,23,IF(CJ5<30500000,25,IF(CJ5<31000000,27,IF(CJ5<31500000,29,IF(CJ5<32000000,33,IF(CJ5<32500000,37,IF(CJ5<33000000,39,IF(CJ5<33500000,42,IF(CJ5<34000000,45,IF(CJ5<34500000,48,IF(CJ5<35000000,52,52))))))))))))))))))) -> 42 | CR5: =(CM5+CO5)/209 -> 0 | CS5: 32000000 | CT5: =IFERROR(CS5/12,"") -> 2666666.7 | CU5: =IFERROR(CBX3-CV5-CW5,"") -> -200000 | CV5: =IFERROR(CBX3*(CY5*1.5)/(209+(CY5*1.5)),"") -> 0 | CW5: 200000 | CX5: 209 | CY5: 43 | CZ5: =SUM(CX5:CY5) -> 252 | DA5: =IFERROR((CU5/209)+(CW5-(9620*209*0.01))/209,"") -> -96.2 | DB5: =IFERROR((CU5+CW5)/209,"") -> 0 | DC5: 2023 | DG5: =B5 -> 170702
A6: =ROW()-2 -> 4 | B6: 170801 | C6: 서동한 | E6: 선임 | F6: 정규직 | G6: 테스터 | H6: 2실 | I6: 삼성카드 1팀 | J6: =+VLOOKUP($I6,[1]프로젝트현황!$I:$N,5,0) -> 서울시 | K6: =+VLOOKUP($I6,[1]프로젝트현황!$I:$N,6,0) -> 중구 | L6: 42948 | M6: 42948 | P6: Seo, Dang Han | Q6: 890218-1054222 | R6: =LEFT(Q6,6) -> 890218 | S6: 3 | T6: =IF(OR(MID($Q6,8,1)="1",MID($Q6,8,1)="3"),"남자",IF(OR(MID($Q6,8,1)="2",MID($Q6,8,1)="4"),"여자","")) -> 남자 | U6: =YEAR(TODAY())-IF(OR(MID($Q6,8,1)="1",MID($Q6,8,1)="2"),19&LEFT($Q6,2),IF(OR(MID($Q6,8,1)="3",MID($Q6,8,1)="4"),20&LEFT($Q6,2),""))+1 -> 38 | V6: 음력 | W6: 한국 | X6: 010-4101-4909 | Z6: 무 | AB6: TBELL | AD6: =QUOTIENT(SUMPRODUCT(LEFT($AE6:$AF6,FIND("년",$AE6:$AF6)-1)*12+MID($AE6:$AF6,FIND("년",$AE6:$AF6)+1,FIND("개월",$AE6:$AF6)-FIND("년",$AE6:$AF6)-1)),12)&"년"&MOD(SUMPRODUCT(LEFT($AE6:$AF6,FIND("년",$AE6:$AF6)-1)*12+MID($AE6:$AF6,FIND("년",$AE6:$AF6)+1,FIND("개월",$AE6:$AF6)-FIND("년",$AE6:$AF6)-1)),12)&"개월" -> 8년8개월 | AE6: 0년2개월 | AF6: =DATEDIF($L6,TODAY(),"y")&"년"&DATEDIF($L6,TODAY(),"ym")&"개월" -> 8년6개월 | AG6: 한신대학교 | AH6: 정보통신학 | AI6: 학사 | AJ6: 41684 | AK6: =VALUE(LEFT($AD6,FIND("년",$AD6)-1)) -> 8 | AL6: =IF($AI6="학사",IF($AK6<=5,"초급",IF($AK6<9,"중급",IF($AK6<12,"고급",IF($AK6>=12,"특급"))))) -> 중급 | AM6: =IF(ISNUMBER(SEARCH("산업기사",$AT6)),IF($AK6>=13,"특급",IF($AK6>=10,"고급",IF($AK6>=7,"중급","초급"))),IF(ISNUMBER(SEARCH("기사",$AR6)),IF($AK6>=10,"특급",IF($AK6>=7,"고급",IF($AK6>=4,"중급","초급"))),"미해당")) -> 미해당 | AV6: 네트워크관리사 2급 자동차운전면허 1종 보통 | AW6: 한국정보통신자격협회 경기지방경찰청 | AX6: 2012.12.11 2012.02.14 | AY6: IT기획 및 품질관리 | AZ6: 테스팅 엔지니어 | BA6: 기업은행 | BB6: 326-119130-01-010 | BC6: 부 | BD6: 010-5287-1237 | BE6: dh.seo@tbell.co.kr | BF6: 경기도 | BG6: 안산시 | BH6: 단원구 | BI6: 단원구 광덕3로 241, 4층 (고잔동 760-2) | BJ6: =IFERROR(VLOOKUP($BG6,[1]프로젝트현황!Y:Z,2,0),"기타") -> 서남권 | BK6: =(IF(BF6="","",BF6&" "))&(IF(BG6="","",BG6&" "))&(IF(BH6="","",BH6&" "))&BI6 -> 경기도 안산시 단원구 단원구 광덕3로 241, 4층 (고잔동 760-2) | BL6: 30 | BM6: 30 | BN6: 34000000 | BO6: =BP6*12 -> 34000082 | BP6: =SUM(BQ6:BS6) -> 2833340.2 | BQ6: =ROUNDUP(BN6/12*209/(209+BU6*1.5)/BL6*BM6,-1)-BS6 -> 1965150 | BR6: =ROUNDUP(BN6/12*(BU6*1.5)/(209+BU6*1.5)/BL6*BM6,1) -> 668190.2 | BS6: 200000 | BT6: 209 | BU6: =IF($BN6="","", IFERROR( IF($BN6<'[1]시간외시간 기준표'!$B$2,0, IF($BN6>LOOKUP(9.9E+307,'[1]시간외시간 기준표'!$B$2:$B$999), LOOKUP(9.9E+307,'[1]시간외시간 기준표'!$C$2:$C$999), LOOKUP($BN6,'[1]시간외시간 기준표'!$B$2:$B$999,'[1]시간외시간 기준표'!$C$2:$C$999) ) ),0) ) -> 43 | BV6: =(BQ6+BS6)/209 -> 10359.569 | BW6: 30 | BX6: 30 | BY6: 34000000 | BZ6: =CA6*12 -> 34000064 | CA6: =SUM(CB6:CD6) -> 2833338.7 | CB6: =ROUNDUP(BY6/12*209/(209+CF6*1.5)/BW6*BX6,-1)-CD6 -> 1907360 | CC6: =ROUNDUP(BY6/12*(CF6*1.5)/(209+CF6*1.5)/BW6*BX6,1) -> 725978.7 | CD6: 200000 | CE6: 209 | CF6: =IF(BY6<26000000,0,IF(BY6<26500000,4,IF(BY6<27000000,7,IF(BY6<27500000,9,IF(BY6<28000000,11,IF(BY6<28500000,15,IF(BY6<29000000,17,IF(BY6<29500000,20,IF(BY6<30000000,23,IF(BY6<30500000,25,IF(BY6<31000000,27,IF(BY6<31500000,29,IF(BY6<32000000,33,IF(BY6<32500000,37,IF(BY6<33000000,39,IF(BY6<33500000,42,IF(BY6<34000000,45,IF(BY6<34500000,48,IF(BY6<35000000,52,52))))))))))))))))))) -> 48 | CG6: =(CB6+CD6)/209 -> 10083.062 | CH6: 30 | CI6: 30 | CJ6: 33200000 | CK6: =CL6*12 -> 33200027 | CL6: =SUM(CM6:CO6) -> 2766668.9 | CM6: =ROUNDUP(CJ6/12*209/(209+CQ6*1.5)/CH6*CI6,-1)-CO6 -> 1925860 | CN6: =ROUNDUP(CJ6/12*(CQ6*1.5)/(209+CQ6*1.5)/CH6*CI6,1) -> 640808.9 | CO6: 200000 | CP6: 209 | CQ6: =IF(CJ6<26000000,0,IF(CJ6<26500000,4,IF(CJ6<27000000,7,IF(CJ6<27500000,9,IF(CJ6<28000000,11,IF(CJ6<28500000,15,IF(CJ6<29000000,17,IF(CJ6<29500000,20,IF(CJ6<30000000,23,IF(CJ6<30500000,25,IF(CJ6<31000000,27,IF(CJ6<31500000,29,IF(CJ6<32000000,33,IF(CJ6<32500000,37,IF(CJ6<33000000,39,IF(CJ6<33500000,42,IF(CJ6<34000000,45,IF(CJ6<34500000,48,IF(CJ6<35000000,52,52))))))))))))))))))) -> 42 | CR6: =(CM6+CO6)/209 -> 10171.579 | CS6: 32000000 | CT6: =IFERROR(CS6/12,"") -> 2666666.7 | CU6: =IFERROR(CT6-CV6-CW6,"") -> 1837781.8 | CV6: =IFERROR(CT6*(CY6*1.5)/(209+(CY6*1.5)),"") -> 628884.83 | CW6: 200000 | CX6: 209 | CY6: 43 | CZ6: =SUM(CX6:CY6) -> 252 | DA6: =IFERROR((CU6/209)+(CW6-(9620*209*0.01))/209,"") -> 9653.9523 | DB6: =IFERROR((CU6+CW6)/209,"") -> 9750.1523 | DC6: 2023 | DG6: =B6 -> 170801
A7: =ROW()-2 -> 5 | B7: 170803 | C7: 조현균 | D7: 팀장 | E7: 책임 | F7: 정규직 | G7: 테스터 | H7: 3실 | I7: GS리테일 1팀 | J7: =+VLOOKUP($I7,[1]프로젝트현황!$I:$N,5,0) -> 서울시 | K7: =+VLOOKUP($I7,[1]프로젝트현황!$I:$N,6,0) -> 영등포구 | L7: 42948 | M7: 42948 | P7: Cho, Hyun Gyun | Q7: 860429-1382113 | R7: =LEFT(Q7,6) -> 860429 | S7: =MID($Q7,3,2) -> 04 | T7: =IF(OR(MID($Q7,8,1)="1",MID($Q7,8,1)="3"),"남자",IF(OR(MID($Q7,8,1)="2",MID($Q7,8,1)="4"),"여자","")) -> 남자 | U7: =YEAR(TODAY())-IF(OR(MID($Q7,8,1)="1",MID($Q7,8,1)="2"),19&LEFT($Q7,2),IF(OR(MID($Q7,8,1)="3",MID($Q7,8,1)="4"),20&LEFT($Q7,2),""))+1 -> 41 | V7: 양력 | W7: 한국 | X7: 010-8903-8016 | AB7: TBELL | AD7: =QUOTIENT(SUMPRODUCT(LEFT($AE7:$AF7,FIND("년",$AE7:$AF7)-1)*12+MID($AE7:$AF7,FIND("년",$AE7:$AF7)+1,FIND("개월",$AE7:$AF7)-FIND("년",$AE7:$AF7)-1)),12)&"년"&MOD(SUMPRODUCT(LEFT($AE7:$AF7,FIND("년",$AE7:$AF7)-1)*12+MID($AE7:$AF7,FIND("년",$AE7:$AF7)+1,FIND("개월",$AE7:$AF7)-FIND("년",$AE7:$AF7)-1)),12)&"개월" -> 16년11개월 | AE7: 8년 5개월 | AF7: =DATEDIF($L7,TODAY(),"y")&"년"&DATEDIF($L7,TODAY(),"ym")&"개월" -> 8년6개월 | AG7: 두원공과대 | AH7: 정보통신미디어계열 | AI7: 전문학사 | AJ7: 39492 | AK7: =VALUE(LEFT($AD7,FIND("년",$AD7)-1)) -> 16 | AL7: =IF($AI7="전문학사",IF($AK7<=8,"초급",IF($AK7<12,"중급",IF($AK7<15,"고급",IF($AK7>=15,"특급"))))) -> 특급 | AM7: =IF(ISNUMBER(SEARCH("산업기사",$AT7)),IF($AK7>=13,"특급",IF($AK7>=10,"고급",IF($AK7>=7,"중급","초급"))),IF(ISNUMBER(SEARCH("기사",$AR7)),IF($AK7>=10,"특급",IF($AK7>=7,"고급",IF($AK7>=4,"중급","초급"))),"미해당")) -> 미해당 | AN7: CSTS | AO7: 44794 | AP7: ISTQB | AQ7: 44035 | AW7: KSTQB 한국정보통신기술협회 | AX7: 2020.07 2021.09.03 | AY7: IT기획 및 품질관리 | AZ7: 테스팅 엔지니어 | BA7: 기업은행 | BB7: 607-022578-01-018 | BC7: 모 | BD7: 010-4931-8016 | BE7: hg.cho@tbell.co.kr | BF7: 경기도 | BG7: 수원시 | BH7: 팔달구 | BI7: 경수대로 534, 102동 401호 (인계동 945, 인계극동스타클래스) | BJ7: =IFERROR(VLOOKUP($BG7,[1]프로젝트현황!Y:Z,2,0),"기타") -> 동남권 | BK7: =(IF(BF7="","",BF7&" "))&(IF(BG7="","",BG7&" "))&(IF(BH7="","",BH7&" "))&BI7 -> 경기도 수원시 팔달구 경수대로 534, 102동 401호 (인계동 945, 인계극동스타클래스) | BL7: 30 | BM7: 30 | BN7: 39000000 | BO7: =BP7*12 -> 39000064 | BP7: =SUM(BQ7:BS7) -> 3250005.3 | BQ7: =ROUNDUP(BN7/12*209/(209+BU7*1.5)/BL7*BM7,-1)-BS7 -> 2166730 | BR7: =ROUNDUP(BN7/12*(BU7*1.5)/(209+BU7*1.5)/BL7*BM7,1) -> 883275.3 | BS7: 200000 | BT7: 209 | BU7: =IF($BN7="","", IFERROR( IF($BN7<'[1]시간외시간 기준표'!$B$2,0, IF($BN7>LOOKUP(9.9E+307,'[1]시간외시간 기준표'!$B$2:$B$999), LOOKUP(9.9E+307,'[1]시간외시간 기준표'!$C$2:$C$999), LOOKUP($BN7,'[1]시간외시간 기준표'!$B$2:$B$999,'[1]시간외시간 기준표'!$C$2:$C$999) ) ),0) ) -> 52 | BV7: =(BQ7+BS7)/209 -> 11324.067 | BW7: 30 | BX7: 30 | BY7: 39000000 | BZ7: =CA7*12 -> 39000064 | CA7: =SUM(CB7:CD7) -> 3250005.3 | CB7: =ROUNDUP(BY7/12*209/(209+CF7*1.5)/BW7*BX7,-1)-CD7 -> 2166730 | CC7: =ROUNDUP(BY7/12*(CF7*1.5)/(209+CF7*1.5)/BW7*BX7,1) -> 883275.3 | CD7: 200000 | CE7: 209 | CF7: =IF(BY7<26000000,0,IF(BY7<26500000,4,IF(BY7<27000000,7,IF(BY7<27500000,9,IF(BY7<28000000,11,IF(BY7<28500000,15,IF(BY7<29000000,17,IF(BY7<29500000,20,IF(BY7<30000000,23,IF(BY7<30500000,25,IF(BY7<31000000,27,IF(BY7<31500000,29,IF(BY7<32000000,33,IF(BY7<32500000,37,IF(BY7<33000000,39,IF(BY7<33500000,42,IF(BY7<34000000,45,IF(BY7<34500000,48,IF(BY7<35000000,52,52))))))))))))))))))) -> 52 | CG7: =(CB7+CD7)/209 -> 11324.067 | CH7: 30 | CI7: 30 | CJ7: 38200000 | CK7: =CL7*12 -> 38200042 | CL7: =SUM(CM7:CO7) -> 3183336.8 | CM7: =ROUNDUP(CJ7/12*209/(209+CQ7*1.5)/CH7*CI7,-1)-CO7 -> 2118180 | CN7: =ROUNDUP(CJ7/12*(CQ7*1.5)/(209+CQ7*1.5)/CH7*CI7,1) -> 865156.8 | CO7: 200000 | CP7: 209 | CQ7: =IF(CJ7<26000000,0,IF(CJ7<26500000,4,IF(CJ7<27000000,7,IF(CJ7<27500000,9,IF(CJ7<28000000,11,IF(CJ7<28500000,15,IF(CJ7<29000000,17,IF(CJ7<29500000,20,IF(CJ7<30000000,23,IF(CJ7<30500000,25,IF(CJ7<31000000,27,IF(CJ7<31500000,29,IF(CJ7<32000000,33,IF(CJ7<32500000,37,IF(CJ7<33000000,39,IF(CJ7<33500000,42,IF(CJ7<34000000,45,IF(CJ7<34500000,48,IF(CJ7<35000000,52,52))))))))))))))))))) -> 52 | CR7: =(CM7+CO7)/209 -> 11091.77 | CS7: 37000000 | CT7: =IFERROR(CS7/12,"") -> 3083333.3 | CU7: =IFERROR(CT7-CV7-CW7,"") -> 2045354.2 | CV7: =IFERROR(CT7*(CY7*1.5)/(209+(CY7*1.5)),"") -> 837979.09 | CW7: 200000 | CX7: 209 | CY7: 52 | CZ7: =SUM(CX7:CY7) -> 261 | DA7: =IFERROR((CU7/209)+(CW7-(9620*209*0.01))/209,"") -> 10647.122 | DB7: =IFERROR((CU7+CW7)/209,"") -> 10743.322 | DC7: 2023 | DG7: =B7 -> 170803
A8: =ROW()-2 -> 6 | B8: 170904 | C8: 조소영 | E8: 선임 | F8: 정규직 | G8: 테스터 | H8: 3실 | I8: GS리테일 6팀 | J8: =+VLOOKUP($I8,[1]프로젝트현황!$I:$N,5,0) -> 서울시 | K8: =+VLOOKUP($I8,[1]프로젝트현황!$I:$N,6,0) -> 영등포구 | L8: 42982 | M8: 42982 | P8: Jo, So Young | Q8: 900424-2163820 | R8: =LEFT(Q8,6) -> 900424 | S8: =MID($Q8,3,2) -> 04 | T8: =IF(OR(MID($Q8,8,1)="1",MID($Q8,8,1)="3"),"남자",IF(OR(MID($Q8,8,1)="2",MID($Q8,8,1)="4"),"여자","")) -> 여자 | U8: =YEAR(TODAY())-IF(OR(MID($Q8,8,1)="1",MID($Q8,8,1)="2"),19&LEFT($Q8,2),IF(OR(MID($Q8,8,1)="3",MID($Q8,8,1)="4"),20&LEFT($Q8,2),""))+1 -> 37 | V8: 양력 | W8: 한국 | X8: 010-9189-7381 | Z8: 무 | AB8: TBELL | AD8: =QUOTIENT(SUMPRODUCT(LEFT($AE8:$AF8,FIND("년",$AE8:$AF8)-1)*12+MID($AE8:$AF8,FIND("년",$AE8:$AF8)+1,FIND("개월",$AE8:$AF8)-FIND("년",$AE8:$AF8)-1)),12)&"년"&MOD(SUMPRODUCT(LEFT($AE8:$AF8,FIND("년",$AE8:$AF8)-1)*12+MID($AE8:$AF8,FIND("년",$AE8:$AF8)+1,FIND("개월",$AE8:$AF8)-FIND("년",$AE8:$AF8)-1)),12)&"개월" -> 13년1개월 | AE8: 4년 8개월 | AF8: =DATEDIF($L8,TODAY(),"y")&"년"&DATEDIF($L8,TODAY(),"ym")&"개월" -> 8년5개월 | AG8: 용인송담대학교 | AH8: 멀티미디어영상과 | AI8: 전문학사 | AJ8: 40585 | AK8: =VALUE(LEFT($AD8,FIND("년",$AD8)-1)) -> 13 | AL8: =IF($AI8="전문학사",IF($AK8<=8,"초급",IF($AK8<12,"중급",IF($AK8<15,"고급",IF($AK8>=15,"특급"))))) -> 고급 | AM8: =IF(ISNUMBER(SEARCH("산업기사",$AT8)),IF($AK8>=13,"특급",IF($AK8>=10,"고급",IF($AK8>=7,"중급","초급"))),IF(ISNUMBER(SEARCH("기사",$AR8)),IF($AK8>=10,"특급",IF($AK8>=7,"고급",IF($AK8>=4,"중급","초급"))),"미해당")) -> 미해당 | AV8: 워드프로세스 MOS Excel 2003 MOS Powerpoint 2003 | AW8: 대한상공회의소 MS MS | AX8: 2001.12.26 2010.09.17 2010.10.01 | AY8: IT기획 및 품질관리 | AZ8: 테스팅 엔지니어 | BA8: 기업은행 | BB8: 065-135562-01-013 | BC8: 모 | BD8: 010-5039-9118 | BE8: sy.jo@tbell.co.kr | BF8: 경기도 | BG8: 수원시 | BH8: 권선구 | BI8: 경수대로 302번길 29, 4동 501호 (권선제2동 1185-1, 권선삼성아파트) | BJ8: =IFERROR(VLOOKUP($BG8,[1]프로젝트현황!Y:Z,2,0),"기타") -> 동남권 | BK8: =(IF(BF8="","",BF8&" "))&(IF(BG8="","",BG8&" "))&(IF(BH8="","",BH8&" "))&BI8 -> 경기도 수원시 권선구 경수대로 302번길 29, 4동 501호 (권선제2동 1185-1, 권선삼성아파트) | BL8: 30 | BM8: 30 | BN8: 36400000 | BO8: =BP8*12 -> 36400084 | BP8: =SUM(BQ8:BS8) -> 3033340.3 | BQ8: =ROUNDUP(BN8/12*209/(209+BU8*1.5)/BL8*BM8,-1)-BS8 -> 2008950 | BR8: =ROUNDUP(BN8/12*(BU8*1.5)/(209+BU8*1.5)/BL8*BM8,1) -> 824390.3 | BS8: 200000 | BT8: 209 | BU8: =IF($BN8="","", IFERROR( IF($BN8<'[1]시간외시간 기준표'!$B$2,0, IF($BN8>LOOKUP(9.9E+307,'[1]시간외시간 기준표'!$B$2:$B$999), LOOKUP(9.9E+307,'[1]시간외시간 기준표'!$C$2:$C$999), LOOKUP($BN8,'[1]시간외시간 기준표'!$B$2:$B$999,'[1]시간외시간 기준표'!$C$2:$C$999) ) ),0) ) -> 52 | BV8: =(BQ8+BS8)/209 -> 10569.139 | BW8: 30 | BX8: 30 | BY8: 36400000 | BZ8: =CA8*12 -> 36400084 | CA8: =SUM(CB8:CD8) -> 3033340.3 | CB8: =ROUNDUP(BY8/12*209/(209+CF8*1.5)/BW8*BX8,-1)-CD8 -> 2008950 | CC8: =ROUNDUP(BY8/12*(CF8*1.5)/(209+CF8*1.5)/BW8*BX8,1) -> 824390.3 | CD8: 200000 | CE8: 209 | CF8: =IF(BY8<26000000,0,IF(BY8<26500000,4,IF(BY8<27000000,7,IF(BY8<27500000,9,IF(BY8<28000000,11,IF(BY8<28500000,15,IF(BY8<29000000,17,IF(BY8<29500000,20,IF(BY8<30000000,23,IF(BY8<30500000,25,IF(BY8<31000000,27,IF(BY8<31500000,29,IF(BY8<32000000,33,IF(BY8<32500000,37,IF(BY8<33000000,39,IF(BY8<33500000,42,IF(BY8<34000000,45,IF(BY8<34500000,48,IF(BY8<35000000,52,52))))))))))))))))))) -> 52 | CG8: =(CB8+CD8)/209 -> 10569.139 | CH8: 30 | CI8: 30 | CJ8: 35600000 | CK8: =CL8*12 -> 35600062 | CL8: =SUM(CM8:CO8) -> 2966671.8 | CM8: =ROUNDUP(CJ8/12*209/(209+CQ8*1.5)/CH8*CI8,-1)-CO8 -> 1960400 | CN8: =ROUNDUP(CJ8/12*(CQ8*1.5)/(209+CQ8*1.5)/CH8*CI8,1) -> 806271.8 | CO8: 200000 | CP8: 209 | CQ8: =IF(CJ8<26000000,0,IF(CJ8<26500000,4,IF(CJ8<27000000,7,IF(CJ8<27500000,9,IF(CJ8<28000000,11,IF(CJ8<28500000,15,IF(CJ8<29000000,17,IF(CJ8<29500000,20,IF(CJ8<30000000,23,IF(CJ8<30500000,25,IF(CJ8<31000000,27,IF(CJ8<31500000,29,IF(CJ8<32000000,33,IF(CJ8<32500000,37,IF(CJ8<33000000,39,IF(CJ8<33500000,42,IF(CJ8<34000000,45,IF(CJ8<34500000,48,IF(CJ8<35000000,52,52))))))))))))))))))) -> 52 | CR8: =(CM8+CO8)/209 -> 10336.842 | CS8: 35000000 | CT8: =IFERROR(CS8/12,"") -> 2916666.7 | CU8: =IFERROR(CT8-CV8-CW8,"") -> 1923983.7 | CV8: =IFERROR(CT8*(CY8*1.5)/(209+(CY8*1.5)),"") -> 792682.93 | CW8: 200000 | CX8: 209 | CY8: 52 | CZ8: =SUM(CX8:CY8) -> 261 | DA8: =IFERROR((CU8/209)+(CW8-(9620*209*0.01))/209,"") -> 10066.402 | DB8: =IFERROR((CU8+CW8)/209,"") -> 10162.602 | DC8: 2023 | DD8: 동결 | DG8: =B8 -> 170904
A9: =ROW()-2 -> 7 | B9: 180501 | C9: 정성우 | D9: 팀장 | E9: 책임 | F9: 정규직 | G9: 테스터 | H9: 2실 | I9: 반티바 1팀 | J9: =+VLOOKUP($I9,[1]프로젝트현황!$I:$N,5,0) -> 경기도 | K9: =+VLOOKUP($I9,[1]프로젝트현황!$I:$N,6,0) -> 성남시 | L9: 43244 | M9: 43244 | P9: Jung, Sung Woo | Q9: 810306-1167610 | R9: =LEFT(Q9,6) -> 810306 | S9: =MID($Q9,3,2) -> 03 | T9: =IF(OR(MID($Q9,8,1)="1",MID($Q9,8,1)="3"),"남자",IF(OR(MID($Q9,8,1)="2",MID($Q9,8,1)="4"),"여자","")) -> 남자 | U9: =YEAR(TODAY())-IF(OR(MID($Q9,8,1)="1",MID($Q9,8,1)="2"),19&LEFT($Q9,2),IF(OR(MID($Q9,8,1)="3",MID($Q9,8,1)="4"),20&LEFT($Q9,2),""))+1 -> 46 | V9: 양력 | W9: 한국 | X9: 010-5547-9612 | AB9: TBELL | AD9: =QUOTIENT(SUMPRODUCT(LEFT($AE9:$AF9,FIND("년",$AE9:$AF9)-1)*12+MID($AE9:$AF9,FIND("년",$AE9:$AF9)+1,FIND("개월",$AE9:$AF9)-FIND("년",$AE9:$AF9)-1)),12)&"년"&MOD(SUMPRODUCT(LEFT($AE9:$AF9,FIND("년",$AE9:$AF9)-1)*12+MID($AE9:$AF9,FIND("년",$AE9:$AF9)+1,FIND("개월",$AE9:$AF9)-FIND("년",$AE9:$AF9)-1)),12)&"개월" -> 17년6개월 | AE9: 9년 10개월 | AF9: =DATEDIF($L9,TODAY(),"y")&"년"&DATEDIF($L9,TODAY(),"ym")&"개월" -> 7년8개월 | AG9: 용인송담대학교 | AH9: 정보통신과 | AI9: 전문학사 | AJ9: 38401 | AK9: =VALUE(LEFT($AD9,FIND("년",$AD9)-1)) -> 17 | AL9: =IF($AI9="전문학사",IF($AK9<=8,"초급",IF($AK9<12,"중급",IF($AK9<15,"고급",IF($AK9>=15,"특급"))))) -> 특급 | AM9: =IF(ISNUMBER(SEARCH("산업기사",$AT9)),IF($AK9>=13,"특급",IF($AK9>=10,"고급",IF($AK9>=7,"중급","초급"))),IF(ISNUMBER(SEARCH("기사",$AR9)),IF($AK9>=10,"특급",IF($AK9>=7,"고급",IF($AK9>=4,"중급","초급"))),"미해당")) -> 미해당 | AV9: 정보기기운용기능사 정보처리기능사 무선통신기능사 워드프로세서 1급 교원자격증(실기교사-통신) 新JLPT N2 | AW9: 한국산업인력공단 한국산업인력공단 한국산업인력공단 대한상공회의소 교원인적자원부 국제교류기금 | AX9: 1999.04 1999.06 1999.07 1999.11 2005.02 2017.08 | AY9: IT기획 및 품질관리 | AZ9: 테스팅 엔지니어 | BA9: 기업은행 | BB9: 013-125229-01-010 | BC9: 모 | BD9: 010-9382-9612 | BE9: sw.jung@tbell.co.kr | BF9: 경기도 | BG9: 성남시 | BH9: 수정구 | BI9: 수정로 251번길 22 신원빌리지 102동 302호 | BJ9: =IFERROR(VLOOKUP($BG9,[1]프로젝트현황!Y:Z,2,0),"기타") -> 동남권 | BK9: =(IF(BF9="","",BF9&" "))&(IF(BG9="","",BG9&" "))&(IF(BH9="","",BH9&" "))&BI9 -> 경기도 성남시 수정구 수정로 251번길 22 신원빌리지 102동 302호 | BL9: 30 | BM9: 30 | BN9: 39600000 | BO9: =BP9*12 -> 39600050 | BP9: =SUM(BQ9:BS9) -> 3300004.2 | BQ9: =ROUNDUP(BN9/12*209/(209+BU9*1.5)/BL9*BM9,-1)-BS9 -> 2203140 | BR9: =ROUNDUP(BN9/12*(BU9*1.5)/(209+BU9*1.5)/BL9*BM9,1) -> 896864.2 | BS9: 200000 | BT9: 209 | BU9: =IF($BN9="","", IFERROR( IF($BN9<'[1]시간외시간 기준표'!$B$2,0, IF($BN9>LOOKUP(9.9E+307,'[1]시간외시간 기준표'!$B$2:$B$999), LOOKUP(9.9E+307,'[1]시간외시간 기준표'!$C$2:$C$999), LOOKUP($BN9,'[1]시간외시간 기준표'!$B$2:$B$999,'[1]시간외시간 기준표'!$C$2:$C$999) ) ),0) ) -> 52 | BV9: =(BQ9+BS9)/209 -> 11498.278 | BW9: 30 | BX9: 30 | BY9: 39600000 | BZ9: =CA9*12 -> 39600050 | CA9: =SUM(CB9:CD9) -> 3300004.2 | CB9: =ROUNDUP(BY9/12*209/(209+CF9*1.5)/BW9*BX9,-1)-CD9 -> 2203140 | CC9: =ROUNDUP(BY9/12*(CF9*1.5)/(209+CF9*1.5)/BW9*BX9,1) -> 896864.2 | CD9: 200000 | CE9: 209 | CF9: =IF(BY9<26000000,0,IF(BY9<26500000,4,IF(BY9<27000000,7,IF(BY9<27500000,9,IF(BY9<28000000,11,IF(BY9<28500000,15,IF(BY9<29000000,17,IF(BY9<29500000,20,IF(BY9<30000000,23,IF(BY9<30500000,25,IF(BY9<31000000,27,IF(BY9<31500000,29,IF(BY9<32000000,33,IF(BY9<32500000,37,IF(BY9<33000000,39,IF(BY9<33500000,42,IF(BY9<34000000,45,IF(BY9<34500000,48,IF(BY9<35000000,52,52))))))))))))))))))) -> 52 | CG9: =(CB9+CD9)/209 -> 11498.278 | CH9: 30 | CI9: 30 | CJ9: 38800000 | CK9: =CL9*12 -> 38800028 | CL9: =SUM(CM9:CO9) -> 3233335.7 | CM9: =ROUNDUP(CJ9/12*209/(209+CQ9*1.5)/CH9*CI9,-1)-CO9 -> 2154590 | CN9: =ROUNDUP(CJ9/12*(CQ9*1.5)/(209+CQ9*1.5)/CH9*CI9,1) -> 878745.7 | CO9: 200000 | CP9: 209 | CQ9: =IF(CJ9<26000000,0,IF(CJ9<26500000,4,IF(CJ9<27000000,7,IF(CJ9<27500000,9,IF(CJ9<28000000,11,IF(CJ9<28500000,15,IF(CJ9<29000000,17,IF(CJ9<29500000,20,IF(CJ9<30000000,23,IF(CJ9<30500000,25,IF(CJ9<31000000,27,IF(CJ9<31500000,29,IF(CJ9<32000000,33,IF(CJ9<32500000,37,IF(CJ9<33000000,39,IF(CJ9<33500000,42,IF(CJ9<34000000,45,IF(CJ9<34500000,48,IF(CJ9<35000000,52,52))))))))))))))))))) -> 52 | CR9: =(CM9+CO9)/209 -> 11265.981 | CS9: 37000000 | CT9: =IFERROR(CS9/12,"") -> 3083333.3 | CU9: =IFERROR(CT9-CV9-CW9,"") -> 2045354.2 | CV9: =IFERROR(CT9*(CY9*1.5)/(209+(CY9*1.5)),"") -> 837979.09 | CW9: 200000 | CX9: 209 | CY9: 52 | CZ9: =SUM(CX9:CY9) -> 261 | DA9: =IFERROR((CU9/209)+(CW9-(9620*209*0.01))/209,"") -> 10647.122 | DB9: =IFERROR((CU9+CW9)/209,"") -> 10743.322 | DC9: 2023 | DG9: =B9 -> 180501
A10: =ROW()-2 -> 8 | B10: 180601 | C10: 전광희 | D10: 팀장 | E10: 선임 | F10: 정규직 | G10: 테스터 | H10: 1실 | I10: LG전자 1팀 | J10: =+VLOOKUP($I10,[1]프로젝트현황!$I:$N,5,0) -> 서울시 | K10: =+VLOOKUP($I10,[1]프로젝트현황!$I:$N,6,0) -> 강서구 | L10: 43262 | M10: 43262 | P10: Jeon, Gwang Hee | Q10: 920409-1187228 | R10: =LEFT(Q10,6) -> 920409 | S10: =MID($Q10,3,2) -> 04 | T10: =IF(OR(MID($Q10,8,1)="1",MID($Q10,8,1)="3"),"남자",IF(OR(MID($Q10,8,1)="2",MID($Q10,8,1)="4"),"여자","")) -> 남자 | U10: =YEAR(TODAY())-IF(OR(MID($Q10,8,1)="1",MID($Q10,8,1)="2"),19&LEFT($Q10,2),IF(OR(MID($Q10,8,1)="3",MID($Q10,8,1)="4"),20&LEFT($Q10,2),""))+1 -> 35 | V10: 양력 | W10: 한국 | X10: 010-4168-4630 | Z10: 무 | AB10: TBELL | AD10: =QUOTIENT(SUMPRODUCT(LEFT($AE10:$AF10,FIND("년",$AE10:$AF10)-1)*12+MID($AE10:$AF10,FIND("년",$AE10:$AF10)+1,FIND("개월",$AE10:$AF10)-FIND("년",$AE10:$AF10)-1)),12)&"년"&MOD(SUMPRODUCT(LEFT($AE10:$AF10,FIND("년",$AE10:$AF10)-1)*12+MID($AE10:$AF10,FIND("년",$AE10:$AF10)+1,FIND("개월",$AE10:$AF10)-FIND("년",$AE10:$AF10)-1)),12)&"개월" -> 9년4개월 | AE10: 1년 8개월 | AF10: =DATEDIF($L10,TODAY(),"y")&"년"&DATEDIF($L10,TODAY(),"ym")&"개월" -> 7년8개월 | AG10: 용인송담대학교 | AH10: 컴퓨터게임과 | AI10: 전문학사 | AJ10: 42412 | AK10: =VALUE(LEFT($AD10,FIND("년",$AD10)-1)) -> 9 | AL10: =IF($AI10="전문학사",IF($AK10<=8,"초급",IF($AK10<12,"중급",IF($AK10<15,"고급",IF($AK10>=15,"특급"))))) -> 중급 | AM10: =IF(ISNUMBER(SEARCH("산업기사",$AT10)),IF($AK10>=13,"특급",IF($AK10>=10,"고급",IF($AK10>=7,"중급","초급"))),IF(ISNUMBER(SEARCH("기사",$AR10)),IF($AK10>=10,"특급",IF($AK10>=7,"고급",IF($AK10>=4,"중급","초급"))),"미해당")) -> 미해당 | AY10: IT기획 및 품질관리 | AZ10: 테스팅 엔지니어 | BA10: 기업은행 | BB10: 534-026781-01-015 | BC10: 모 | BD10: 010-2657-4630 | BE10: gh.jeon@tbell.co.kr | BF10: 서울시 | BG10: 구로구 | BI10: 부일로17길 147 4층 | BJ10: =IFERROR(VLOOKUP($BG10,[1]프로젝트현황!Y:Z,2,0),"기타") -> 서남권 | BK10: =(IF(BF10="","",BF10&" "))&(IF(BG10="","",BG10&" "))&(IF(BH10="","",BH10&" "))&BI10 -> 서울시 구로구 부일로17길 147 4층 | BL10: 30 | BM10: 30 | BN10: 34600000 | BO10: =BP10*12 -> 34600050 | BP10: =SUM(BQ10:BS10) -> 2883337.5 | BQ10: =ROUNDUP(BN10/12*209/(209+BU10*1.5)/BL10*BM10,-1)-BS10 -> 1967690 | BR10: =ROUNDUP(BN10/12*(BU10*1.5)/(209+BU10*1.5)/BL10*BM10,1) -> 715647.5 | BS10: 200000 | BT10: 209 | BU10: =IF($BN10="","", IFERROR( IF($BN10<'[1]시간외시간 기준표'!$B$2,0, IF($BN10>LOOKUP(9.9E+307,'[1]시간외시간 기준표'!$B$2:$B$999), LOOKUP(9.9E+307,'[1]시간외시간 기준표'!$C$2:$C$999), LOOKUP($BN10,'[1]시간외시간 기준표'!$B$2:$B$999,'[1]시간외시간 기준표'!$C$2:$C$999) ) ),0) ) -> 46 | BV10: =(BQ10+BS10)/209 -> 10371.722 | BW10: 30 | BX10: 30 | BY10: 34600000 | BZ10: =CA10*12 -> 34600004 | CA10: =SUM(CB10:CD10) -> 2883333.7 | CB10: =ROUNDUP(BY10/12*209/(209+CF10*1.5)/BW10*BX10,-1)-CD10 -> 1899710 | CC10: =ROUNDUP(BY10/12*(CF10*1.5)/(209+CF10*1.5)/BW10*BX10,1) -> 783623.7 | CD10: 200000 | CE10: 209 | CF10: =IF(BY10<26000000,0,IF(BY10<26500000,4,IF(BY10<27000000,7,IF(BY10<27500000,9,IF(BY10<28000000,11,IF(BY10<28500000,15,IF(BY10<29000000,17,IF(BY10<29500000,20,IF(BY10<30000000,23,IF(BY10<30500000,25,IF(BY10<31000000,27,IF(BY10<31500000,29,IF(BY10<32000000,33,IF(BY10<32500000,37,IF(BY10<33000000,39,IF(BY10<33500000,42,IF(BY10<34000000,45,IF(BY10<34500000,48,IF(BY10<35000000,52,52))))))))))))))))))) -> 52 | CG10: =(CB10+CD10)/209 -> 10046.459 | CH10: 30 | CI10: 30 | CJ10: 33800000 | CK10: =CL10*12 -> 33800077 | CL10: =SUM(CM10:CO10) -> 2816673.1 | CM10: =ROUNDUP(CJ10/12*209/(209+CQ10*1.5)/CH10*CI10,-1)-CO10 -> 1929060 | CN10: =ROUNDUP(CJ10/12*(CQ10*1.5)/(209+CQ10*1.5)/CH10*CI10,1) -> 687613.1 | CO10: 200000 | CP10: 209 | CQ10: =IF(CJ10<26000000,0,IF(CJ10<26500000,4,IF(CJ10<27000000,7,IF(CJ10<27500000,9,IF(CJ10<28000000,11,IF(CJ10<28500000,15,IF(CJ10<29000000,17,IF(CJ10<29500000,20,IF(CJ10<30000000,23,IF(CJ10<30500000,25,IF(CJ10<31000000,27,IF(CJ10<31500000,29,IF(CJ10<32000000,33,IF(CJ10<32500000,37,IF(CJ10<33000000,39,IF(CJ10<33500000,42,IF(CJ10<34000000,45,IF(CJ10<34500000,48,IF(CJ10<35000000,52,52))))))))))))))))))) -> 45 | CR10: =(CM10+CO10)/209 -> 10186.89 | CS10: 32000000 | CT10: =IFERROR(CS10/12,"") -> 2666666.7 | CU10: =IFERROR(CT10-CV10-CW10,"") -> 1837781.8 | CV10: =IFERROR(CT10*(CY10*1.5)/(209+(CY10*1.5)),"") -> 628884.83 | CW10: 200000 | CX10: 209 | CY10: 43 | CZ10: =SUM(CX10:CY10) -> 252 | DA10: =IFERROR((CU10/209)+(CW10-(9620*209*0.01))/209,"") -> 9653.9523 | DB10: =IFERROR((CU10+CW10)/209,"") -> 9750.1523 | DC10: 2023 | DG10: =B10 -> 180601
A11: =ROW()-2 -> 9 | B11: 190102 | C11: 김재완 | E11: 선임 | F11: 정규직 | G11: 테스터 | H11: 2실 | I11: 블루월넛 1팀 | J11: =+VLOOKUP($I11,[1]프로젝트현황!$I:$N,5,0) -> 서울시 | K11: =+VLOOKUP($I11,[1]프로젝트현황!$I:$N,6,0) -> 영등포구 | L11: 43467 | M11: 43467 | P11: Kim, Jae Wan | Q11: 920208-1238814 | R11: =LEFT(Q11,6) -> 920208 | S11: =MID($Q11,3,2) -> 02 | T11: =IF(OR(MID($Q11,8,1)="1",MID($Q11,8,1)="3"),"남자",IF(OR(MID($Q11,8,1)="2",MID($Q11,8,1)="4"),"여자","")) -> 남자 | U11: =YEAR(TODAY())-IF(OR(MID($Q11,8,1)="1",MID($Q11,8,1)="2"),19&LEFT($Q11,2),IF(OR(MID($Q11,8,1)="3",MID($Q11,8,1)="4"),20&LEFT($Q11,2),""))+1 -> 35 | V11: 양력 | W11: 한국 | X11: 010-9001-4697 | Z11: 무 | AB11: TBELL | AD11: =QUOTIENT(SUMPRODUCT(LEFT($AE11:$AF11,FIND("년",$AE11:$AF11)-1)*12+MID($AE11:$AF11,FIND("년",$AE11:$AF11)+1,FIND("개월",$AE11:$AF11)-FIND("년",$AE11:$AF11)-1)),12)&"년"&MOD(SUMPRODUCT(LEFT($AE11:$AF11,FIND("년",$AE11:$AF11)-1)*12+MID($AE11:$AF11,FIND("년",$AE11:$AF11)+1,FIND("개월",$AE11:$AF11)-FIND("년",$AE11:$AF11)-1)),12)&"개월" -> 8년4개월 | AE11: 1년3개월 | AF11: =DATEDIF($L11,TODAY(),"y")&"년"&DATEDIF($L11,TODAY(),"ym")&"개월" -> 7년1개월 | AG11: 청강문화산업대학교 | AH11: E스포츠게임과 | AI11: 전문학사 | AJ11: 42050 | AK11: =VALUE(LEFT($AD11,FIND("년",$AD11)-1)) -> 8 | AL11: =IF($AI11="전문학사",IF($AK11<=8,"초급",IF($AK11<12,"중급",IF($AK11<15,"고급",IF($AK11>=15,"특급"))))) -> 초급 | AM11: =IF(ISNUMBER(SEARCH("산업기사",$AT11)),IF($AK11>=13,"특급",IF($AK11>=10,"고급",IF($AK11>=7,"중급","초급"))),IF(ISNUMBER(SEARCH("기사",$AR11)),IF($AK11>=10,"특급",IF($AK11>=7,"고급",IF($AK11>=4,"중급","초급"))),"미해당")) -> 미해당 | AP11: ISTQB | AQ11: 2017.12 | AW11: ISTQB | AX11: 2017.12.05 | AY11: IT기획 및 품질관리 | AZ11: 테스팅 엔지니어 | BA11: 기업은행 | BB11: 001-623506-01-018 | BC11: 모 | BD11: 010-6322-4697 | BE11: jw.kim@tbell.co.kr | BF11: 경기도 | BG11: 부천시 | BH11: 원미구 | BI11: 부일로 232, 102동 2108호 (상동) | BJ11: =IFERROR(VLOOKUP($BG11,[1]프로젝트현황!Y:Z,2,0),"기타") -> 서남권 | BK11: =(IF(BF11="","",BF11&" "))&(IF(BG11="","",BG11&" "))&(IF(BH11="","",BH11&" "))&BI11 -> 경기도 부천시 원미구 부일로 232, 102동 2108호 (상동) | BL11: 30 | BM11: 30 | BN11: 36600000 | BO11: =BP11*12 -> 36600119 | BP11: =SUM(BQ11:BS11) -> 3050009.9 | BQ11: =ROUNDUP(BN11/12*209/(209+BU11*1.5)/BL11*BM11,-1)-BS11 -> 2021090 | BR11: =ROUNDUP(BN11/12*(BU11*1.5)/(209+BU11*1.5)/BL11*BM11,1) -> 828919.9 | BS11: 200000 | BT11: 209 | BU11: =IF($BN11="","", IFERROR( IF($BN11<'[1]시간외시간 기준표'!$B$2,0, IF($BN11>LOOKUP(9.9E+307,'[1]시간외시간 기준표'!$B$2:$B$999), LOOKUP(9.9E+307,'[1]시간외시간 기준표'!$C$2:$C$999), LOOKUP($BN11,'[1]시간외시간 기준표'!$B$2:$B$999,'[1]시간외시간 기준표'!$C$2:$C$999) ) ),0) ) -> 52 | BV11: =(BQ11+BS11)/209 -> 10627.225 | BW11: 30 | BX11: 30 | BY11: 36600000 | BZ11: =CA11*12 -> 36600119 | CA11: =SUM(CB11:CD11) -> 3050009.9 | CB11: =ROUNDUP(BY11/12*209/(209+CF11*1.5)/BW11*BX11,-1)-CD11 -> 2021090 | CC11: =ROUNDUP(BY11/12*(CF11*1.5)/(209+CF11*1.5)/BW11*BX11,1) -> 828919.9 | CD11: 200000 | CE11: 209 | CF11: =IF(BY11<26000000,0,IF(BY11<26500000,4,IF(BY11<27000000,7,IF(BY11<27500000,9,IF(BY11<28000000,11,IF(BY11<28500000,15,IF(BY11<29000000,17,IF(BY11<29500000,20,IF(BY11<30000000,23,IF(BY11<30500000,25,IF(BY11<31000000,27,IF(BY11<31500000,29,IF(BY11<32000000,33,IF(BY11<32500000,37,IF(BY11<33000000,39,IF(BY11<33500000,42,IF(BY11<34000000,45,IF(BY11<34500000,48,IF(BY11<35000000,52,52))))))))))))))))))) -> 52 | CG11: =(CB11+CD11)/209 -> 10627.225 | CH11: 30 | CI11: 30 | CJ11: 35800000 | CK11: =CL11*12 -> 35800097 | CL11: =SUM(CM11:CO11) -> 2983341.4 | CM11: =ROUNDUP(CJ11/12*209/(209+CQ11*1.5)/CH11*CI11,-1)-CO11 -> 1972540 | CN11: =ROUNDUP(CJ11/12*(CQ11*1.5)/(209+CQ11*1.5)/CH11*CI11,1) -> 810801.4 | CO11: 200000 | CP11: 209 | CQ11: =IF(CJ11<26000000,0,IF(CJ11<26500000,4,IF(CJ11<27000000,7,IF(CJ11<27500000,9,IF(CJ11<28000000,11,IF(CJ11<28500000,15,IF(CJ11<29000000,17,IF(CJ11<29500000,20,IF(CJ11<30000000,23,IF(CJ11<30500000,25,IF(CJ11<31000000,27,IF(CJ11<31500000,29,IF(CJ11<32000000,33,IF(CJ11<32500000,37,IF(CJ11<33000000,39,IF(CJ11<33500000,42,IF(CJ11<34000000,45,IF(CJ11<34500000,48,IF(CJ11<35000000,52,52))))))))))))))))))) -> 52 | CR11: =(CM11+CO11)/209 -> 10394.928 | CS11: 34000000 | CT11: =IFERROR(CS11/12,"") -> 2833333.3 | CU11: =IFERROR(CT11-CV11-CW11,"") -> 1863298.5 | CV11: =IFERROR(CT11*(CY11*1.5)/(209+(CY11*1.5)),"") -> 770034.84 | CW11: 200000 | CX11: 209 | CY11: 52 | CZ11: =SUM(CX11:CY11) -> 261 | DA11: =IFERROR((CU11/209)+(CW11-(9620*209*0.01))/209,"") -> 9776.0416 | DB11: =IFERROR((CU11+CW11)/209,"") -> 9872.2416 | DC11: 2023 | DG11: =B11 -> 190102
A12: =ROW()-2 -> 10 | B12: 190103 | C12: 이정훈 | E12: 선임 | F12: 정규직 | G12: 테스터 | H12: 1실 | I12: 웅진씽크빅 1팀 | J12: =+VLOOKUP($I12,[1]프로젝트현황!$I:$N,5,0) -> 서울시 | K12: =+VLOOKUP($I12,[1]프로젝트현황!$I:$N,6,0) -> 금천구 | L12: 43474 | M12: 43474 | Q12: 910629-1285511 | R12: =LEFT(Q12,6) -> 910629 | S12: =MID($Q12,3,2) -> 06 | T12: =IF(OR(MID($Q12,8,1)="1",MID($Q12,8,1)="3"),"남자",IF(OR(MID($Q12,8,1)="2",MID($Q12,8,1)="4"),"여자","")) -> 남자 | U12: =YEAR(TODAY())-IF(OR(MID($Q12,8,1)="1",MID($Q12,8,1)="2"),19&LEFT($Q12,2),IF(OR(MID($Q12,8,1)="3",MID($Q12,8,1)="4"),20&LEFT($Q12,2),""))+1 -> 36 | V12: 양력 | W12: 한국 | X12: 010-2082-2969 | Z12: 무 | AB12: TBELL | AD12: =QUOTIENT(SUMPRODUCT(LEFT($AE12:$AF12,FIND("년",$AE12:$AF12)-1)*12+MID($AE12:$AF12,FIND("년",$AE12:$AF12)+1,FIND("개월",$AE12:$AF12)-FIND("년",$AE12:$AF12)-1)),12)&"년"&MOD(SUMPRODUCT(LEFT($AE12:$AF12,FIND("년",$AE12:$AF12)-1)*12+MID($AE12:$AF12,FIND("년",$AE12:$AF12)+1,FIND("개월",$AE12:$AF12)-FIND("년",$AE12:$AF12)-1)),12)&"개월" -> 13년6개월 | AE12: 6년 5개월 | AF12: =DATEDIF($L12,TODAY(),"y")&"년"&DATEDIF($L12,TODAY(),"ym")&"개월" -> 7년1개월 | AG12: 태백기계공업고등학교 | AH12: 전자기계과 | AI12: 고졸 | AJ12: 40221 | AK12: =VALUE(LEFT($AD12,FIND("년",$AD12)-1)) -> 13 | AL12: =IF($AI12="고졸",IF($AK12<=11,"초급",IF($AK12<=14,"중급",IF($AK12<=17,"고급",IF($AK12>=18,"특급"))))) -> 중급 | AM12: =IF(ISNUMBER(SEARCH("산업기사",$AT12)),IF($AK12>=13,"특급",IF($AK12>=10,"고급",IF($AK12>=7,"중급","초급"))),IF(ISNUMBER(SEARCH("기사",$AR12)),IF($AK12>=10,"특급",IF($AK12>=7,"고급",IF($AK12>=4,"중급","초급"))),"미해당")) -> 미해당 | AP12: ISTQB | AQ12: 42206 | AW12: ISTQB | AX12: 2015.07.21 | AY12: IT기획 및 품질관리 | AZ12: 테스팅 엔지니어 | BA12: 기업은행 | BB12: 126-087492-01-017 | BC12: 제 | BD12: 010-4170-0045 | BE12: jh.lee2@tbell.co.kr | BF12: 서울시 | BG12: 관악구 | BI12: 행운2길 51 502호 | BJ12: =IFERROR(VLOOKUP($BG12,[1]프로젝트현황!Y:Z,2,0),"기타") -> 서남권 | BK12: =(IF(BF12="","",BF12&" "))&(IF(BG12="","",BG12&" "))&(IF(BH12="","",BH12&" "))&BI12 -> 서울시 관악구 행운2길 51 502호 | BL12: 30 | BM12: 30 | BN12: 38000000 | BO12: =BP12*12 -> 38000006 | BP12: =SUM(BQ12:BS12) -> 3166667.2 | BQ12: =ROUNDUP(BN12/12*209/(209+BU12*1.5)/BL12*BM12,-1)-BS12 -> 2106040 | BR12: =ROUNDUP(BN12/12*(BU12*1.5)/(209+BU12*1.5)/BL12*BM12,1) -> 860627.2 | BS12: 200000 | BT12: 209 | BU12: =IF($BN12="","", IFERROR( IF($BN12<'[1]시간외시간 기준표'!$B$2,0, IF($BN12>LOOKUP(9.9E+307,'[1]시간외시간 기준표'!$B$2:$B$999), LOOKUP(9.9E+307,'[1]시간외시간 기준표'!$C$2:$C$999), LOOKUP($BN12,'[1]시간외시간 기준표'!$B$2:$B$999,'[1]시간외시간 기준표'!$C$2:$C$999) ) ),0) ) -> 52 | BV12: =(BQ12+BS12)/209 -> 11033.684 | BW12: 30 | BX12: 30 | BY12: 38000000 | BZ12: =CA12*12 -> 38000006 | CA12: =SUM(CB12:CD12) -> 3166667.2 | CB12: =ROUNDUP(BY12/12*209/(209+CF12*1.5)/BW12*BX12,-1)-CD12 -> 2106040 | CC12: =ROUNDUP(BY12/12*(CF12*1.5)/(209+CF12*1.5)/BW12*BX12,1) -> 860627.2 | CD12: 200000 | CE12: 209 | CF12: =IF(BY12<26000000,0,IF(BY12<26500000,4,IF(BY12<27000000,7,IF(BY12<27500000,9,IF(BY12<28000000,11,IF(BY12<28500000,15,IF(BY12<29000000,17,IF(BY12<29500000,20,IF(BY12<30000000,23,IF(BY12<30500000,25,IF(BY12<31000000,27,IF(BY12<31500000,29,IF(BY12<32000000,33,IF(BY12<32500000,37,IF(BY12<33000000,39,IF(BY12<33500000,42,IF(BY12<34000000,45,IF(BY12<34500000,48,IF(BY12<35000000,52,52))))))))))))))))))) -> 52 | CG12: =(CB12+CD12)/209 -> 11033.684 | CH12: 30 | CI12: 30 | CJ12: 37200000 | CK12: =CL12*12 -> 37200106 | CL12: =SUM(CM12:CO12) -> 3100008.8 | CM12: =ROUNDUP(CJ12/12*209/(209+CQ12*1.5)/CH12*CI12,-1)-CO12 -> 2057500 | CN12: =ROUNDUP(CJ12/12*(CQ12*1.5)/(209+CQ12*1.5)/CH12*CI12,1) -> 842508.8 | CO12: 200000 | CP12: 209 | CQ12: =IF(CJ12<26000000,0,IF(CJ12<26500000,4,IF(CJ12<27000000,7,IF(CJ12<27500000,9,IF(CJ12<28000000,11,IF(CJ12<28500000,15,IF(CJ12<29000000,17,IF(CJ12<29500000,20,IF(CJ12<30000000,23,IF(CJ12<30500000,25,IF(CJ12<31000000,27,IF(CJ12<31500000,29,IF(CJ12<32000000,33,IF(CJ12<32500000,37,IF(CJ12<33000000,39,IF(CJ12<33500000,42,IF(CJ12<34000000,45,IF(CJ12<34500000,48,IF(CJ12<35000000,52,52))))))))))))))))))) -> 52 | CR12: =(CM12+CO12)/209 -> 10801.435 | CS12: 36000000 | CT12: =IFERROR(CS12/12,"") -> 3000000 | CU12: =IFERROR(CT12-CV12-CW12,"") -> 1984669 | CV12: =IFERROR(CT12*(CY12*1.5)/(209+(CY12*1.5)),"") -> 815331.01 | CW12: 200000 | CX12: 209 | CY12: 52 | CZ12: =SUM(CX12:CY12) -> 261 | DA12: =IFERROR((CU12/209)+(CW12-(9620*209*0.01))/209,"") -> 10356.762 | DB12: =IFERROR((CU12+CW12)/209,"") -> 10452.962 | DC12: 2023 | DG12: =B12 -> 190103
A13: =ROW()-2 -> 11 | B13: 190105 | C13: 김하정 | E13: 선임 | F13: 정규직 | G13: 테스터 | H13: 2실 | I13: 반티바 1팀 | J13: =+VLOOKUP($I13,[1]프로젝트현황!$I:$N,5,0) -> 경기도 | K13: =+VLOOKUP($I13,[1]프로젝트현황!$I:$N,6,0) -> 성남시 | L13: 43479 | M13: 43479 | P13: Kim, Ha Jung | Q13: 911113-2055428 | R13: =LEFT(Q13,6) -> 911113 | S13: =MID($Q13,3,2) -> 11 | T13: =IF(OR(MID($Q13,8,1)="1",MID($Q13,8,1)="3"),"남자",IF(OR(MID($Q13,8,1)="2",MID($Q13,8,1)="4"),"여자","")) -> 여자 | U13: =YEAR(TODAY())-IF(OR(MID($Q13,8,1)="1",MID($Q13,8,1)="2"),19&LEFT($Q13,2),IF(OR(MID($Q13,8,1)="3",MID($Q13,8,1)="4"),20&LEFT($Q13,2),""))+1 -> 36 | V13: 양력 | W13: 한국 | X13: 010-3794-9113 | AB13: TBELL | AD13: =QUOTIENT(SUMPRODUCT(LEFT($AE13:$AF13,FIND("년",$AE13:$AF13)-1)*12+MID($AE13:$AF13,FIND("년",$AE13:$AF13)+1,FIND("개월",$AE13:$AF13)-FIND("년",$AE13:$AF13)-1)),12)&"년"&MOD(SUMPRODUCT(LEFT($AE13:$AF13,FIND("년",$AE13:$AF13)-1)*12+MID($AE13:$AF13,FIND("년",$AE13:$AF13)+1,FIND("개월",$AE13:$AF13)-FIND("년",$AE13:$AF13)-1)),12)&"개월" -> 7년9개월 | AE13: 0년9개월 | AF13: =DATEDIF($L13,TODAY(),"y")&"년"&DATEDIF($L13,TODAY(),"ym")&"개월" -> 7년0개월 | AG13: 덕성여자대학교 | AH13: 컴퓨터학과 | AI13: 학사 | AJ13: 42787 | AK13: =VALUE(LEFT($AD13,FIND("년",$AD13)-1)) -> 7 | AL13: =IF($AI13="학사",IF($AK13<=5,"초급",IF($AK13<9,"중급",IF($AK13<12,"고급",IF($AK13>=12,"특급"))))) -> 중급 | AM13: =IF(ISNUMBER(SEARCH("산업기사",$AT13)),IF($AK13>=13,"특급",IF($AK13>=10,"고급",IF($AK13>=7,"중급","초급"))),IF(ISNUMBER(SEARCH("기사",$AR13)),IF($AK13>=10,"특급",IF($AK13>=7,"고급",IF($AK13>=4,"중급","초급"))),"미해당")) -> 미해당 | AV13: ICDL starter | AW13: ICDL Korea | AX13: 2012.11 | AY13: IT기획 및 품질관리 | AZ13: 테스팅 엔지니어 | BA13: 기업은행 | BB13: 589-024251-01-012 | BC13: 모 | BD13: 010-8872-1841 | BE13: hj.kim@tbell.co.kr | BF13: 서울시 | BG13: 서초구 | BI13: 청계산로9길 1-12, 601동 309호(신원동, 서초포레스타) | BJ13: =IFERROR(VLOOKUP($BG13,[1]프로젝트현황!Y:Z,2,0),"기타") -> 동남권 | BK13: =(IF(BF13="","",BF13&" "))&(IF(BG13="","",BG13&" "))&(IF(BH13="","",BH13&" "))&BI13 -> 서울시 서초구 청계산로9길 1-12, 601동 309호(신원동, 서초포레스타) | BL13: 30 | BM13: 30 | BN13: 30000000 | BO13: =BP13*12 -> 30000109 | BP13: =SUM(BQ13:BS13) -> 2500009.1 | BQ13: =ROUNDUP(BN13/12*209/(209+BU13*1.5)/BL13*BM13,-1)-BS13 -> 1959100 | BR13: =ROUNDUP(BN13/12*(BU13*1.5)/(209+BU13*1.5)/BL13*BM13,1) -> 340909.1 | BS13: 200000 | BT13: 209 | BU13: =IF($BN13="","", IFERROR( IF($BN13<'[1]시간외시간 기준표'!$B$2,0, IF($BN13>LOOKUP(9.9E+307,'[1]시간외시간 기준표'!$B$2:$B$999), LOOKUP(9.9E+307,'[1]시간외시간 기준표'!$C$2:$C$999), LOOKUP($BN13,'[1]시간외시간 기준표'!$B$2:$B$999,'[1]시간외시간 기준표'!$C$2:$C$999) ) ),0) ) -> 22 | BV13: =(BQ13+BS13)/209 -> 10330.622 | BW13: 30 | BX13: 30 | BY13: 30000000 | BZ13: =CA13*12 -> 30000055 | CA13: =SUM(CB13:CD13) -> 2500004.6 | CB13: =ROUNDUP(BY13/12*209/(209+CF13*1.5)/BW13*BX13,-1)-CD13 -> 1919680 | CC13: =ROUNDUP(BY13/12*(CF13*1.5)/(209+CF13*1.5)/BW13*BX13,1) -> 380324.6 | CD13: 200000 | CE13: 209 | CF13: =IF(BY13<26000000,0,IF(BY13<26500000,4,IF(BY13<27000000,7,IF(BY13<27500000,9,IF(BY13<28000000,11,IF(BY13<28500000,15,IF(BY13<29000000,17,IF(BY13<29500000,20,IF(BY13<30000000,23,IF(BY13<30500000,25,IF(BY13<31000000,27,IF(BY13<31500000,29,IF(BY13<32000000,33,IF(BY13<32500000,37,IF(BY13<33000000,39,IF(BY13<33500000,42,IF(BY13<34000000,45,IF(BY13<34500000,48,IF(BY13<35000000,52,52))))))))))))))))))) -> 25 | CG13: =(CB13+CD13)/209 -> 10142.01 | CH13: 30 | CI13: 30 | CJ13: 29200000 | CK13: =CL13*12 -> 29200073 | CL13: =SUM(CM13:CO13) -> 2433339.4 | CM13: =ROUNDUP(CJ13/12*209/(209+CQ13*1.5)/CH13*CI13,-1)-CO13 -> 1927900 | CN13: =ROUNDUP(CJ13/12*(CQ13*1.5)/(209+CQ13*1.5)/CH13*CI13,1) -> 305439.4 | CO13: 200000 | CP13: 209 | CQ13: =IF(CJ13<26000000,0,IF(CJ13<26500000,4,IF(CJ13<27000000,7,IF(CJ13<27500000,9,IF(CJ13<28000000,11,IF(CJ13<28500000,15,IF(CJ13<29000000,17,IF(CJ13<29500000,20,IF(CJ13<30000000,23,IF(CJ13<30500000,25,IF(CJ13<31000000,27,IF(CJ13<31500000,29,IF(CJ13<32000000,33,IF(CJ13<32500000,37,IF(CJ13<33000000,39,IF(CJ13<33500000,42,IF(CJ13<34000000,45,IF(CJ13<34500000,48,IF(CJ13<35000000,52,52))))))))))))))))))) -> 20 | CR13: =(CM13+CO13)/209 -> 10181.34 | CS13: 28000000 | CT13: =IFERROR(CS13/12,"") -> 2333333.3 | CU13: =IFERROR(CT13-CV13-CW13,"") -> 1840446.3 | CV13: =IFERROR(CT13*(CY13*1.5)/(209+(CY13*1.5)),"") -> 292887.03 | CW13: 200000 | CX13: 209 | CY13: 20 | CZ13: =SUM(CX13:CY13) -> 229 | DA13: =IFERROR((CU13/209)+(CW13-(9620*209*0.01))/209,"") -> 9666.701 | DB13: =IFERROR((CU13+CW13)/209,"") -> 9762.901 | DC13: 2023 | DG13: =B13 -> 190105
A14: =ROW()-2 -> 12 | B14: 190107 | C14: 김예림 | D14: 파트장 | E14: 선임 | F14: 정규직 | G14: 지원관리 | H14: 경영전략실 | I14: 경영지원팀 | J14: =+VLOOKUP($I14,[1]프로젝트현황!$I:$N,5,0) -> 서울시 | K14: =+VLOOKUP($I14,[1]프로젝트현황!$I:$N,6,0) -> 강남구 | L14: 43495 | M14: 43495 | P14: Kim, Ye Rim | Q14: 961116-2066116 | R14: =LEFT(Q14,6) -> 961116 | S14: =MID($Q14,3,2) -> 11 | T14: =IF(OR(MID($Q14,8,1)="1",MID($Q14,8,1)="3"),"남자",IF(OR(MID($Q14,8,1)="2",MID($Q14,8,1)="4"),"여자","")) -> 여자 | U14: =YEAR(TODAY())-IF(OR(MID($Q14,8,1)="1",MID($Q14,8,1)="2"),19&LEFT($Q14,2),IF(OR(MID($Q14,8,1)="3",MID($Q14,8,1)="4"),20&LEFT($Q14,2),""))+1 -> 31 | V14: 양력 | W14: 한국 | X14: 010-2356-9458 | AB14: TBELL | AD14: =QUOTIENT(SUMPRODUCT(LEFT($AE14:$AF14,FIND("년",$AE14:$AF14)-1)*12+MID($AE14:$AF14,FIND("년",$AE14:$AF14)+1,FIND("개월",$AE14:$AF14)-FIND("년",$AE14:$AF14)-1)),12)&"년"&MOD(SUMPRODUCT(LEFT($AE14:$AF14,FIND("년",$AE14:$AF14)-1)*12+MID($AE14:$AF14,FIND("년",$AE14:$AF14)+1,FIND("개월",$AE14:$AF14)-FIND("년",$AE14:$AF14)-1)),12)&"개월" -> 9년0개월 | AE14: 2년0개월 | AF14: =DATEDIF($L14,TODAY(),"y")&"년"&DATEDIF($L14,TODAY(),"ym")&"개월" -> 7년0개월 | AG14: 명지전문대학교 | AH14: 부동산경영과 | AI14: 전문학사 | AJ14: 43154 | AK14: =VALUE(LEFT($AD14,FIND("년",$AD14)-1)) -> 9 | AL14: =IF($AI14="전문학사",IF($AK14<=8,"초급",IF($AK14<12,"중급",IF($AK14<15,"고급",IF($AK14>=15,"특급"))))) -> 중급 | AM14: =IF(ISNUMBER(SEARCH("산업기사",$AT14)),IF($AK14>=13,"특급",IF($AK14>=10,"고급",IF($AK14>=7,"중급","초급"))),IF(ISNUMBER(SEARCH("기사",$AR14)),IF($AK14>=10,"특급",IF($AK14>=7,"고급",IF($AK14>=4,"중급","초급"))),"미해당")) -> 미해당 | AY14: 경영관리 | AZ14: 경영관리 | BA14: 기업은행 | BB14: 988-008943-01-017 | BC14: 모 | BD14: 010-8243-8002 | BE14: yr.kim@tbell.co.kr | BF14: 서울시 | BG14: 강서구 | BI14: 등촌동 641-12, 802호 | BJ14: =IFERROR(VLOOKUP($BG14,[1]프로젝트현황!Y:Z,2,0),"기타") -> 서남권 | BK14: =(IF(BF14="","",BF14&" "))&(IF(BG14="","",BG14&" "))&(IF(BH14="","",BH14&" "))&BI14 -> 서울시 강서구 등촌동 641-12, 802호 | BL14: 30 | BM14: 30 | BN14: 35200000 | BO14: =BP14*12 -> 35200055 | BP14: =SUM(BQ14:BS14) -> 2933337.9 | BQ14: =ROUNDUP(BN14/12*209/(209+BU14*1.5)/BL14*BM14,-1)-BS14 -> 1958690 | BR14: =ROUNDUP(BN14/12*(BU14*1.5)/(209+BU14*1.5)/BL14*BM14,1) -> 774647.9 | BS14: 200000 | BT14: 209 | BU14: =IF($BN14="","", IFERROR( IF($BN14<'[1]시간외시간 기준표'!$B$2,0, IF($BN14>LOOKUP(9.9E+307,'[1]시간외시간 기준표'!$B$2:$B$999), LOOKUP(9.9E+307,'[1]시간외시간 기준표'!$C$2:$C$999), LOOKUP($BN14,'[1]시간외시간 기준표'!$B$2:$B$999,'[1]시간외시간 기준표'!$C$2:$C$999) ) ),0) ) -> 50 | BV14: =(BQ14+BS14)/209 -> 10328.66 | BW14: 30 | BX14: 30 | BY14: 35200000 | BZ14: =CA14*12 -> 35200111 | CA14: =SUM(CB14:CD14) -> 2933342.6 | CB14: =ROUNDUP(BY14/12*209/(209+CF14*1.5)/BW14*BX14,-1)-CD14 -> 1936130 | CC14: =ROUNDUP(BY14/12*(CF14*1.5)/(209+CF14*1.5)/BW14*BX14,1) -> 797212.6 | CD14: 200000 | CE14: 209 | CF14: =IF(BY14<26000000,0,IF(BY14<26500000,4,IF(BY14<27000000,7,IF(BY14<27500000,9,IF(BY14<28000000,11,IF(BY14<28500000,15,IF(BY14<29000000,17,IF(BY14<29500000,20,IF(BY14<30000000,23,IF(BY14<30500000,25,IF(BY14<31000000,27,IF(BY14<31500000,29,IF(BY14<32000000,33,IF(BY14<32500000,37,IF(BY14<33000000,39,IF(BY14<33500000,42,IF(BY14<34000000,45,IF(BY14<34500000,48,IF(BY14<35000000,52,52))))))))))))))))))) -> 52 | CG14: =(CB14+CD14)/209 -> 10220.718 | CH14: 30 | CI14: 30 | CJ14: 35200000 | CK14: =CL14*12 -> 35200111 | CL14: =SUM(CM14:CO14) -> 2933342.6 | CM14: =ROUNDUP(CJ14/12*209/(209+CQ14*1.5)/CH14*CI14,-1)-CO14 -> 1936130 | CN14: =ROUNDUP(CJ14/12*(CQ14*1.5)/(209+CQ14*1.5)/CH14*CI14,1) -> 797212.6 | CO14: 200000 | CP14: 209 | CQ14: =IF(CJ14<26000000,0,IF(CJ14<26500000,4,IF(CJ14<27000000,7,IF(CJ14<27500000,9,IF(CJ14<28000000,11,IF(CJ14<28500000,15,IF(CJ14<29000000,17,IF(CJ14<29500000,20,IF(CJ14<30000000,23,IF(CJ14<30500000,25,IF(CJ14<31000000,27,IF(CJ14<31500000,29,IF(CJ14<32000000,33,IF(CJ14<32500000,37,IF(CJ14<33000000,39,IF(CJ14<33500000,42,IF(CJ14<34000000,45,IF(CJ14<34500000,48,IF(CJ14<35000000,52,52))))))))))))))))))) -> 52 | CR14: =(CM14+CO14)/209 -> 10220.718 | CS14: 34000000 | CT14: =IFERROR(CS14/12,"") -> 2833333.3 | CU14: =IFERROR(CT14-CV14-CW14,"") -> 1863298.5 | CV14: =IFERROR(CT14*(CY14*1.5)/(209+(CY14*1.5)),"") -> 770034.84 | CW14: 200000 | CX14: 209 | CY14: 52 | CZ14: =SUM(CX14:CY14) -> 261 | DA14: =IFERROR((CU14/209)+(CW14-(9620*209*0.01))/209,"") -> 9776.0416 | DB14: =IFERROR((CU14+CW14)/209,"") -> 9872.2416 | DC14: 2023 | DG14: =B14 -> 190107
A15: =ROW()-2 -> 13 | B15: 190301 | C15: 최현준 | E15: 책임 | F15: 정규직 | G15: 테스터 | H15: 3실 | I15: GS리테일 1팀 | J15: =+VLOOKUP($I15,[1]프로젝트현황!$I:$N,5,0) -> 서울시 | K15: =+VLOOKUP($I15,[1]프로젝트현황!$I:$N,6,0) -> 영등포구 | L15: 43529 | M15: 43529 | P15: Choi, Hyun Jun | Q15: 870110-1011923 | R15: =LEFT(Q15,6) -> 870110 | S15: =MID($Q15,3,2) -> 01 | T15: =IF(OR(MID($Q15,8,1)="1",MID($Q15,8,1)="3"),"남자",IF(OR(MID($Q15,8,1)="2",MID($Q15,8,1)="4"),"여자","")) -> 남자 | U15: =YEAR(TODAY())-IF(OR(MID($Q15,8,1)="1",MID($Q15,8,1)="2"),19&LEFT($Q15,2),IF(OR(MID($Q15,8,1)="3",MID($Q15,8,1)="4"),20&LEFT($Q15,2),""))+1 -> 40 | V15: 양력 | W15: 한국 | X15: 010-5491-0110 | AB15: TBELL | AD15: =QUOTIENT(SUMPRODUCT(LEFT($AE15:$AF15,FIND("년",$AE15:$AF15)-1)*12+MID($AE15:$AF15,FIND("년",$AE15:$AF15)+1,FIND("개월",$AE15:$AF15)-FIND("년",$AE15:$AF15)-1)),12)&"년"&MOD(SUMPRODUCT(LEFT($AE15:$AF15,FIND("년",$AE15:$AF15)-1)*12+MID($AE15:$AF15,FIND("년",$AE15:$AF15)+1,FIND("개월",$AE15:$AF15)-FIND("년",$AE15:$AF15)-1)),12)&"개월" -> 15년11개월 | AE15: 9년0개월 | AF15: =DATEDIF($L15,TODAY(),"y")&"년"&DATEDIF($L15,TODAY(),"ym")&"개월" -> 6년11개월 | AG15: 신구대학교 | AH15: 컴퓨터 멀티미디어과 | AI15: 전문학사 | AJ15: 40218 | AK15: =VALUE(LEFT($AD15,FIND("년",$AD15)-1)) -> 15 | AL15: =IF($AI15="전문학사",IF($AK15<=8,"초급",IF($AK15<12,"중급",IF($AK15<15,"고급",IF($AK15>=15,"특급"))))) -> 특급 | AM15: =IF(ISNUMBER(SEARCH("산업기사",$AT15)),IF($AK15>=13,"특급",IF($AK15>=10,"고급",IF($AK15>=7,"중급","초급"))),IF(ISNUMBER(SEARCH("기사",$AR15)),IF($AK15>=10,"특급",IF($AK15>=7,"고급",IF($AK15>=4,"중급","초급"))),"미해당")) -> 미해당 | AP15: ISTQB | AQ15: 42787 | AV15: 컴퓨활용능력3급 정보기기기능사 워드프로세스1급 | AW15: 대한상공회의소 한국산업인력공단 대한상공회의소 ISTQB | AX15: 2003.03 2004.03 2004.11 2017.11 | AY15: IT기획 및 품질관리 | AZ15: 테스팅 엔지니어 | BA15: 기업은행 | BB15: 131-088072-01-017 | BC15: 모 | BD15: 010-2320-8062 | BE15: hj.choi@tbell.co.kr | BF15: 서울시 | BG15: 구로구 | BI15: 고척로 49, 202동 1402호 (오류동 338, 동부골든아파트) | BJ15: =IFERROR(VLOOKUP($BG15,[1]프로젝트현황!Y:Z,2,0),"기타") -> 서남권 | BK15: =(IF(BF15="","",BF15&" "))&(IF(BG15="","",BG15&" "))&(IF(BH15="","",BH15&" "))&BI15 -> 서울시 구로구 고척로 49, 202동 1402호 (오류동 338, 동부골든아파트) | BL15: 30 | BM15: 30 | BN15: 35100000 | BO15: =BP15*12 -> 35100092 | BP15: =SUM(BQ15:BS15) -> 2925007.7 | BQ15: =ROUNDUP(BN15/12*209/(209+BU15*1.5)/BL15*BM15,-1)-BS15 -> 1963990 | BR15: =ROUNDUP(BN15/12*(BU15*1.5)/(209+BU15*1.5)/BL15*BM15,1) -> 761017.7 | BS15: 200000 | BT15: 209 | BU15: =IF($BN15="","", IFERROR( IF($BN15<'[1]시간외시간 기준표'!$B$2,0, IF($BN15>LOOKUP(9.9E+307,'[1]시간외시간 기준표'!$B$2:$B$999), LOOKUP(9.9E+307,'[1]시간외시간 기준표'!$C$2:$C$999), LOOKUP($BN15,'[1]시간외시간 기준표'!$B$2:$B$999,'[1]시간외시간 기준표'!$C$2:$C$999) ) ),0) ) -> 49 | BV15: =(BQ15+BS15)/209 -> 10354.019 | BW15: 30 | BX15: 30 | BY15: 35100000 | BZ15: =CA15*12 -> 35100094 | CA15: =SUM(CB15:CD15) -> 2925007.8 | CB15: =ROUNDUP(BY15/12*209/(209+CF15*1.5)/BW15*BX15,-1)-CD15 -> 1930060 | CC15: =ROUNDUP(BY15/12*(CF15*1.5)/(209+CF15*1.5)/BW15*BX15,1) -> 794947.8 | CD15: 200000 | CE15: 209 | CF15: =IF(BY15<26000000,0,IF(BY15<26500000,4,IF(BY15<27000000,7,IF(BY15<27500000,9,IF(BY15<28000000,11,IF(BY15<28500000,15,IF(BY15<29000000,17,IF(BY15<29500000,20,IF(BY15<30000000,23,IF(BY15<30500000,25,IF(BY15<31000000,27,IF(BY15<31500000,29,IF(BY15<32000000,33,IF(BY15<32500000,37,IF(BY15<33000000,39,IF(BY15<33500000,42,IF(BY15<34000000,45,IF(BY15<34500000,48,IF(BY15<35000000,52,52))))))))))))))))))) -> 52 | CG15: =(CB15+CD15)/209 -> 10191.675 | CH15: 30 | CI15: 30 | CJ15: 35100000 | CK15: =CL15*12 -> 35100094 | CL15: =SUM(CM15:CO15) -> 2925007.8 | CM15: =ROUNDUP(CJ15/12*209/(209+CQ15*1.5)/CH15*CI15,-1)-CO15 -> 1930060 | CN15: =ROUNDUP(CJ15/12*(CQ15*1.5)/(209+CQ15*1.5)/CH15*CI15,1) -> 794947.8 | CO15: 200000 | CP15: 209 | CQ15: =IF(CJ15<26000000,0,IF(CJ15<26500000,4,IF(CJ15<27000000,7,IF(CJ15<27500000,9,IF(CJ15<28000000,11,IF(CJ15<28500000,15,IF(CJ15<29000000,17,IF(CJ15<29500000,20,IF(CJ15<30000000,23,IF(CJ15<30500000,25,IF(CJ15<31000000,27,IF(CJ15<31500000,29,IF(CJ15<32000000,33,IF(CJ15<32500000,37,IF(CJ15<33000000,39,IF(CJ15<33500000,42,IF(CJ15<34000000,45,IF(CJ15<34500000,48,IF(CJ15<35000000,52,52))))))))))))))))))) -> 52 | CR15: =(CM15+CO15)/209 -> 10191.675 | CS15: 34500000 | CT15: =IFERROR(CS15/12,"") -> 2875000 | CU15: =IFERROR(CT15-CV15-CW15,"") -> 1893641.1 | CV15: =IFERROR(CT15*(CY15*1.5)/(209+(CY15*1.5)),"") -> 781358.89 | CW15: 200000 | CX15: 209 | CY15: 52 | CZ15: =SUM(CX15:CY15) -> 261 | DA15: =IFERROR((CU15/209)+(CW15-(9620*209*0.01))/209,"") -> 9921.2216 | DB15: =IFERROR((CU15+CW15)/209,"") -> 10017.422 | DC15: 2023 | DG15: =B15 -> 190301
A16: =ROW()-2 -> 14 | B16: 190601 | C16: 조현정 | E16: 책임 | F16: 정규직 | G16: 테스터 | H16: 3실 | I16: GS리테일 1팀 | J16: =+VLOOKUP($I16,[1]프로젝트현황!$I:$N,5,0) -> 서울시 | K16: =+VLOOKUP($I16,[1]프로젝트현황!$I:$N,6,0) -> 영등포구 | L16: 43619 | M16: 43619 | P16: Cho, Hyun Jung | Q16: 730903-2041416 | R16: =LEFT(Q16,6) -> 730903 | S16: =MID($Q16,3,2) -> 09 | T16: =IF(OR(MID($Q16,8,1)="1",MID($Q16,8,1)="3"),"남자",IF(OR(MID($Q16,8,1)="2",MID($Q16,8,1)="4"),"여자","")) -> 여자 | U16: =YEAR(TODAY())-IF(OR(MID($Q16,8,1)="1",MID($Q16,8,1)="2"),19&LEFT($Q16,2),IF(OR(MID($Q16,8,1)="3",MID($Q16,8,1)="4"),20&LEFT($Q16,2),""))+1 -> 54 | V16: 양력 | W16: 한국 | X16: 010-4346-2311 | Z16: 유 | AA16: 45156 | AB16: TBELL | AD16: =QUOTIENT(SUMPRODUCT(LEFT($AE16:$AF16,FIND("년",$AE16:$AF16)-1)*12+MID($AE16:$AF16,FIND("년",$AE16:$AF16)+1,FIND("개월",$AE16:$AF16)-FIND("년",$AE16:$AF16)-1)),12)&"년"&MOD(SUMPRODUCT(LEFT($AE16:$AF16,FIND("년",$AE16:$AF16)-1)*12+MID($AE16:$AF16,FIND("년",$AE16:$AF16)+1,FIND("개월",$AE16:$AF16)-FIND("년",$AE16:$AF16)-1)),12)&"개월" -> 28년3개월 | AE16: 21년 7개월 | AF16: =DATEDIF($L16,TODAY(),"y")&"년"&DATEDIF($L16,TODAY(),"ym")&"개월" -> 6년8개월 | AG16: 유한전문대학교 | AH16: 전자계산과 | AI16: 전문학사 | AJ16: 34733 | AK16: =VALUE(LEFT($AD16,FIND("년",$AD16)-1)) -> 28 | AL16: =IF($AI16="전문학사",IF($AK16<=8,"초급",IF($AK16<12,"중급",IF($AK16<15,"고급",IF($AK16>=15,"특급"))))) -> 특급 | AM16: =IF(ISNUMBER(SEARCH("산업기사",$AT16)),IF($AK16>=13,"특급",IF($AK16>=10,"고급",IF($AK16>=7,"중급","초급"))),IF(ISNUMBER(SEARCH("기사",$AR16)),IF($AK16>=10,"특급",IF($AK16>=7,"고급",IF($AK16>=4,"중급","초급"))),"미해당")) -> 특급 | AR16: 정보처리기사 | AS16: 34621 | AV16: SuccessFactors | AW16: 한국정보통신기술협회 한국산업인력공단 SAP | AX16: 1995 2016 | AY16: IT기획 및 품질관리 | AZ16: 테스팅 엔지니어 | BA16: 하나은행 | BB16: 160-910357-92807 | BC16: 처 | BD16: 010-3637-2439 | BE16: hj.cho@tbell.co.kr | BF16: 서울시 | BG16: 서대문구 | BI16: 문화촌길 6-24, 103동 510호(홍제동, 문화촌현대아파트) | BJ16: =IFERROR(VLOOKUP($BG16,[1]프로젝트현황!Y:Z,2,0),"기타") -> 서북권 | BK16: =(IF(BF16="","",BF16&" "))&(IF(BG16="","",BG16&" "))&(IF(BH16="","",BH16&" "))&BI16 -> 서울시 서대문구 문화촌길 6-24, 103동 510호(홍제동, 문화촌현대아파트) | BL16: 30 | BM16: 30 | BN16: 42000000 | BO16: =BP16*12 -> 42000115 | BP16: =SUM(BQ16:BS16) -> 3500009.6 | BQ16: =ROUNDUP(BN16/12*209/(209+BU16*1.5)/BL16*BM16,-1)-BS16 -> 2348790 | BR16: =ROUNDUP(BN16/12*(BU16*1.5)/(209+BU16*1.5)/BL16*BM16,1) -> 951219.6 | BS16: 200000 | BT16: 209 | BU16: =IF($BN16="","", IFERROR( IF($BN16<'[1]시간외시간 기준표'!$B$2,0, IF($BN16>LOOKUP(9.9E+307,'[1]시간외시간 기준표'!$B$2:$B$999), LOOKUP(9.9E+307,'[1]시간외시간 기준표'!$C$2:$C$999), LOOKUP($BN16,'[1]시간외시간 기준표'!$B$2:$B$999,'[1]시간외시간 기준표'!$C$2:$C$999) ) ),0) ) -> 52 | BV16: =(BQ16+BS16)/209 -> 12195.167 | BW16: 30 | BX16: 30 | BY16: 42000000 | BZ16: =CA16*12 -> 42000115 | CA16: =SUM(CB16:CD16) -> 3500009.6 | CB16: =ROUNDUP(BY16/12*209/(209+CF16*1.5)/BW16*BX16,-1)-CD16 -> 2348790 | CC16: =ROUNDUP(BY16/12*(CF16*1.5)/(209+CF16*1.5)/BW16*BX16,1) -> 951219.6 | CD16: 200000 | CE16: 209 | CF16: =IF(BY16<26000000,0,IF(BY16<26500000,4,IF(BY16<27000000,7,IF(BY16<27500000,9,IF(BY16<28000000,11,IF(BY16<28500000,15,IF(BY16<29000000,17,IF(BY16<29500000,20,IF(BY16<30000000,23,IF(BY16<30500000,25,IF(BY16<31000000,27,IF(BY16<31500000,29,IF(BY16<32000000,33,IF(BY16<32500000,37,IF(BY16<33000000,39,IF(BY16<33500000,42,IF(BY16<34000000,45,IF(BY16<34500000,48,IF(BY16<35000000,52,52))))))))))))))))))) -> 52 | CG16: =(CB16+CD16)/209 -> 12195.167 | CH16: 30 | CI16: 30 | CJ16: 41200000 | CK16: =CL16*12 -> 41200093 | CL16: =SUM(CM16:CO16) -> 3433341.1 | CM16: =ROUNDUP(CJ16/12*209/(209+CQ16*1.5)/CH16*CI16,-1)-CO16 -> 2300240 | CN16: =ROUNDUP(CJ16/12*(CQ16*1.5)/(209+CQ16*1.5)/CH16*CI16,1) -> 933101.1 | CO16: 200000 | CP16: 209 | CQ16: =IF(CJ16<26000000,0,IF(CJ16<26500000,4,IF(CJ16<27000000,7,IF(CJ16<27500000,9,IF(CJ16<28000000,11,IF(CJ16<28500000,15,IF(CJ16<29000000,17,IF(CJ16<29500000,20,IF(CJ16<30000000,23,IF(CJ16<30500000,25,IF(CJ16<31000000,27,IF(CJ16<31500000,29,IF(CJ16<32000000,33,IF(CJ16<32500000,37,IF(CJ16<33000000,39,IF(CJ16<33500000,42,IF(CJ16<34000000,45,IF(CJ16<34500000,48,IF(CJ16<35000000,52,52))))))))))))))))))) -> 52 | CR16: =(CM16+CO16)/209 -> 11962.871 | CS16: 40000000 | CT16: =IFERROR(CS16/12,"") -> 3333333.3 | CU16: =IFERROR(CT16-CV16-CW16,"") -> 2227410 | CV16: =IFERROR(CT16*(CY16*1.5)/(209+(CY16*1.5)),"") -> 905923.34 | CW16: 200000 | CX16: 209 | CY16: 52 | CZ16: =SUM(CX16:CY16) -> 261 | DA16: =IFERROR((CU16/209)+(CW16-(9620*209*0.01))/209,"") -> 11518.202 | DB16: =IFERROR((CU16+CW16)/209,"") -> 11614.402 | DC16: 2023 | DG16: =B16 -> 190601
A17: =ROW()-2 -> 15 | B17: 190903 | C17: 이건혁 | E17: 선임 | F17: 정규직 | G17: 테스터 | H17: 1실 | I17: SK브로드밴드 1팀 | J17: =+VLOOKUP($I17,[1]프로젝트현황!$I:$N,5,0) -> 서울시 | K17: =+VLOOKUP($I17,[1]프로젝트현황!$I:$N,6,0) -> 중구 | L17: 43731 | M17: 43731 | N17: 45352 | P17: Lee, Gun Heyk | Q17: 920215-1058330 | R17: =LEFT(Q17,6) -> 920215 | S17: =MID($Q17,3,2) -> 02 | T17: =IF(OR(MID($Q17,8,1)="1",MID($Q17,8,1)="3"),"남자",IF(OR(MID($Q17,8,1)="2",MID($Q17,8,1)="4"),"여자","")) -> 남자 | U17: =YEAR(TODAY())-IF(OR(MID($Q17,8,1)="1",MID($Q17,8,1)="2"),19&LEFT($Q17,2),IF(OR(MID($Q17,8,1)="3",MID($Q17,8,1)="4"),20&LEFT($Q17,2),""))+1 -> 35 | V17: 양력 | W17: 한국 | X17: 010-3795-0907 | Z17: 무 | AB17: TBELL | AD17: =QUOTIENT(SUMPRODUCT(LEFT($AE17:$AF17,FIND("년",$AE17:$AF17)-1)*12+MID($AE17:$AF17,FIND("년",$AE17:$AF17)+1,FIND("개월",$AE17:$AF17)-FIND("년",$AE17:$AF17)-1)),12)&"년"&MOD(SUMPRODUCT(LEFT($AE17:$AF17,FIND("년",$AE17:$AF17)-1)*12+MID($AE17:$AF17,FIND("년",$AE17:$AF17)+1,FIND("개월",$AE17:$AF17)-FIND("년",$AE17:$AF17)-1)),12)&"개월" -> 7년4개월 | AE17: 1년 0개월 | AF17: =DATEDIF($L17,TODAY(),"y")&"년"&DATEDIF($L17,TODAY(),"ym")&"개월" -> 6년4개월 | AG17: 청강문화산업대학교 | AH17: E스포츠게임과 | AI17: 전문학사 | AJ17: 42048 | AK17: =VALUE(LEFT($AD17,FIND("년",$AD17)-1)) -> 7 | AL17: =IF($AI17="전문학사",IF($AK17<=8,"초급",IF($AK17<12,"중급",IF($AK17<15,"고급",IF($AK17>=15,"특급"))))) -> 초급 | AM17: =IF(ISNUMBER(SEARCH("산업기사",$AT17)),IF($AK17>=13,"특급",IF($AK17>=10,"고급",IF($AK17>=7,"중급","초급"))),IF(ISNUMBER(SEARCH("기사",$AR17)),IF($AK17>=10,"특급",IF($AK17>=7,"고급",IF($AK17>=4,"중급","초급"))),"미해당")) -> 미해당 | AP17: ISTQB | AQ17: 2023.02 | AY17: IT기획 및 품질관리 | AZ17: 테스팅 엔지니어 | BA17: 기업은행 | BB17: 085-055231-01-011 | BC17: 모 | BD17: 010-5694-2308 | BE17: gh.lee@tbell.co.kr | BF17: 경기도 | BG17: 안양시 | BH17: 동안구 | BI17: 관악대로263번길 67-8, 가동 101호(비산동, 화도맨션) | BJ17: =IFERROR(VLOOKUP($BG17,[1]프로젝트현황!Y:Z,2,0),"기타") -> 서남권 | BK17: =(IF(BF17="","",BF17&" "))&(IF(BG17="","",BG17&" "))&(IF(BH17="","",BH17&" "))&BI17 -> 경기도 안양시 동안구 관악대로263번길 67-8, 가동 101호(비산동, 화도맨션) | BL17: 30 | BM17: 30 | BN17: 30400000 | BO17: =BP17*12 -> 30400019 | BP17: =SUM(BQ17:BS17) -> 2533334.9 | BQ17: =ROUNDUP(BN17/12*209/(209+BU17*1.5)/BL17*BM17,-1)-BS17 -> 1961090 | BR17: =ROUNDUP(BN17/12*(BU17*1.5)/(209+BU17*1.5)/BL17*BM17,1) -> 372244.9 | BS17: 200000 | BT17: 209 | BU17: =IF($BN17="","", IFERROR( IF($BN17<'[1]시간외시간 기준표'!$B$2,0, IF($BN17>LOOKUP(9.9E+307,'[1]시간외시간 기준표'!$B$2:$B$999), LOOKUP(9.9E+307,'[1]시간외시간 기준표'!$C$2:$C$999), LOOKUP($BN17,'[1]시간외시간 기준표'!$B$2:$B$999,'[1]시간외시간 기준표'!$C$2:$C$999) ) ),0) ) -> 24 | BV17: =(BQ17+BS17)/209 -> 10340.144 | BW17: 30 | BX17: 30 | BY17: 30400000 | BZ17: =CA17*12 -> 30400027 | CA17: =SUM(CB17:CD17) -> 2533335.6 | CB17: =ROUNDUP(BY17/12*209/(209+CF17*1.5)/BW17*BX17,-1)-CD17 -> 1947940 | CC17: =ROUNDUP(BY17/12*(CF17*1.5)/(209+CF17*1.5)/BW17*BX17,1) -> 385395.6 | CD17: 200000 | CE17: 209 | CF17: =IF(BY17<26000000,0,IF(BY17<26500000,4,IF(BY17<27000000,7,IF(BY17<27500000,9,IF(BY17<28000000,11,IF(BY17<28500000,15,IF(BY17<29000000,17,IF(BY17<29500000,20,IF(BY17<30000000,23,IF(BY17<30500000,25,IF(BY17<31000000,27,IF(BY17<31500000,29,IF(BY17<32000000,33,IF(BY17<32500000,37,IF(BY17<33000000,39,IF(BY17<33500000,42,IF(BY17<34000000,45,IF(BY17<34500000,48,IF(BY17<35000000,52,52))))))))))))))))))) -> 25 | CG17: =(CB17+CD17)/209 -> 10277.225 | CH17: 30 | CI17: 30 | CJ17: 29600000 | CK17: =CL17*12 -> 29600120 | CL17: =SUM(CM17:CO17) -> 2466676.7 | CM17: =ROUNDUP(CJ17/12*209/(209+CQ17*1.5)/CH17*CI17,-1)-CO17 -> 1917190 | CN17: =ROUNDUP(CJ17/12*(CQ17*1.5)/(209+CQ17*1.5)/CH17*CI17,1) -> 349486.7 | CO17: 200000 | CP17: 209 | CQ17: =IF(CJ17<26000000,0,IF(CJ17<26500000,4,IF(CJ17<27000000,7,IF(CJ17<27500000,9,IF(CJ17<28000000,11,IF(CJ17<28500000,15,IF(CJ17<29000000,17,IF(CJ17<29500000,20,IF(CJ17<30000000,23,IF(CJ17<30500000,25,IF(CJ17<31000000,27,IF(CJ17<31500000,29,IF(CJ17<32000000,33,IF(CJ17<32500000,37,IF(CJ17<33000000,39,IF(CJ17<33500000,42,IF(CJ17<34000000,45,IF(CJ17<34500000,48,IF(CJ17<35000000,52,52))))))))))))))))))) -> 23 | CR17: =(CM17+CO17)/209 -> 10130.096 | CS17: 29000000 | CT17: =IFERROR(CS17/12,"") -> 2416666.7 | CU17: =IFERROR(CT17-CV17-CW17,"") -> 1836626.3 | CV17: =IFERROR(CT17*(CY17*1.5)/(209+(CY17*1.5)),"") -> 380040.32 | CW17: 200000 | CX17: 209 | CY17: 26 | CZ17: =SUM(CX17:CY17) -> 235 | DA17: =IFERROR((CU17/209)+(CW17-(9620*209*0.01))/209,"") -> 9648.4237 | DB17: =IFERROR((CU17+CW17)/209,"") -> 9744.6237 | DC17: 2023 | DG17: =B17 -> 190903
A18: =ROW()-2 -> 16 | B18: 200901 | C18: 홍영실 | E18: 선임 | F18: 정규직 | G18: 테스터 | H18: 3실 | I18: GS리테일 1팀 | J18: =+VLOOKUP($I18,[1]프로젝트현황!$I:$N,5,0) -> 서울시 | K18: =+VLOOKUP($I18,[1]프로젝트현황!$I:$N,6,0) -> 영등포구 | L18: 44075 | M18: 44075 | P18: Hong, Yeong Sil | Q18: 990903-2233619 | R18: =LEFT(Q18,6) -> 990903 | S18: =MID($Q18,3,2) -> 09 | T18: =IF(OR(MID($Q18,8,1)="1",MID($Q18,8,1)="3"),"남자",IF(OR(MID($Q18,8,1)="2",MID($Q18,8,1)="4"),"여자","")) -> 여자 | U18: =YEAR(TODAY())-IF(OR(MID($Q18,8,1)="1",MID($Q18,8,1)="2"),19&LEFT($Q18,2),IF(OR(MID($Q18,8,1)="3",MID($Q18,8,1)="4"),20&LEFT($Q18,2),""))+1 -> 28 | V18: 양력 | W18: 한국 | X18: 010-9306-6493 | AB18: TBELL | AD18: =QUOTIENT(SUMPRODUCT(LEFT($AE18:$AF18,FIND("년",$AE18:$AF18)-1)*12+MID($AE18:$AF18,FIND("년",$AE18:$AF18)+1,FIND("개월",$AE18:$AF18)-FIND("년",$AE18:$AF18)-1)),12)&"년"&MOD(SUMPRODUCT(LEFT($AE18:$AF18,FIND("년",$AE18:$AF18)-1)*12+MID($AE18:$AF18,FIND("년",$AE18:$AF18)+1,FIND("개월",$AE18:$AF18)-FIND("년",$AE18:$AF18)-1)),12)&"개월" -> 5년5개월 | AE18: 0년0개월 | AF18: =DATEDIF($L18,TODAY(),"y")&"년"&DATEDIF($L18,TODAY(),"ym")&"개월" -> 5년5개월 | AG18: 인하공업전문대학교 | AH18: 컴퓨터시스템과 | AI18: 전문학사 | AJ18: 44232 | AK18: =VALUE(LEFT($AD18,FIND("년",$AD18)-1)) -> 5 | AL18: =IF($AI18="전문학사",IF($AK18<=8,"초급",IF($AK18<12,"중급",IF($AK18<15,"고급",IF($AK18>=15,"특급"))))) -> 초급 | AM18: =IF(ISNUMBER(SEARCH("산업기사",$AT18)),IF($AK18>=13,"특급",IF($AK18>=10,"고급",IF($AK18>=7,"중급","초급"))),IF(ISNUMBER(SEARCH("기사",$AR18)),IF($AK18>=10,"특급",IF($AK18>=7,"고급",IF($AK18>=4,"중급","초급"))),"미해당")) -> 미해당 | AY18: IT기획 및 품질관리 | AZ18: 테스팅 엔지니어 | BA18: 기업은행 | BB18: 508-038161-01-026 | BC18: 모 | BD18: 010-4742-6499 | BE18: ys.hong@tbell.co.kr | BF18: 경기도 | BG18: 파주시 | BI18: 파평면 배머리길 811-15 | BJ18: =IFERROR(VLOOKUP($BG18,[1]프로젝트현황!Y:Z,2,0),"기타") -> 서북권 | BK18: =(IF(BF18="","",BF18&" "))&(IF(BG18="","",BG18&" "))&(IF(BH18="","",BH18&" "))&BI18 -> 경기도 파주시 파평면 배머리길 811-15 | BL18: 30 | BM18: 30 | BN18: 34500000 | BO18: =BP18*12 -> 34500043 | BP18: =SUM(BQ18:BS18) -> 2875003.6 | BQ18: =ROUNDUP(BN18/12*209/(209+BU18*1.5)/BL18*BM18,-1)-BS18 -> 1973150 | BR18: =ROUNDUP(BN18/12*(BU18*1.5)/(209+BU18*1.5)/BL18*BM18,1) -> 701853.6 | BS18: 200000 | BT18: 209 | BU18: =IF($BN18="","", IFERROR( IF($BN18<'[1]시간외시간 기준표'!$B$2,0, IF($BN18>LOOKUP(9.9E+307,'[1]시간외시간 기준표'!$B$2:$B$999), LOOKUP(9.9E+307,'[1]시간외시간 기준표'!$C$2:$C$999), LOOKUP($BN18,'[1]시간외시간 기준표'!$B$2:$B$999,'[1]시간외시간 기준표'!$C$2:$C$999) ) ),0) ) -> 45 | BV18: =(BQ18+BS18)/209 -> 10397.847 | BW18: 30 | BX18: 30 | BY18: 34500000 | BZ18: =CA18*12 -> 34500107 | CA18: =SUM(CB18:CD18) -> 2875008.9 | CB18: =ROUNDUP(BY18/12*209/(209+CF18*1.5)/BW18*BX18,-1)-CD18 -> 1893650 | CC18: =ROUNDUP(BY18/12*(CF18*1.5)/(209+CF18*1.5)/BW18*BX18,1) -> 781358.9 | CD18: 200000 | CE18: 209 | CF18: =IF(BY18<26000000,0,IF(BY18<26500000,4,IF(BY18<27000000,7,IF(BY18<27500000,9,IF(BY18<28000000,11,IF(BY18<28500000,15,IF(BY18<29000000,17,IF(BY18<29500000,20,IF(BY18<30000000,23,IF(BY18<30500000,25,IF(BY18<31000000,27,IF(BY18<31500000,29,IF(BY18<32000000,33,IF(BY18<32500000,37,IF(BY18<33000000,39,IF(BY18<33500000,42,IF(BY18<34000000,45,IF(BY18<34500000,48,IF(BY18<35000000,52,52))))))))))))))))))) -> 52 | CG18: =(CB18+CD18)/209 -> 10017.464 | CH18: 30 | CI18: 30 | CJ18: 33000000 | CK18: =CL18*12 -> 33000103 | CL18: =SUM(CM18:CO18) -> 2750008.6 | CM18: =ROUNDUP(CJ18/12*209/(209+CQ18*1.5)/CH18*CI18,-1)-CO18 -> 1913060 | CN18: =ROUNDUP(CJ18/12*(CQ18*1.5)/(209+CQ18*1.5)/CH18*CI18,1) -> 636948.6 | CO18: 200000 | CP18: 209 | CQ18: =IF(CJ18<26000000,0,IF(CJ18<26500000,4,IF(CJ18<27000000,7,IF(CJ18<27500000,9,IF(CJ18<28000000,11,IF(CJ18<28500000,15,IF(CJ18<29000000,17,IF(CJ18<29500000,20,IF(CJ18<30000000,23,IF(CJ18<30500000,25,IF(CJ18<31000000,27,IF(CJ18<31500000,29,IF(CJ18<32000000,33,IF(CJ18<32500000,37,IF(CJ18<33000000,39,IF(CJ18<33500000,42,IF(CJ18<34000000,45,IF(CJ18<34500000,48,IF(CJ18<35000000,52,52))))))))))))))))))) -> 42 | CR18: =(CM18+CO18)/209 -> 10110.335 | CS18: 30000000 | CT18: =IFERROR(CS18/12,"") -> 2500000 | CU18: =IFERROR(CT18-CV18-CW18,"") -> 1833073.9 | CV18: =IFERROR(CT18*(CY18*1.5)/(209+(CY18*1.5)),"") -> 466926.07 | CW18: 200000 | CX18: 209 | CY18: 32 | CZ18: =SUM(CX18:CY18) -> 241 | DA18: =IFERROR((CU18/209)+(CW18-(9620*209*0.01))/209,"") -> 9631.4265 | DB18: =IFERROR((CU18+CW18)/209,"") -> 9727.6265 | DC18: 2023 | DG18: =B18 -> 200901
A19: =ROW()-2 -> 17 | B19: 201003 | C19: 임상욱 | D19: 팀장 | E19: 선임 | F19: 정규직 | G19: 테스터 | H19: 3실 | I19: 카카오페이 1팀 | J19: =+VLOOKUP($I19,[1]프로젝트현황!$I:$N,5,0) -> 경기도 | K19: =+VLOOKUP($I19,[1]프로젝트현황!$I:$N,6,0) -> 성남시 | L19: 44116 | M19: 44116 | P19: Lim Sang Wook | Q19: 931106-1184719 | R19: =LEFT(Q19,6) -> 931106 | S19: =MID($Q19,3,2) -> 11 | T19: =IF(OR(MID($Q19,8,1)="1",MID($Q19,8,1)="3"),"남자",IF(OR(MID($Q19,8,1)="2",MID($Q19,8,1)="4"),"여자","")) -> 남자 | U19: =YEAR(TODAY())-IF(OR(MID($Q19,8,1)="1",MID($Q19,8,1)="2"),19&LEFT($Q19,2),IF(OR(MID($Q19,8,1)="3",MID($Q19,8,1)="4"),20&LEFT($Q19,2),""))+1 -> 34 | V19: 양력 | W19: 한국 | X19: 010-4059-3674 | AB19: TBELL | AD19: =QUOTIENT(SUMPRODUCT(LEFT($AE19:$AF19,FIND("년",$AE19:$AF19)-1)*12+MID($AE19:$AF19,FIND("년",$AE19:$AF19)+1,FIND("개월",$AE19:$AF19)-FIND("년",$AE19:$AF19)-1)),12)&"년"&MOD(SUMPRODUCT(LEFT($AE19:$AF19,FIND("년",$AE19:$AF19)-1)*12+MID($AE19:$AF19,FIND("년",$AE19:$AF19)+1,FIND("개월",$AE19:$AF19)-FIND("년",$AE19:$AF19)-1)),12)&"개월" -> 8년3개월 | AE19: 3년0개월 | AF19: =DATEDIF($L19,TODAY(),"y")&"년"&DATEDIF($L19,TODAY(),"ym")&"개월" -> 5년3개월 | AG19: 신구대학교 | AH19: 모바일IT전공 | AI19: 전문학사 | AJ19: 42769 | AK19: =VALUE(LEFT($AD19,FIND("년",$AD19)-1)) -> 8 | AL19: =IF($AI19="전문학사",IF($AK19<=8,"초급",IF($AK19<12,"중급",IF($AK19<15,"고급",IF($AK19>=15,"특급"))))) -> 초급 | AM19: =IF(ISNUMBER(SEARCH("산업기사",$AT19)),IF($AK19>=13,"특급",IF($AK19>=10,"고급",IF($AK19>=7,"중급","초급"))),IF(ISNUMBER(SEARCH("기사",$AR19)),IF($AK19>=10,"특급",IF($AK19>=7,"고급",IF($AK19>=4,"중급","초급"))),"미해당")) -> 미해당 | AY19: IT기획 및 품질관리 | AZ19: 테스팅 엔지니어 | BA19: 기업은행 | BB19: 242-124483-01-015 | BC19: 모 | BD19: 010-4158-3674 | BE19: sw.lim@tbell.co.kr | BF19: 경기도 | BG19: 광주시 | BI19: 송정로 59-26, 2층 | BJ19: =IFERROR(VLOOKUP($BG19,[1]프로젝트현황!Y:Z,2,0),"기타") -> 동남권 | BK19: =(IF(BF19="","",BF19&" "))&(IF(BG19="","",BG19&" "))&(IF(BH19="","",BH19&" "))&BI19 -> 경기도 광주시 송정로 59-26, 2층 | BL19: 30 | BM19: 30 | BN19: 34600000 | BO19: =BP19*12 -> 34600050 | BP19: =SUM(BQ19:BS19) -> 2883337.5 | BQ19: =ROUNDUP(BN19/12*209/(209+BU19*1.5)/BL19*BM19,-1)-BS19 -> 1967690 | BR19: =ROUNDUP(BN19/12*(BU19*1.5)/(209+BU19*1.5)/BL19*BM19,1) -> 715647.5 | BS19: 200000 | BT19: 209 | BU19: =IF($BN19="","", IFERROR( IF($BN19<'[1]시간외시간 기준표'!$B$2,0, IF($BN19>LOOKUP(9.9E+307,'[1]시간외시간 기준표'!$B$2:$B$999), LOOKUP(9.9E+307,'[1]시간외시간 기준표'!$C$2:$C$999), LOOKUP($BN19,'[1]시간외시간 기준표'!$B$2:$B$999,'[1]시간외시간 기준표'!$C$2:$C$999) ) ),0) ) -> 46 | BV19: =(BQ19+BS19)/209 -> 10371.722 | BW19: 30 | BX19: 30 | BY19: 34600000 | BZ19: =CA19*12 -> 34600004 | CA19: =SUM(CB19:CD19) -> 2883333.7 | CB19: =ROUNDUP(BY19/12*209/(209+CF19*1.5)/BW19*BX19,-1)-CD19 -> 1899710 | CC19: =ROUNDUP(BY19/12*(CF19*1.5)/(209+CF19*1.5)/BW19*BX19,1) -> 783623.7 | CD19: 200000 | CE19: 209 | CF19: =IF(BY19<26000000,0,IF(BY19<26500000,4,IF(BY19<27000000,7,IF(BY19<27500000,9,IF(BY19<28000000,11,IF(BY19<28500000,15,IF(BY19<29000000,17,IF(BY19<29500000,20,IF(BY19<30000000,23,IF(BY19<30500000,25,IF(BY19<31000000,27,IF(BY19<31500000,29,IF(BY19<32000000,33,IF(BY19<32500000,37,IF(BY19<33000000,39,IF(BY19<33500000,42,IF(BY19<34000000,45,IF(BY19<34500000,48,IF(BY19<35000000,52,52))))))))))))))))))) -> 52 | CG19: =(CB19+CD19)/209 -> 10046.459 | CH19: 30 | CI19: 30 | CJ19: 33800000 | CK19: =CL19*12 -> 33800077 | CL19: =SUM(CM19:CO19) -> 2816673.1 | CM19: =ROUNDUP(CJ19/12*209/(209+CQ19*1.5)/CH19*CI19,-1)-CO19 -> 1929060 | CN19: =ROUNDUP(CJ19/12*(CQ19*1.5)/(209+CQ19*1.5)/CH19*CI19,1) -> 687613.1 | CO19: 200000 | CP19: 209 | CQ19: =IF(CJ19<26000000,0,IF(CJ19<26500000,4,IF(CJ19<27000000,7,IF(CJ19<27500000,9,IF(CJ19<28000000,11,IF(CJ19<28500000,15,IF(CJ19<29000000,17,IF(CJ19<29500000,20,IF(CJ19<30000000,23,IF(CJ19<30500000,25,IF(CJ19<31000000,27,IF(CJ19<31500000,29,IF(CJ19<32000000,33,IF(CJ19<32500000,37,IF(CJ19<33000000,39,IF(CJ19<33500000,42,IF(CJ19<34000000,45,IF(CJ19<34500000,48,IF(CJ19<35000000,52,52))))))))))))))))))) -> 45 | CR19: =(CM19+CO19)/209 -> 10186.89 | CS19: 32000000 | CT19: =IFERROR(CS19/12,"") -> 2666666.7 | CU19: =IFERROR(CT19-CV19-CW19,"") -> 1837781.8 | CV19: =IFERROR(CT19*(CY19*1.5)/(209+(CY19*1.5)),"") -> 628884.83 | CW19: 200000 | CX19: 209 | CY19: 43 | CZ19: =SUM(CX19:CY19) -> 252 | DA19: =IFERROR((CU19/209)+(CW19-(9620*209*0.01))/209,"") -> 9653.9523 | DB19: =IFERROR((CU19+CW19)/209,"") -> 9750.1523 | DC19: 2023 | DG19: =B19 -> 201003
A20: =ROW()-2 -> 18 | B20: 210301 | C20: 조우성 | E20: 선임 | F20: 정규직 | G20: 테스터 | H20: 3실 | I20: 카카오페이 1팀 | J20: =+VLOOKUP($I20,[1]프로젝트현황!$I:$N,5,0) -> 경기도 | K20: =+VLOOKUP($I20,[1]프로젝트현황!$I:$N,6,0) -> 성남시 | L20: 44257 | M20: 44257 | P20: Cho Woo Sung | Q20: 950306-1388224 | R20: =LEFT(Q20,6) -> 950306 | S20: =MID($Q20,3,2) -> 03 | T20: =IF(OR(MID($Q20,8,1)="1",MID($Q20,8,1)="3"),"남자",IF(OR(MID($Q20,8,1)="2",MID($Q20,8,1)="4"),"여자","")) -> 남자 | U20: =YEAR(TODAY())-IF(OR(MID($Q20,8,1)="1",MID($Q20,8,1)="2"),19&LEFT($Q20,2),IF(OR(MID($Q20,8,1)="3",MID($Q20,8,1)="4"),20&LEFT($Q20,2),""))+1 -> 32 | V20: 양력 | W20: 한국 | X20: 010-7215-4947 | AB20: TBELL | AC20: 曹 佑 誠 | AD20: =QUOTIENT(SUMPRODUCT(LEFT($AE20:$AF20,FIND("년",$AE20:$AF20)-1)*12+MID($AE20:$AF20,FIND("년",$AE20:$AF20)+1,FIND("개월",$AE20:$AF20)-FIND("년",$AE20:$AF20)-1)),12)&"년"&MOD(SUMPRODUCT(LEFT($AE20:$AF20,FIND("년",$AE20:$AF20)-1)*12+MID($AE20:$AF20,FIND("년",$AE20:$AF20)+1,FIND("개월",$AE20:$AF20)-FIND("년",$AE20:$AF20)-1)),12)&"개월" -> 6년8개월 | AE20: 1년 9개월 | AF20: =DATEDIF($L20,TODAY(),"y")&"년"&DATEDIF($L20,TODAY(),"ym")&"개월" -> 4년11개월 | AG20: 안산대학교 | AH20: 인터넷정보과 | AI20: 전문학사 | AJ20: 43511 | AK20: =VALUE(LEFT($AD20,FIND("년",$AD20)-1)) -> 6 | AL20: =IF($AI20="전문학사",IF($AK20<=8,"초급",IF($AK20<12,"중급",IF($AK20<15,"고급",IF($AK20>=15,"특급"))))) -> 초급 | AM20: =IF(ISNUMBER(SEARCH("산업기사",$AT20)),IF($AK20>=13,"특급",IF($AK20>=10,"고급",IF($AK20>=7,"중급","초급"))),IF(ISNUMBER(SEARCH("기사",$AR20)),IF($AK20>=10,"특급",IF($AK20>=7,"고급",IF($AK20>=4,"중급","초급"))),"미해당")) -> 미해당 | AY20: IT기획 및 품질관리 | AZ20: 테스팅 엔지니어 | BA20: 기업은행 | BB20: 345-148269-01-013 | BC20: 모 | BD20: 010-5450-4947 | BE20: ws.cho@tbell.co.kr | BF20: 경기도 | BG20: 수원시 | BH20: 권선구 | BI20: 세류동 97-20 201호 | BJ20: =IFERROR(VLOOKUP($BG20,[1]프로젝트현황!Y:Z,2,0),"기타") -> 동남권 | BK20: =(IF(BF20="","",BF20&" "))&(IF(BG20="","",BG20&" "))&(IF(BH20="","",BH20&" "))&BI20 -> 경기도 수원시 권선구 세류동 97-20 201호 | BL20: 30 | BM20: 30 | BN20: 32000000 | BO20: =BP20*12 -> 32000094 | BP20: =SUM(BQ20:BS20) -> 2666674.5 | BQ20: =ROUNDUP(BN20/12*209/(209+BU20*1.5)/BL20*BM20,-1)-BS20 -> 1968620 | BR20: =ROUNDUP(BN20/12*(BU20*1.5)/(209+BU20*1.5)/BL20*BM20,1) -> 498054.5 | BS20: 200000 | BT20: 209 | BU20: =IF($BN20="","", IFERROR( IF($BN20<'[1]시간외시간 기준표'!$B$2,0, IF($BN20>LOOKUP(9.9E+307,'[1]시간외시간 기준표'!$B$2:$B$999), LOOKUP(9.9E+307,'[1]시간외시간 기준표'!$C$2:$C$999), LOOKUP($BN20,'[1]시간외시간 기준표'!$B$2:$B$999,'[1]시간외시간 기준표'!$C$2:$C$999) ) ),0) ) -> 32 | BV20: =(BQ20+BS20)/209 -> 10376.172 | BW20: 30 | BX20: 30 | BY20: 32000000 | BZ20: =CA20*12 -> 32000117 | CA20: =SUM(CB20:CD20) -> 2666676.4 | CB20: =ROUNDUP(BY20/12*209/(209+CF20*1.5)/BW20*BX20,-1)-CD20 -> 1907130 | CC20: =ROUNDUP(BY20/12*(CF20*1.5)/(209+CF20*1.5)/BW20*BX20,1) -> 559546.4 | CD20: 200000 | CE20: 209 | CF20: =IF(BY20<26000000,0,IF(BY20<26500000,4,IF(BY20<27000000,7,IF(BY20<27500000,9,IF(BY20<28000000,11,IF(BY20<28500000,15,IF(BY20<29000000,17,IF(BY20<29500000,20,IF(BY20<30000000,23,IF(BY20<30500000,25,IF(BY20<31000000,27,IF(BY20<31500000,29,IF(BY20<32000000,33,IF(BY20<32500000,37,IF(BY20<33000000,39,IF(BY20<33500000,42,IF(BY20<34000000,45,IF(BY20<34500000,48,IF(BY20<35000000,52,52))))))))))))))))))) -> 37 | CG20: =(CB20+CD20)/209 -> 10081.962 | CH20: 30 | CI20: 30 | CJ20: 31200000 | CK20: =CL20*12 -> 31200010 | CL20: =SUM(CM20:CO20) -> 2600000.8 | CM20: =ROUNDUP(CJ20/12*209/(209+CQ20*1.5)/CH20*CI20,-1)-CO20 -> 1952080 | CN20: =ROUNDUP(CJ20/12*(CQ20*1.5)/(209+CQ20*1.5)/CH20*CI20,1) -> 447920.8 | CO20: 200000 | CP20: 209 | CQ20: =IF(CJ20<26000000,0,IF(CJ20<26500000,4,IF(CJ20<27000000,7,IF(CJ20<27500000,9,IF(CJ20<28000000,11,IF(CJ20<28500000,15,IF(CJ20<29000000,17,IF(CJ20<29500000,20,IF(CJ20<30000000,23,IF(CJ20<30500000,25,IF(CJ20<31000000,27,IF(CJ20<31500000,29,IF(CJ20<32000000,33,IF(CJ20<32500000,37,IF(CJ20<33000000,39,IF(CJ20<33500000,42,IF(CJ20<34000000,45,IF(CJ20<34500000,48,IF(CJ20<35000000,52,52))))))))))))))))))) -> 29 | CR20: =(CM20+CO20)/209 -> 10297.033 | CS20: 30000000 | CT20: =IFERROR(CS20/12,"") -> 2500000 | CU20: =IFERROR(CT20-CV20-CW20,"") -> 1833073.9 | CV20: =IFERROR(CT20*(CY20*1.5)/(209+(CY20*1.5)),"") -> 466926.07 | CW20: 200000 | CX20: 209 | CY20: 32 | CZ20: =SUM(CX20:CY20) -> 241 | DA20: =IFERROR((CU20/209)+(CW20-(9620*209*0.01))/209,"") -> 9631.4265 | DB20: =IFERROR((CU20+CW20)/209,"") -> 9727.6265 | DC20: 2023 | DG20: =B20 -> 210301
A21: =ROW()-2 -> 19 | B21: 210303 | C21: 김대현 | D21: 팀장 | E21: 책임 | F21: 정규직 | G21: 테스터 | H21: 1실 | I21: 라인플러스 5팀 | J21: =+VLOOKUP($I21,[1]프로젝트현황!$I:$N,5,0) -> 경기도 | K21: =+VLOOKUP($I21,[1]프로젝트현황!$I:$N,6,0) -> 성남시 | L21: 44273 | M21: 44273 | P21: Kim Dae Hyun | Q21: 810323-1055111 | R21: =LEFT(Q21,6) -> 810323 | S21: =MID($Q21,3,2) -> 03 | T21: =IF(OR(MID($Q21,8,1)="1",MID($Q21,8,1)="3"),"남자",IF(OR(MID($Q21,8,1)="2",MID($Q21,8,1)="4"),"여자","")) -> 남자 | U21: =YEAR(TODAY())-IF(OR(MID($Q21,8,1)="1",MID($Q21,8,1)="2"),19&LEFT($Q21,2),IF(OR(MID($Q21,8,1)="3",MID($Q21,8,1)="4"),20&LEFT($Q21,2),""))+1 -> 46 | V21: 양력 | W21: 한국 | X21: 010-3021-9812 | AB21: TBELL | AC21: 金 大 鉉 | AD21: =QUOTIENT(SUMPRODUCT(LEFT($AE21:$AF21,FIND("년",$AE21:$AF21)-1)*12+MID($AE21:$AF21,FIND("년",$AE21:$AF21)+1,FIND("개월",$AE21:$AF21)-FIND("년",$AE21:$AF21)-1)),12)&"년"&MOD(SUMPRODUCT(LEFT($AE21:$AF21,FIND("년",$AE21:$AF21)-1)*12+MID($AE21:$AF21,FIND("년",$AE21:$AF21)+1,FIND("개월",$AE21:$AF21)-FIND("년",$AE21:$AF21)-1)),12)&"개월" -> 16년1개월 | AE21: 11년 3개월 | AF21: =DATEDIF($L21,TODAY(),"y")&"년"&DATEDIF($L21,TODAY(),"ym")&"개월" -> 4년10개월 | AG21: 선문대학교 | AH21: 러시어학과 | AI21: 학사 | AJ21: 39493 | AK21: =VALUE(LEFT($AD21,FIND("년",$AD21)-1)) -> 16 | AL21: =IF($AI21="학사",IF($AK21<=5,"초급",IF($AK21<9,"중급",IF($AK21<12,"고급",IF($AK21>=12,"특급"))))) -> 특급 | AM21: =IF(ISNUMBER(SEARCH("산업기사",$AT21)),IF($AK21>=13,"특급",IF($AK21>=10,"고급",IF($AK21>=7,"중급","초급"))),IF(ISNUMBER(SEARCH("기사",$AR21)),IF($AK21>=10,"특급",IF($AK21>=7,"고급",IF($AK21>=4,"중급","초급"))),"미해당")) -> 미해당 | AY21: IT기획 및 품질관리 | AZ21: 테스팅 엔지니어 | BA21: 기업은행 | BB21: 389-122625-01-017 | BC21: 모 | BD21: 010-4337-9812 | BE21: dh.kim@tbell.co.kr | BF21: 경기도 | BG21: 성남시 | BH21: 분당구 | BI21: 분당로 190 101동 102호(분당동, 샛별마을) | BJ21: =IFERROR(VLOOKUP($BG21,[1]프로젝트현황!Y:Z,2,0),"기타") -> 동남권 | BK21: =(IF(BF21="","",BF21&" "))&(IF(BG21="","",BG21&" "))&(IF(BH21="","",BH21&" "))&BI21 -> 경기도 성남시 분당구 분당로 190 101동 102호(분당동, 샛별마을) | BL21: 30 | BM21: 30 | BN21: 50000000 | BO21: =BP21*12 -> 50000090 | BP21: =SUM(BQ21:BS21) -> 4166674.2 | BQ21: =ROUNDUP(BN21/12*209/(209+BU21*1.5)/BL21*BM21,-1)-BS21 -> 2834270 | BR21: =ROUNDUP(BN21/12*(BU21*1.5)/(209+BU21*1.5)/BL21*BM21,1) -> 1132404.2 | BS21: 200000 | BT21: 209 | BU21: =IF($BN21="","", IFERROR( IF($BN21<'[1]시간외시간 기준표'!$B$2,0, IF($BN21>LOOKUP(9.9E+307,'[1]시간외시간 기준표'!$B$2:$B$999), LOOKUP(9.9E+307,'[1]시간외시간 기준표'!$C$2:$C$999), LOOKUP($BN21,'[1]시간외시간 기준표'!$B$2:$B$999,'[1]시간외시간 기준표'!$C$2:$C$999) ) ),0) ) -> 52 | BV21: =(BQ21+BS21)/209 -> 14518.038 | BW21: 30 | BX21: 30 | BY21: 50000000 | BZ21: =CA21*12 -> 50000090 | CA21: =SUM(CB21:CD21) -> 4166674.2 | CB21: =ROUNDUP(BY21/12*209/(209+CF21*1.5)/BW21*BX21,-1)-CD21 -> 2834270 | CC21: =ROUNDUP(BY21/12*(CF21*1.5)/(209+CF21*1.5)/BW21*BX21,1) -> 1132404.2 | CD21: 200000 | CE21: 209 | CF21: =IF(BY21<26000000,0,IF(BY21<26500000,4,IF(BY21<27000000,7,IF(BY21<27500000,9,IF(BY21<28000000,11,IF(BY21<28500000,15,IF(BY21<29000000,17,IF(BY21<29500000,20,IF(BY21<30000000,23,IF(BY21<30500000,25,IF(BY21<31000000,27,IF(BY21<31500000,29,IF(BY21<32000000,33,IF(BY21<32500000,37,IF(BY21<33000000,39,IF(BY21<33500000,42,IF(BY21<34000000,45,IF(BY21<34500000,48,IF(BY21<35000000,52,52))))))))))))))))))) -> 52 | CG21: =(CB21+CD21)/209 -> 14518.038 | CH21: 30 | CI21: 30 | CJ21: 49200000 | CK21: =CL21*12 -> 49200070 | CL21: =SUM(CM21:CO21) -> 4100005.8 | CM21: =ROUNDUP(CJ21/12*209/(209+CQ21*1.5)/CH21*CI21,-1)-CO21 -> 2785720 | CN21: =ROUNDUP(CJ21/12*(CQ21*1.5)/(209+CQ21*1.5)/CH21*CI21,1) -> 1114285.8 | CO21: 200000 | CP21: 209 | CQ21: =IF(CJ21<26000000,0,IF(CJ21<26500000,4,IF(CJ21<27000000,7,IF(CJ21<27500000,9,IF(CJ21<28000000,11,IF(CJ21<28500000,15,IF(CJ21<29000000,17,IF(CJ21<29500000,20,IF(CJ21<30000000,23,IF(CJ21<30500000,25,IF(CJ21<31000000,27,IF(CJ21<31500000,29,IF(CJ21<32000000,33,IF(CJ21<32500000,37,IF(CJ21<33000000,39,IF(CJ21<33500000,42,IF(CJ21<34000000,45,IF(CJ21<34500000,48,IF(CJ21<35000000,52,52))))))))))))))))))) -> 52 | CR21: =(CM21+CO21)/209 -> 14285.742 | CS21: 48000000 | CT21: =IFERROR(CS21/12,"") -> 4000000 | CU21: =IFERROR(CT21-CV21-CW21,"") -> 2712892 | CV21: =IFERROR(CT21*(CY21*1.5)/(209+(CY21*1.5)),"") -> 1087108 | CW21: 200000 | CX21: 209 | CY21: 52 | CZ21: =SUM(CX21:CY21) -> 261 | DA21: =IFERROR((CU21/209)+(CW21-(9620*209*0.01))/209,"") -> 13841.082 | DB21: =IFERROR((CU21+CW21)/209,"") -> 13937.282 | DC21: 2023 | DG21: =B21 -> 210303
A22: =ROW()-2 -> 20 | B22: 210401 | C22: 이혜진 | D22: 실장 | E22: 임원 | F22: 정규직 | G22: 개발자 | H22: 개발연구소 | I22: 개발연구소 | J22: =+VLOOKUP($I22,[1]프로젝트현황!$I:$N,5,0) -> 서울시 | K22: =+VLOOKUP($I22,[1]프로젝트현황!$I:$N,6,0) -> 강남구 | L22: 44287 | M22: 44287 | P22: Lee Hae Jin | Q22: 740122-2235035 | R22: =LEFT(Q22,6) -> 740122 | S22: =MID($Q22,3,2) -> 01 | T22: =IF(OR(MID($Q22,8,1)="1",MID($Q22,8,1)="3"),"남자",IF(OR(MID($Q22,8,1)="2",MID($Q22,8,1)="4"),"여자","")) -> 여자 | U22: =YEAR(TODAY())-IF(OR(MID($Q22,8,1)="1",MID($Q22,8,1)="2"),19&LEFT($Q22,2),IF(OR(MID($Q22,8,1)="3",MID($Q22,8,1)="4"),20&LEFT($Q22,2),""))+1 -> 53 | V22: 양력 | W22: 한국 | X22: 010-6218-3405 | Z22: 유 | AA22: 45047 | AB22: TBELL | AC22: 李 惠 眞 | AD22: =QUOTIENT(SUMPRODUCT(LEFT($AE22:$AF22,FIND("년",$AE22:$AF22)-1)*12+MID($AE22:$AF22,FIND("년",$AE22:$AF22)+1,FIND("개월",$AE22:$AF22)-FIND("년",$AE22:$AF22)-1)),12)&"년"&MOD(SUMPRODUCT(LEFT($AE22:$AF22,FIND("년",$AE22:$AF22)-1)*12+MID($AE22:$AF22,FIND("년",$AE22:$AF22)+1,FIND("개월",$AE22:$AF22)-FIND("년",$AE22:$AF22)-1)),12)&"개월" -> 27년7개월 | AE22: 22년 9개월 | AF22: =DATEDIF($L22,TODAY(),"y")&"년"&DATEDIF($L22,TODAY(),"ym")&"개월" -> 4년10개월 | AG22: 고려대학교 | AH22: 소프트웨어공학과 | AI22: 석사 | AJ22: 41145 | AK22: =VALUE(LEFT($AD22,FIND("년",$AD22)-1)) -> 27 | AL22: =IF($AI22="석사",IF($AK22<=2,"초급",IF($AK22<6,"중급",IF($AK22<9,"고급",IF($AK22>=9,"특급"))))) -> 특급 | AM22: =IF(ISNUMBER(SEARCH("산업기사",$AT22)),IF($AK22>=13,"특급",IF($AK22>=10,"고급",IF($AK22>=7,"중급","초급"))),IF(ISNUMBER(SEARCH("기사",$AR22)),IF($AK22>=10,"특급",IF($AK22>=7,"고급",IF($AK22>=4,"중급","초급"))),"미해당")) -> 특급 | AP22: ISTQB | AQ22: 44443 | AR22: 정보처리기사 | AS22: 39237 | AV22: 컴퓨터그래픽스운용기능사 | AW22: 한국산업인력공단 한국산업인력공단 KSTQB | AX22: 2007.06 2000.08 2021.09.04 | AY22: IT기획 및 품질관리 | AZ22: 테스팅 엔지니어 | BA22: 기업은행 | BB22: 064-054748-02-017 | BC22: 배우자 | BD22: 010-4595-3461 | BE22: hj.lee@tbell.co.kr | BF22: 경기도 | BG22: 성남시 | BH22: 분당구 | BI22: 서판교로29 918동 1804호 | BJ22: =IFERROR(VLOOKUP($BG22,[1]프로젝트현황!Y:Z,2,0),"기타") -> 동남권 | BK22: =(IF(BF22="","",BF22&" "))&(IF(BG22="","",BG22&" "))&(IF(BH22="","",BH22&" "))&BI22 -> 경기도 성남시 분당구 서판교로29 918동 1804호 | BL22: 30 | BM22: 30 | BN22: 80000000 | BO22: =BP22*12 -> 80000000 | BP22: =BN22/12 -> 6666666.7 | BQ22: =BP22-BS22 -> 6466666.7 | BR22: 0 | BS22: 200000 | BT22: 0 | BU22: =IF($BN22="","", IFERROR( IF($BN22<'[1]시간외시간 기준표'!$B$2,0, IF($BN22>LOOKUP(9.9E+307,'[1]시간외시간 기준표'!$B$2:$B$999), LOOKUP(9.9E+307,'[1]시간외시간 기준표'!$C$2:$C$999), LOOKUP($BN22,'[1]시간외시간 기준표'!$B$2:$B$999,'[1]시간외시간 기준표'!$C$2:$C$999) ) ),0) ) -> 52 | BV22: =(BQ22+BS22)/209 -> 31897.927 | BW22: 30 | BX22: 30 | BY22: 80000000 | BZ22: =CA22*12 -> 80000000 | CA22: =BY22/12 -> 6666666.7 | CB22: =CA22-CD22 -> 6466666.7 | CC22: 0 | CD22: 200000 | CE22: 0 | CF22: 0 | CG22: =(CB22+CD22)/209 -> 31897.927 | CH22: 30 | CI22: 30 | CJ22: 80000000 | CK22: =CL22*12 -> 80000000 | CL22: =SUM(CM22:CO22) -> 6666666.7 | CM22: =ROUNDUP(CJ22/12*209/(209+CQ22*1.5)/CH22*CI22,-1)-CO22 -> 4654820 | CN22: =ROUNDUP(CJ22/12*(CQ22*1.5)/(209+CQ22*1.5)/CH22*CI22,1) -> 1811846.7 | CO22: 200000 | CP22: 209 | CQ22: =IF(CJ22<26000000,0,IF(CJ22<26500000,4,IF(CJ22<27000000,7,IF(CJ22<27500000,9,IF(CJ22<28000000,11,IF(CJ22<28500000,15,IF(CJ22<29000000,17,IF(CJ22<29500000,20,IF(CJ22<30000000,23,IF(CJ22<30500000,25,IF(CJ22<31000000,27,IF(CJ22<31500000,29,IF(CJ22<32000000,33,IF(CJ22<32500000,37,IF(CJ22<33000000,39,IF(CJ22<33500000,42,IF(CJ22<34000000,45,IF(CJ22<34500000,48,IF(CJ22<35000000,52,52))))))))))))))))))) -> 52 | CR22: =(CM22+CO22)/209 -> 23228.804 | CS22: 60000000 | CT22: =IFERROR(CS22/12,"") -> 5000000 | CU22: =IFERROR(CT22-CV22-CW22,"") -> 3441115 | CV22: =IFERROR(CT22*(CY22*1.5)/(209+(CY22*1.5)),"") -> 1358885 | CW22: 200000 | CX22: 209 | CY22: 52 | CZ22: =SUM(CX22:CY22) -> 261 | DA22: =IFERROR((CU22/209)+(CW22-(9620*209*0.01))/209,"") -> 17325.403 | DB22: =IFERROR((CU22+CW22)/209,"") -> 17421.603 | DC22: 2023 | DG22: =B22 -> 210401
A23: =ROW()-2 -> 21 | B23: 210403 | C23: 이수민 | E23: 선임 | F23: 정규직 | G23: 테스터 | H23: 3실 | I23: 카카오페이 1팀 | J23: =+VLOOKUP($I23,[1]프로젝트현황!$I:$N,5,0) -> 경기도 | K23: =+VLOOKUP($I23,[1]프로젝트현황!$I:$N,6,0) -> 성남시 | L23: 44306 | M23: 44306 | P23: Lee Su Min | Q23: 971214-2032011 | R23: =LEFT(Q23,6) -> 971214 | S23: =MID($Q23,3,2) -> 12 | T23: =IF(OR(MID($Q23,8,1)="1",MID($Q23,8,1)="3"),"남자",IF(OR(MID($Q23,8,1)="2",MID($Q23,8,1)="4"),"여자","")) -> 여자 | U23: =YEAR(TODAY())-IF(OR(MID($Q23,8,1)="1",MID($Q23,8,1)="2"),19&LEFT($Q23,2),IF(OR(MID($Q23,8,1)="3",MID($Q23,8,1)="4"),20&LEFT($Q23,2),""))+1 -> 30 | V23: 양력 | W23: 한국 | X23: 010-7626-1531 | AB23: TBELL | AC23: 李 秀 民 | AD23: =QUOTIENT(SUMPRODUCT(LEFT($AE23:$AF23,FIND("년",$AE23:$AF23)-1)*12+MID($AE23:$AF23,FIND("년",$AE23:$AF23)+1,FIND("개월",$AE23:$AF23)-FIND("년",$AE23:$AF23)-1)),12)&"년"&MOD(SUMPRODUCT(LEFT($AE23:$AF23,FIND("년",$AE23:$AF23)-1)*12+MID($AE23:$AF23,FIND("년",$AE23:$AF23)+1,FIND("개월",$AE23:$AF23)-FIND("년",$AE23:$AF23)-1)),12)&"개월" -> 8년7개월 | AE23: 3년 10개월 | AF23: =DATEDIF($L23,TODAY(),"y")&"년"&DATEDIF($L23,TODAY(),"ym")&"개월" -> 4년9개월 | AG23: 수원정보과학고등학교 | AH23: IT산업디자인과 | AI23: 고졸 | AJ23: 42404 | AK23: =VALUE(LEFT($AD23,FIND("년",$AD23)-1)) -> 8 | AL23: =IF($AI23="고졸",IF($AK23<=11,"초급",IF($AK23<=14,"중급",IF($AK23<=17,"고급",IF($AK23>=18,"특급"))))) -> 초급 | AM23: =IF(ISNUMBER(SEARCH("산업기사",$AT23)),IF($AK23>=13,"특급",IF($AK23>=10,"고급",IF($AK23>=7,"중급","초급"))),IF(ISNUMBER(SEARCH("기사",$AR23)),IF($AK23>=10,"특급",IF($AK23>=7,"고급",IF($AK23>=4,"중급","초급"))),"미해당")) -> 미해당 | AY23: IT기획 및 품질관리 | AZ23: 테스팅 엔지니어 | BA23: 기업은행 | BB23: 111-205461-01-014 | BC23: 모 | BD23: 010-2222-1531 | BE23: sumin.lee@tbell.co.kr | BF23: 경기도 | BG23: 수원시 | BH23: 팔달구 | BI23: 월드컵로369번길 13, 202호 (우만동, 보은맨션) | BJ23: =IFERROR(VLOOKUP($BG23,[1]프로젝트현황!Y:Z,2,0),"기타") -> 동남권 | BK23: =(IF(BF23="","",BF23&" "))&(IF(BG23="","",BG23&" "))&(IF(BH23="","",BH23&" "))&BI23 -> 경기도 수원시 팔달구 월드컵로369번길 13, 202호 (우만동, 보은맨션) | BL23: 30 | BM23: 30 | BN23: 31500000 | BO23: =BP23*12 -> 31500094 | BP23: =SUM(BQ23:BS23) -> 2625007.8 | BQ23: =ROUNDUP(BN23/12*209/(209+BU23*1.5)/BL23*BM23,-1)-BS23 -> 1972780 | BR23: =ROUNDUP(BN23/12*(BU23*1.5)/(209+BU23*1.5)/BL23*BM23,1) -> 452227.8 | BS23: 200000 | BT23: 209 | BU23: =IF($BN23="","", IFERROR( IF($BN23<'[1]시간외시간 기준표'!$B$2,0, IF($BN23>LOOKUP(9.9E+307,'[1]시간외시간 기준표'!$B$2:$B$999), LOOKUP(9.9E+307,'[1]시간외시간 기준표'!$C$2:$C$999), LOOKUP($BN23,'[1]시간외시간 기준표'!$B$2:$B$999,'[1]시간외시간 기준표'!$C$2:$C$999) ) ),0) ) -> 29 | BV23: =(BQ23+BS23)/209 -> 10396.077 | BW23: 30 | BX23: 30 | BY23: 31500000 | BZ23: =CA23*12 -> 31500115 | CA23: =SUM(CB23:CD23) -> 2625009.6 | CB23: =ROUNDUP(BY23/12*209/(209+CF23*1.5)/BW23*BX23,-1)-CD23 -> 1922350 | CC23: =ROUNDUP(BY23/12*(CF23*1.5)/(209+CF23*1.5)/BW23*BX23,1) -> 502659.6 | CD23: 200000 | CE23: 209 | CF23: =IF(BY23<26000000,0,IF(BY23<26500000,4,IF(BY23<27000000,7,IF(BY23<27500000,9,IF(BY23<28000000,11,IF(BY23<28500000,15,IF(BY23<29000000,17,IF(BY23<29500000,20,IF(BY23<30000000,23,IF(BY23<30500000,25,IF(BY23<31000000,27,IF(BY23<31500000,29,IF(BY23<32000000,33,IF(BY23<32500000,37,IF(BY23<33000000,39,IF(BY23<33500000,42,IF(BY23<34000000,45,IF(BY23<34500000,48,IF(BY23<35000000,52,52))))))))))))))))))) -> 33 | CG23: =(CB23+CD23)/209 -> 10154.785 | CH23: 30 | CI23: 30 | CJ23: 30700000 | CK23: =CL23*12 -> 30700087 | CL23: =SUM(CM23:CO23) -> 2558340.6 | CM23: =ROUNDUP(CJ23/12*209/(209+CQ23*1.5)/CH23*CI23,-1)-CO23 -> 1943060 | CN23: =ROUNDUP(CJ23/12*(CQ23*1.5)/(209+CQ23*1.5)/CH23*CI23,1) -> 415280.6 | CO23: 200000 | CP23: 209 | CQ23: =IF(CJ23<26000000,0,IF(CJ23<26500000,4,IF(CJ23<27000000,7,IF(CJ23<27500000,9,IF(CJ23<28000000,11,IF(CJ23<28500000,15,IF(CJ23<29000000,17,IF(CJ23<29500000,20,IF(CJ23<30000000,23,IF(CJ23<30500000,25,IF(CJ23<31000000,27,IF(CJ23<31500000,29,IF(CJ23<32000000,33,IF(CJ23<32500000,37,IF(CJ23<33000000,39,IF(CJ23<33500000,42,IF(CJ23<34000000,45,IF(CJ23<34500000,48,IF(CJ23<35000000,52,52))))))))))))))))))) -> 27 | CR23: =(CM23+CO23)/209 -> 10253.876 | CS23: 29500000 | CT23: =IFERROR(CS23/12,"") -> 2458333.3 | CU23: =IFERROR(CT23-CV23-CW23,"") -> 1834818.5 | CV23: =IFERROR(CT23*(CY23*1.5)/(209+(CY23*1.5)),"") -> 423514.85 | CW23: 200000 | CX23: 209 | CY23: 29 | CZ23: =SUM(CX23:CY23) -> 238 | DA23: =IFERROR((CU23/209)+(CW23-(9620*209*0.01))/209,"") -> 9639.7736 | DB23: =IFERROR((CU23+CW23)/209,"") -> 9735.9736 | DC23: 2023 | DG23: =B23 -> 210403
A24: =ROW()-2 -> 22 | B24: 210503 | C24: 이철호 | E24: 책임 | F24: 정규직 | G24: 테스터 | H24: 1실 | I24: SK브로드밴드 1팀 | J24: =+VLOOKUP($I24,[1]프로젝트현황!$I:$N,5,0) -> 서울시 | K24: =+VLOOKUP($I24,[1]프로젝트현황!$I:$N,6,0) -> 중구 | L24: 44337 | M24: 44470 | P24: Lee Chul Ho | Q24: 741221-1808712 | R24: =LEFT(Q24,6) -> 741221 | S24: =MID($Q24,3,2) -> 12 | T24: =IF(OR(MID($Q24,8,1)="1",MID($Q24,8,1)="3"),"남자",IF(OR(MID($Q24,8,1)="2",MID($Q24,8,1)="4"),"여자","")) -> 남자 | U24: =YEAR(TODAY())-IF(OR(MID($Q24,8,1)="1",MID($Q24,8,1)="2"),19&LEFT($Q24,2),IF(OR(MID($Q24,8,1)="3",MID($Q24,8,1)="4"),20&LEFT($Q24,2),""))+1 -> 53 | V24: 양력 | W24: 한국 | X24: 010-2278-9935 | Z24: 무 | AB24: TBELL | AC24: 李 哲 豪 | AD24: =QUOTIENT(SUMPRODUCT(LEFT($AE24:$AF24,FIND("년",$AE24:$AF24)-1)*12+MID($AE24:$AF24,FIND("년",$AE24:$AF24)+1,FIND("개월",$AE24:$AF24)-FIND("년",$AE24:$AF24)-1)),12)&"년"&MOD(SUMPRODUCT(LEFT($AE24:$AF24,FIND("년",$AE24:$AF24)-1)*12+MID($AE24:$AF24,FIND("년",$AE24:$AF24)+1,FIND("개월",$AE24:$AF24)-FIND("년",$AE24:$AF24)-1)),12)&"개월" -> 20년9개월 | AE24: 16년 1개월 | AF24: =DATEDIF($L24,TODAY(),"y")&"년"&DATEDIF($L24,TODAY(),"ym")&"개월" -> 4년8개월 | AG24: 장훈고등학교 | AI24: 고졸 | AJ24: 34013 | AK24: =VALUE(LEFT($AD24,FIND("년",$AD24)-1)) -> 20 | AL24: =IF($AI24="고졸",IF($AK24<=11,"초급",IF($AK24<=14,"중급",IF($AK24<=17,"고급",IF($AK24>=18,"특급"))))) -> 특급 | AM24: =IF(ISNUMBER(SEARCH("산업기사",$AT24)),IF($AK24>=13,"특급",IF($AK24>=10,"고급",IF($AK24>=7,"중급","초급"))),IF(ISNUMBER(SEARCH("기사",$AR24)),IF($AK24>=10,"특급",IF($AK24>=7,"고급",IF($AK24>=4,"중급","초급"))),"미해당")) -> 미해당 | AV24: 정보처리기능사 2급 | AW24: 한국산업인력공단 | AX24: 1991.1 | AY24: IT기획 및 품질관리 | AZ24: 테스팅 엔지니어 | BA24: 기업은행 | BB24: 076-097767-01-013 | BC24: 모 | BD24: 010-2431-9935 | BE24: ch.lee@tbell.co.kr | BF24: 서울시 | BG24: 영등포구 | BI24: 도신로 64가길 1 1층 | BJ24: =IFERROR(VLOOKUP($BG24,[1]프로젝트현황!Y:Z,2,0),"기타") -> 서남권 | BK24: =(IF(BF24="","",BF24&" "))&(IF(BG24="","",BG24&" "))&(IF(BH24="","",BH24&" "))&BI24 -> 서울시 영등포구 도신로 64가길 1 1층 | BL24: 30 | BM24: 30 | BN24: 42000000 | BO24: =BP24*12 -> 42000115 | BP24: =SUM(BQ24:BS24) -> 3500009.6 | BQ24: =ROUNDUP(BN24/12*209/(209+BU24*1.5)/BL24*BM24,-1)-BS24 -> 2348790 | BR24: =ROUNDUP(BN24/12*(BU24*1.5)/(209+BU24*1.5)/BL24*BM24,1) -> 951219.6 | BS24: 200000 | BT24: 209 | BU24: =IF($BN24="","", IFERROR( IF($BN24<'[1]시간외시간 기준표'!$B$2,0, IF($BN24>LOOKUP(9.9E+307,'[1]시간외시간 기준표'!$B$2:$B$999), LOOKUP(9.9E+307,'[1]시간외시간 기준표'!$C$2:$C$999), LOOKUP($BN24,'[1]시간외시간 기준표'!$B$2:$B$999,'[1]시간외시간 기준표'!$C$2:$C$999) ) ),0) ) -> 52 | BV24: =(BQ24+BS24)/209 -> 12195.167 | BW24: 30 | BX24: 30 | BY24: 42000000 | BZ24: =CA24*12 -> 42000115 | CA24: =SUM(CB24:CD24) -> 3500009.6 | CB24: =ROUNDUP(BY24/12*209/(209+CF24*1.5)/BW24*BX24,-1)-CD24 -> 2348790 | CC24: =ROUNDUP(BY24/12*(CF24*1.5)/(209+CF24*1.5)/BW24*BX24,1) -> 951219.6 | CD24: 200000 | CE24: 209 | CF24: =IF(BY24<26000000,0,IF(BY24<26500000,4,IF(BY24<27000000,7,IF(BY24<27500000,9,IF(BY24<28000000,11,IF(BY24<28500000,15,IF(BY24<29000000,17,IF(BY24<29500000,20,IF(BY24<30000000,23,IF(BY24<30500000,25,IF(BY24<31000000,27,IF(BY24<31500000,29,IF(BY24<32000000,33,IF(BY24<32500000,37,IF(BY24<33000000,39,IF(BY24<33500000,42,IF(BY24<34000000,45,IF(BY24<34500000,48,IF(BY24<35000000,52,52))))))))))))))))))) -> 52 | CG24: =(CB24+CD24)/209 -> 12195.167 | CH24: 30 | CI24: 30 | CJ24: 41200000 | CK24: =CL24*12 -> 41200093 | CL24: =SUM(CM24:CO24) -> 3433341.1 | CM24: =ROUNDUP(CJ24/12*209/(209+CQ24*1.5)/CH24*CI24,-1)-CO24 -> 2300240 | CN24: =ROUNDUP(CJ24/12*(CQ24*1.5)/(209+CQ24*1.5)/CH24*CI24,1) -> 933101.1 | CO24: 200000 | CP24: 209 | CQ24: =IF(CJ24<26000000,0,IF(CJ24<26500000,4,IF(CJ24<27000000,7,IF(CJ24<27500000,9,IF(CJ24<28000000,11,IF(CJ24<28500000,15,IF(CJ24<29000000,17,IF(CJ24<29500000,20,IF(CJ24<30000000,23,IF(CJ24<30500000,25,IF(CJ24<31000000,27,IF(CJ24<31500000,29,IF(CJ24<32000000,33,IF(CJ24<32500000,37,IF(CJ24<33000000,39,IF(CJ24<33500000,42,IF(CJ24<34000000,45,IF(CJ24<34500000,48,IF(CJ24<35000000,52,52))))))))))))))))))) -> 52 | CR24: =(CM24+CO24)/209 -> 11962.871 | CS24: 40000000 | CT24: =IFERROR(CS24/12,"") -> 3333333.3 | CU24: =IFERROR(CT24-CV24-CW24,"") -> 2227410 | CV24: =IFERROR(CT24*(CY24*1.5)/(209+(CY24*1.5)),"") -> 905923.34 | CW24: 200000 | CX24: 209 | CY24: 52 | CZ24: =SUM(CX24:CY24) -> 261 | DA24: =IFERROR((CU24/209)+(CW24-(9620*209*0.01))/209,"") -> 11518.202 | DB24: =IFERROR((CU24+CW24)/209,"") -> 11614.402 | DC24: 2023 | DG24: =B24 -> 210503
A25: =ROW()-2 -> 23 | B25: 210504 | C25: 이원택 | D25: 팀장 | E25: 선임 | F25: 정규직 | G25: 테스터 | H25: 3실 | I25: 우아한형제들 1팀 | J25: =+VLOOKUP($I25,[1]프로젝트현황!$I:$N,5,0) -> 서울시 | K25: =+VLOOKUP($I25,[1]프로젝트현황!$I:$N,6,0) -> 금천구 | L25: 44347 | M25: 44347 | P25: Lee Won Taek | Q25: 970415-1065515 | R25: =LEFT(Q25,6) -> 970415 | S25: =MID($Q25,3,2) -> 04 | T25: =IF(OR(MID($Q25,8,1)="1",MID($Q25,8,1)="3"),"남자",IF(OR(MID($Q25,8,1)="2",MID($Q25,8,1)="4"),"여자","")) -> 남자 | U25: =YEAR(TODAY())-IF(OR(MID($Q25,8,1)="1",MID($Q25,8,1)="2"),19&LEFT($Q25,2),IF(OR(MID($Q25,8,1)="3",MID($Q25,8,1)="4"),20&LEFT($Q25,2),""))+1 -> 30 | V25: 양력 | W25: 한국 | X25: 010-8936-5320 | Z25: 무 | AB25: TBELL | AC25: 李 元 垞 | AD25: =QUOTIENT(SUMPRODUCT(LEFT($AE25:$AF25,FIND("년",$AE25:$AF25)-1)*12+MID($AE25:$AF25,FIND("년",$AE25:$AF25)+1,FIND("개월",$AE25:$AF25)-FIND("년",$AE25:$AF25)-1)),12)&"년"&MOD(SUMPRODUCT(LEFT($AE25:$AF25,FIND("년",$AE25:$AF25)-1)*12+MID($AE25:$AF25,FIND("년",$AE25:$AF25)+1,FIND("개월",$AE25:$AF25)-FIND("년",$AE25:$AF25)-1)),12)&"개월" -> 4년8개월 | AE25: 0년 0개월 | AF25: =DATEDIF($L25,TODAY(),"y")&"년"&DATEDIF($L25,TODAY(),"ym")&"개월" -> 4년8개월 | AG25: 대림대학교 | AH25: 모바일인터넷과 | AI25: 전문학사 | AJ25: 44243 | AK25: =VALUE(LEFT($AD25,FIND("년",$AD25)-1)) -> 4 | AL25: =IF($AI25="전문학사",IF($AK25<=8,"초급",IF($AK25<12,"중급",IF($AK25<15,"고급",IF($AK25>=15,"특급"))))) -> 초급 | AM25: =IF(ISNUMBER(SEARCH("산업기사",$AT25)),IF($AK25>=13,"특급",IF($AK25>=10,"고급",IF($AK25>=7,"중급","초급"))),IF(ISNUMBER(SEARCH("기사",$AR25)),IF($AK25>=10,"특급",IF($AK25>=7,"고급",IF($AK25>=4,"중급","초급"))),"미해당")) -> 미해당 | AY25: IT기획 및 품질관리 | AZ25: 테스팅 엔지니어 | BA25: 기업은행 | BB25: 074-104301-01-010 | BC25: 모 | BD25: 010-8543-4320 | BE25: wt.lee@tbell.co.kr | BF25: 서울시 | BG25: 관악구 | BI25: 남부순환로 1430 신림푸르지오 114동 704호 | BJ25: =IFERROR(VLOOKUP($BG25,[1]프로젝트현황!Y:Z,2,0),"기타") -> 서남권 | BK25: =(IF(BF25="","",BF25&" "))&(IF(BG25="","",BG25&" "))&(IF(BH25="","",BH25&" "))&BI25 -> 서울시 관악구 남부순환로 1430 신림푸르지오 114동 704호 | BL25: 30 | BM25: 30 | BN25: 34000000 | BO25: =BP25*12 -> 34000082 | BP25: =SUM(BQ25:BS25) -> 2833340.2 | BQ25: =ROUNDUP(BN25/12*209/(209+BU25*1.5)/BL25*BM25,-1)-BS25 -> 1965150 | BR25: =ROUNDUP(BN25/12*(BU25*1.5)/(209+BU25*1.5)/BL25*BM25,1) -> 668190.2 | BS25: 200000 | BT25: 209 | BU25: =IF($BN25="","", IFERROR( IF($BN25<'[1]시간외시간 기준표'!$B$2,0, IF($BN25>LOOKUP(9.9E+307,'[1]시간외시간 기준표'!$B$2:$B$999), LOOKUP(9.9E+307,'[1]시간외시간 기준표'!$C$2:$C$999), LOOKUP($BN25,'[1]시간외시간 기준표'!$B$2:$B$999,'[1]시간외시간 기준표'!$C$2:$C$999) ) ),0) ) -> 43 | BV25: =(BQ25+BS25)/209 -> 10359.569 | BW25: 30 | BX25: 30 | BY25: 34000000 | BZ25: =CA25*12 -> 34000064 | CA25: =SUM(CB25:CD25) -> 2833338.7 | CB25: =ROUNDUP(BY25/12*209/(209+CF25*1.5)/BW25*BX25,-1)-CD25 -> 1907360 | CC25: =ROUNDUP(BY25/12*(CF25*1.5)/(209+CF25*1.5)/BW25*BX25,1) -> 725978.7 | CD25: 200000 | CE25: 209 | CF25: =IF(BY25<26000000,0,IF(BY25<26500000,4,IF(BY25<27000000,7,IF(BY25<27500000,9,IF(BY25<28000000,11,IF(BY25<28500000,15,IF(BY25<29000000,17,IF(BY25<29500000,20,IF(BY25<30000000,23,IF(BY25<30500000,25,IF(BY25<31000000,27,IF(BY25<31500000,29,IF(BY25<32000000,33,IF(BY25<32500000,37,IF(BY25<33000000,39,IF(BY25<33500000,42,IF(BY25<34000000,45,IF(BY25<34500000,48,IF(BY25<35000000,52,52))))))))))))))))))) -> 48 | CG25: =(CB25+CD25)/209 -> 10083.062 | CH25: 30 | CI25: 30 | CJ25: 32000000 | CK25: =CL25*12 -> 32000117 | CL25: =SUM(CM25:CO25) -> 2666676.4 | CM25: =ROUNDUP(CJ25/12*209/(209+CQ25*1.5)/CH25*CI25,-1)-CO25 -> 1907130 | CN25: =ROUNDUP(CJ25/12*(CQ25*1.5)/(209+CQ25*1.5)/CH25*CI25,1) -> 559546.4 | CO25: 200000 | CP25: 209 | CQ25: =IF(CJ25<26000000,0,IF(CJ25<26500000,4,IF(CJ25<27000000,7,IF(CJ25<27500000,9,IF(CJ25<28000000,11,IF(CJ25<28500000,15,IF(CJ25<29000000,17,IF(CJ25<29500000,20,IF(CJ25<30000000,23,IF(CJ25<30500000,25,IF(CJ25<31000000,27,IF(CJ25<31500000,29,IF(CJ25<32000000,33,IF(CJ25<32500000,37,IF(CJ25<33000000,39,IF(CJ25<33500000,42,IF(CJ25<34000000,45,IF(CJ25<34500000,48,IF(CJ25<35000000,52,52))))))))))))))))))) -> 37 | CR25: =(CM25+CO25)/209 -> 10081.962 | CS25: 28500000 | CT25: =IFERROR(CS25/12,"") -> 2375000 | CU25: =IFERROR(CT25-CV25-CW25,"") -> 1838501 | CV25: =IFERROR(CT25*(CY25*1.5)/(209+(CY25*1.5)),"") -> 336498.97 | CW25: 200000 | CX25: 209 | CY25: 23 | CZ25: =SUM(CX25:CY25) -> 232 | DA25: =IFERROR((CU25/209)+(CW25-(9620*209*0.01))/209,"") -> 9657.3934 | DB25: =IFERROR((CU25+CW25)/209,"") -> 9753.5934 | DC25: 2023 | DG25: =B25 -> 210504
A26: =ROW()-2 -> 24 | B26: 210703 | C26: 이유라 | E26: 선임 | F26: 정규직 | G26: 지원관리 | H26: 경영전략실 | I26: 대기자(경영전략실) | J26: =+VLOOKUP($I26,[1]프로젝트현황!$I:$N,5,0) -> 서울시 | K26: =+VLOOKUP($I26,[1]프로젝트현황!$I:$N,6,0) -> 강남구 | L26: 44378 | M26: 44378 | P26: Lee, Yura | Q26: 920917-2126213 | R26: =LEFT(Q26,6) -> 920917 | S26: =MID($Q26,3,2) -> 09 | T26: =IF(OR(MID($Q26,8,1)="1",MID($Q26,8,1)="3"),"남자",IF(OR(MID($Q26,8,1)="2",MID($Q26,8,1)="4"),"여자","")) -> 여자 | U26: =YEAR(TODAY())-IF(OR(MID($Q26,8,1)="1",MID($Q26,8,1)="2"),19&LEFT($Q26,2),IF(OR(MID($Q26,8,1)="3",MID($Q26,8,1)="4"),20&LEFT($Q26,2),""))+1 -> 35 | V26: 양력 | W26: 한국 | X26: 010-8828-0917 | Z26: 유 | AA26: 45072 | AB26: TBELL | AC26: 李 柔 羅 | AD26: =QUOTIENT(SUMPRODUCT(LEFT($AE26:$AF26,FIND("년",$AE26:$AF26)-1)*12+MID($AE26:$AF26,FIND("년",$AE26:$AF26)+1,FIND("개월",$AE26:$AF26)-FIND("년",$AE26:$AF26)-1)),12)&"년"&MOD(SUMPRODUCT(LEFT($AE26:$AF26,FIND("년",$AE26:$AF26)-1)*12+MID($AE26:$AF26,FIND("년",$AE26:$AF26)+1,FIND("개월",$AE26:$AF26)-FIND("년",$AE26:$AF26)-1)),12)&"개월" -> 4년7개월 | AE26: 0년 0개월 | AF26: =DATEDIF($L26,TODAY(),"y")&"년"&DATEDIF($L26,TODAY(),"ym")&"개월" -> 4년7개월 | AG26: 연세대학교 | AH26: 독어독문학 | AI26: 학사 | AJ26: 42429 | AK26: =VALUE(LEFT($AD26,FIND("년",$AD26)-1)) -> 4 | AL26: =IF($AI26="학사",IF($AK26<=5,"초급",IF($AK26<9,"중급",IF($AK26<12,"고급",IF($AK26>=12,"특급"))))) -> 초급 | AM26: =IF(ISNUMBER(SEARCH("산업기사",$AT26)),IF($AK26>=13,"특급",IF($AK26>=10,"고급",IF($AK26>=7,"중급","초급"))),IF(ISNUMBER(SEARCH("기사",$AR26)),IF($AK26>=10,"특급",IF($AK26>=7,"고급",IF($AK26>=4,"중급","초급"))),"미해당")) -> 미해당 | AY26: 응용SW개발 | AZ26: AI 데이터 가공 및 검수 | BA26: 기업은행 | BB26: 194-133344-01-013 | BC26: 배우자 | BD26: 010-4873-2725 | BE26: yr.lee@tbell.co.kr | BF26: 서울시 | BG26: 영등포구 | BI26: 양평로30길 38, 103-1301 | BJ26: =IFERROR(VLOOKUP($BG26,[1]프로젝트현황!Y:Z,2,0),"기타") -> 서남권 | BK26: =(IF(BF26="","",BF26&" "))&(IF(BG26="","",BG26&" "))&(IF(BH26="","",BH26&" "))&BI26 -> 서울시 영등포구 양평로30길 38, 103-1301 | BL26: 30 | BM26: 30 | BN26: 34500000 | BO26: =BP26*12 -> 34500043 | BP26: =SUM(BQ26:BS26) -> 2875003.6 | BQ26: =ROUNDUP(BN26/12*209/(209+BU26*1.5)/BL26*BM26,-1)-BS26 -> 1973150 | BR26: =ROUNDUP(BN26/12*(BU26*1.5)/(209+BU26*1.5)/BL26*BM26,1) -> 701853.6 | BS26: 200000 | BT26: 209 | BU26: =IF($BN26="","", IFERROR( IF($BN26<'[1]시간외시간 기준표'!$B$2,0, IF($BN26>LOOKUP(9.9E+307,'[1]시간외시간 기준표'!$B$2:$B$999), LOOKUP(9.9E+307,'[1]시간외시간 기준표'!$C$2:$C$999), LOOKUP($BN26,'[1]시간외시간 기준표'!$B$2:$B$999,'[1]시간외시간 기준표'!$C$2:$C$999) ) ),0) ) -> 45 | BV26: =(BQ26+BS26)/209 -> 10397.847 | BW26: 30 | BX26: 30 | BY26: 34500000 | BZ26: =CA26*12 -> 34500107 | CA26: =SUM(CB26:CD26) -> 2875008.9 | CB26: =ROUNDUP(BY26/12*209/(209+CF26*1.5)/BW26*BX26,-1)-CD26 -> 1893650 | CC26: =ROUNDUP(BY26/12*(CF26*1.5)/(209+CF26*1.5)/BW26*BX26,1) -> 781358.9 | CD26: 200000 | CE26: 209 | CF26: =IF(BY26<26000000,0,IF(BY26<26500000,4,IF(BY26<27000000,7,IF(BY26<27500000,9,IF(BY26<28000000,11,IF(BY26<28500000,15,IF(BY26<29000000,17,IF(BY26<29500000,20,IF(BY26<30000000,23,IF(BY26<30500000,25,IF(BY26<31000000,27,IF(BY26<31500000,29,IF(BY26<32000000,33,IF(BY26<32500000,37,IF(BY26<33000000,39,IF(BY26<33500000,42,IF(BY26<34000000,45,IF(BY26<34500000,48,IF(BY26<35000000,52,52))))))))))))))))))) -> 52 | CG26: =(CB26+CD26)/209 -> 10017.464 | CH26: 30 | CI26: 30 | CJ26: 33700000 | CK26: =CL26*12 -> 33700064 | CL26: =SUM(CM26:CO26) -> 2808338.7 | CM26: =ROUNDUP(CJ26/12*209/(209+CQ26*1.5)/CH26*CI26,-1)-CO26 -> 1922760 | CN26: =ROUNDUP(CJ26/12*(CQ26*1.5)/(209+CQ26*1.5)/CH26*CI26,1) -> 685578.7 | CO26: 200000 | CP26: 209 | CQ26: =IF(CJ26<26000000,0,IF(CJ26<26500000,4,IF(CJ26<27000000,7,IF(CJ26<27500000,9,IF(CJ26<28000000,11,IF(CJ26<28500000,15,IF(CJ26<29000000,17,IF(CJ26<29500000,20,IF(CJ26<30000000,23,IF(CJ26<30500000,25,IF(CJ26<31000000,27,IF(CJ26<31500000,29,IF(CJ26<32000000,33,IF(CJ26<32500000,37,IF(CJ26<33000000,39,IF(CJ26<33500000,42,IF(CJ26<34000000,45,IF(CJ26<34500000,48,IF(CJ26<35000000,52,52))))))))))))))))))) -> 45 | CR26: =(CM26+CO26)/209 -> 10156.746 | CS26: 32500000 | CT26: =IFERROR(CS26/12,"") -> 2708333.3 | CU26: =IFERROR(CT26-CV26-CW26,"") -> 1836121.1 | CV26: =IFERROR(CT26*(CY26*1.5)/(209+(CY26*1.5)),"") -> 672212.23 | CW26: 200000 | CX26: 209 | CY26: 46 | CZ26: =SUM(CX26:CY26) -> 255 | DA26: =IFERROR((CU26/209)+(CW26-(9620*209*0.01))/209,"") -> 9646.0062 | DB26: =IFERROR((CU26+CW26)/209,"") -> 9742.2062 | DC26: 2023 | DG26: =B26 -> 210703
A27: =ROW()-2 -> 25 | B27: 210901 | C27: 신명욱 | E27: 선임 | F27: 정규직 | G27: 테스터 | H27: 2실 | I27: SK텔레콤 23팀 | J27: =+VLOOKUP($I27,[1]프로젝트현황!$I:$N,5,0) -> 서울시 | K27: =+VLOOKUP($I27,[1]프로젝트현황!$I:$N,6,0) -> 구로구 | L27: 44466 | M27: 44466 | P27: SHIN, Myungwook | Q27: 880915-1155216 | R27: =LEFT(Q27,6) -> 880915 | S27: =MID($Q27,3,2) -> 09 | T27: =IF(OR(MID($Q27,8,1)="1",MID($Q27,8,1)="3"),"남자",IF(OR(MID($Q27,8,1)="2",MID($Q27,8,1)="4"),"여자","")) -> 남자 | U27: =YEAR(TODAY())-IF(OR(MID($Q27,8,1)="1",MID($Q27,8,1)="2"),19&LEFT($Q27,2),IF(OR(MID($Q27,8,1)="3",MID($Q27,8,1)="4"),20&LEFT($Q27,2),""))+1 -> 39 | V27: 양력 | W27: 한국 | X27: 010-8987-0894 | AB27: TBELL | AC27: 申 明 昱 | AD27: =QUOTIENT(SUMPRODUCT(LEFT($AE27:$AF27,FIND("년",$AE27:$AF27)-1)*12+MID($AE27:$AF27,FIND("년",$AE27:$AF27)+1,FIND("개월",$AE27:$AF27)-FIND("년",$AE27:$AF27)-1)),12)&"년"&MOD(SUMPRODUCT(LEFT($AE27:$AF27,FIND("년",$AE27:$AF27)-1)*12+MID($AE27:$AF27,FIND("년",$AE27:$AF27)+1,FIND("개월",$AE27:$AF27)-FIND("년",$AE27:$AF27)-1)),12)&"개월" -> 8년9개월 | AE27: 4년 5개월 | AF27: =DATEDIF($L27,TODAY(),"y")&"년"&DATEDIF($L27,TODAY(),"ym")&"개월" -> 4년4개월 | AG27: 부광고등학교 | AI27: 고졸 | AJ27: 39127 | AK27: =VALUE(LEFT($AD27,FIND("년",$AD27)-1)) -> 8 | AL27: =IF($AI27="고졸",IF($AK27<=11,"초급",IF($AK27<=14,"중급",IF($AK27<=17,"고급",IF($AK27>=18,"특급"))))) -> 초급 | AM27: =IF(ISNUMBER(SEARCH("산업기사",$AT27)),IF($AK27>=13,"특급",IF($AK27>=10,"고급",IF($AK27>=7,"중급","초급"))),IF(ISNUMBER(SEARCH("기사",$AR27)),IF($AK27>=10,"특급",IF($AK27>=7,"고급",IF($AK27>=4,"중급","초급"))),"미해당")) -> 미해당 | AP27: ISTQB | AQ27: 43301 | AW27: KSTQB | AX27: 2018.07.20 | AY27: IT기획 및 품질관리 | AZ27: 테스팅 엔지니어 | BA27: 기업은행 | BB27: 592-036328-01-011 | BC27: 형 | BD27: 010-9980-0914 | BE27: mu.shin@tbell.co.kr | BF27: 인천시 | BG27: 부평구 | BI27: 경원대로 1269, 117동 503호 (신곡동, 현대아파트) | BJ27: =IFERROR(VLOOKUP($BG27,[1]프로젝트현황!Y:Z,2,0),"기타") -> 서남권 | BK27: =(IF(BF27="","",BF27&" "))&(IF(BG27="","",BG27&" "))&(IF(BH27="","",BH27&" "))&BI27 -> 인천시 부평구 경원대로 1269, 117동 503호 (신곡동, 현대아파트) | BL27: 30 | BM27: 30 | BN27: 32400000 | BO27: =BP27*12 -> 32400061 | BP27: =SUM(BQ27:BS27) -> 2700005.1 | BQ27: =ROUNDUP(BN27/12*209/(209+BU27*1.5)/BL27*BM27,-1)-BS27 -> 1957940 | BR27: =ROUNDUP(BN27/12*(BU27*1.5)/(209+BU27*1.5)/BL27*BM27,1) -> 542065.1 | BS27: 200000 | BT27: 209 | BU27: =IF($BN27="","", IFERROR( IF($BN27<'[1]시간외시간 기준표'!$B$2,0, IF($BN27>LOOKUP(9.9E+307,'[1]시간외시간 기준표'!$B$2:$B$999), LOOKUP(9.9E+307,'[1]시간외시간 기준표'!$C$2:$C$999), LOOKUP($BN27,'[1]시간외시간 기준표'!$B$2:$B$999,'[1]시간외시간 기준표'!$C$2:$C$999) ) ),0) ) -> 35 | BV27: =(BQ27+BS27)/209 -> 10325.072 | BW27: 30 | BX27: 30 | BY27: 32400000 | BZ27: =CA27*12 -> 32400008 | CA27: =SUM(CB27:CD27) -> 2700000.7 | CB27: =ROUNDUP(BY27/12*209/(209+CF27*1.5)/BW27*BX27,-1)-CD27 -> 1933460 | CC27: =ROUNDUP(BY27/12*(CF27*1.5)/(209+CF27*1.5)/BW27*BX27,1) -> 566540.7 | CD27: 200000 | CE27: 209 | CF27: =IF(BY27<26000000,0,IF(BY27<26500000,4,IF(BY27<27000000,7,IF(BY27<27500000,9,IF(BY27<28000000,11,IF(BY27<28500000,15,IF(BY27<29000000,17,IF(BY27<29500000,20,IF(BY27<30000000,23,IF(BY27<30500000,25,IF(BY27<31000000,27,IF(BY27<31500000,29,IF(BY27<32000000,33,IF(BY27<32500000,37,IF(BY27<33000000,39,IF(BY27<33500000,42,IF(BY27<34000000,45,IF(BY27<34500000,48,IF(BY27<35000000,52,52))))))))))))))))))) -> 37 | CG27: =(CB27+CD27)/209 -> 10207.943 | CH27: 30 | CI27: 30 | CJ27: 31600000 | CK27: =CL27*12 -> 31600025 | CL27: =SUM(CM27:CO27) -> 2633335.4 | CM27: =ROUNDUP(CJ27/12*209/(209+CQ27*1.5)/CH27*CI27,-1)-CO27 -> 1929080 | CN27: =ROUNDUP(CJ27/12*(CQ27*1.5)/(209+CQ27*1.5)/CH27*CI27,1) -> 504255.4 | CO27: 200000 | CP27: 209 | CQ27: =IF(CJ27<26000000,0,IF(CJ27<26500000,4,IF(CJ27<27000000,7,IF(CJ27<27500000,9,IF(CJ27<28000000,11,IF(CJ27<28500000,15,IF(CJ27<29000000,17,IF(CJ27<29500000,20,IF(CJ27<30000000,23,IF(CJ27<30500000,25,IF(CJ27<31000000,27,IF(CJ27<31500000,29,IF(CJ27<32000000,33,IF(CJ27<32500000,37,IF(CJ27<33000000,39,IF(CJ27<33500000,42,IF(CJ27<34000000,45,IF(CJ27<34500000,48,IF(CJ27<35000000,52,52))))))))))))))))))) -> 33 | CR27: =(CM27+CO27)/209 -> 10186.986 | CS27: 31000000 | CT27: =IFERROR(CS27/12,"") -> 2583333.3 | CU27: =IFERROR(CT27-CV27-CW27,"") -> 1841272.8 | CV27: =IFERROR(CT27*(CY27*1.5)/(209+(CY27*1.5)),"") -> 542060.49 | CW27: 200000 | CX27: 209 | CY27: 37 | CZ27: =SUM(CX27:CY27) -> 246 | DA27: =IFERROR((CU27/209)+(CW27-(9620*209*0.01))/209,"") -> 9670.6557 | DB27: =IFERROR((CU27+CW27)/209,"") -> 9766.8557 | DC27: 2023 | DG27: =B27 -> 210901
A28: =ROW()-2 -> 26 | B28: 220103 | C28: 이영선 | E28: 선임 | F28: 정규직 | G28: 테스터 | H28: 1실 | I28: 웅진씽크빅 1팀 | J28: =+VLOOKUP($I28,[1]프로젝트현황!$I:$N,5,0) -> 서울시 | K28: =+VLOOKUP($I28,[1]프로젝트현황!$I:$N,6,0) -> 금천구 | L28: 44578 | M28: 44578 | P28: LEE, YeongSun | Q28: 950519-2249637 | R28: =LEFT(Q28,6) -> 950519 | S28: =MID($Q28,3,2) -> 05 | T28: =IF(OR(MID($Q28,8,1)="1",MID($Q28,8,1)="3"),"남자",IF(OR(MID($Q28,8,1)="2",MID($Q28,8,1)="4"),"여자","")) -> 여자 | U28: =YEAR(TODAY())-IF(OR(MID($Q28,8,1)="1",MID($Q28,8,1)="2"),19&LEFT($Q28,2),IF(OR(MID($Q28,8,1)="3",MID($Q28,8,1)="4"),20&LEFT($Q28,2),""))+1 -> 32 | V28: 양력 | W28: 한국 | X28: 010-6635-6908 | AB28: TBELL | AC28: 李 永 善 | AD28: =QUOTIENT(SUMPRODUCT(LEFT($AE28:$AF28,FIND("년",$AE28:$AF28)-1)*12+MID($AE28:$AF28,FIND("년",$AE28:$AF28)+1,FIND("개월",$AE28:$AF28)-FIND("년",$AE28:$AF28)-1)),12)&"년"&MOD(SUMPRODUCT(LEFT($AE28:$AF28,FIND("년",$AE28:$AF28)-1)*12+MID($AE28:$AF28,FIND("년",$AE28:$AF28)+1,FIND("개월",$AE28:$AF28)-FIND("년",$AE28:$AF28)-1)),12)&"개월" -> 5년4개월 | AE28: 1년 4개월 | AF28: =DATEDIF($L28,TODAY(),"y")&"년"&DATEDIF($L28,TODAY(),"ym")&"개월" -> 4년0개월 | AG28: 한경대학교 | AH28: 컴퓨터공학과 | AI28: 학사 | AJ28: 43882 | AK28: =VALUE(LEFT($AD28,FIND("년",$AD28)-1)) -> 5 | AL28: =IF($AI28="학사",IF($AK28<=5,"초급",IF($AK28<9,"중급",IF($AK28<12,"고급",IF($AK28>=12,"특급"))))) -> 초급 | AM28: =IF(ISNUMBER(SEARCH("산업기사",$AT28)),IF($AK28>=13,"특급",IF($AK28>=10,"고급",IF($AK28>=7,"중급","초급"))),IF(ISNUMBER(SEARCH("기사",$AR28)),IF($AK28>=10,"특급",IF($AK28>=7,"고급",IF($AK28>=4,"중급","초급"))),"미해당")) -> 중급 | AP28: ISTQB | AQ28: 44665 | AR28: 정보처리기사 | AS28: 43791 | AW28: 한국산업인력공단 KSTQB | AX28: 2019.11.22 2022.04.14 | AY28: IT기획 및 품질관리 | AZ28: 테스팅 엔지니어 | BA28: 기업은행 | BB28: 468-081043-01-012 | BC28: 모 | BD28: 010-4072-6630 | BE28: ys.lee@tbell.co.kr | BF28: 경기도 | BG28: 화성시 | BI28: 병점노을1로 14, 101동 703호 | BJ28: =IFERROR(VLOOKUP($BG28,[1]프로젝트현황!Y:Z,2,0),"기타") -> 서남권 | BK28: =(IF(BF28="","",BF28&" "))&(IF(BG28="","",BG28&" "))&(IF(BH28="","",BH28&" "))&BI28 -> 경기도 화성시 병점노을1로 14, 101동 703호 | BL28: 30 | BM28: 30 | BN28: 33300000 | BO28: =BP28*12 -> 33300110 | BP28: =SUM(BQ28:BS28) -> 2775009.2 | BQ28: =ROUNDUP(BN28/12*209/(209+BU28*1.5)/BL28*BM28,-1)-BS28 -> 1968140 | BR28: =ROUNDUP(BN28/12*(BU28*1.5)/(209+BU28*1.5)/BL28*BM28,1) -> 606869.2 | BS28: 200000 | BT28: 209 | BU28: =IF($BN28="","", IFERROR( IF($BN28<'[1]시간외시간 기준표'!$B$2,0, IF($BN28>LOOKUP(9.9E+307,'[1]시간외시간 기준표'!$B$2:$B$999), LOOKUP(9.9E+307,'[1]시간외시간 기준표'!$C$2:$C$999), LOOKUP($BN28,'[1]시간외시간 기준표'!$B$2:$B$999,'[1]시간외시간 기준표'!$C$2:$C$999) ) ),0) ) -> 39 | BV28: =(BQ28+BS28)/209 -> 10373.876 | BW28: 30 | BX28: 30 | BY28: 33300000 | BZ28: =CA28*12 -> 33300108 | CA28: =SUM(CB28:CD28) -> 2775009 | CB28: =ROUNDUP(BY28/12*209/(209+CF28*1.5)/BW28*BX28,-1)-CD28 -> 1932270 | CC28: =ROUNDUP(BY28/12*(CF28*1.5)/(209+CF28*1.5)/BW28*BX28,1) -> 642739 | CD28: 200000 | CE28: 209 | CF28: =IF(BY28<26000000,0,IF(BY28<26500000,4,IF(BY28<27000000,7,IF(BY28<27500000,9,IF(BY28<28000000,11,IF(BY28<28500000,15,IF(BY28<29000000,17,IF(BY28<29500000,20,IF(BY28<30000000,23,IF(BY28<30500000,25,IF(BY28<31000000,27,IF(BY28<31500000,29,IF(BY28<32000000,33,IF(BY28<32500000,37,IF(BY28<33000000,39,IF(BY28<33500000,42,IF(BY28<34000000,45,IF(BY28<34500000,48,IF(BY28<35000000,52,52))))))))))))))))))) -> 42 | CG28: =(CB28+CD28)/209 -> 10202.249 | CH28: 30 | CI28: 30 | CJ28: 31800000 | CK28: =CL28*12 -> 31800083 | CL28: =SUM(CM28:CO28) -> 2650006.9 | CM28: =ROUNDUP(CJ28/12*209/(209+CQ28*1.5)/CH28*CI28,-1)-CO28 -> 1942560 | CN28: =ROUNDUP(CJ28/12*(CQ28*1.5)/(209+CQ28*1.5)/CH28*CI28,1) -> 507446.9 | CO28: 200000 | CP28: 209 | CQ28: =IF(CJ28<26000000,0,IF(CJ28<26500000,4,IF(CJ28<27000000,7,IF(CJ28<27500000,9,IF(CJ28<28000000,11,IF(CJ28<28500000,15,IF(CJ28<29000000,17,IF(CJ28<29500000,20,IF(CJ28<30000000,23,IF(CJ28<30500000,25,IF(CJ28<31000000,27,IF(CJ28<31500000,29,IF(CJ28<32000000,33,IF(CJ28<32500000,37,IF(CJ28<33000000,39,IF(CJ28<33500000,42,IF(CJ28<34000000,45,IF(CJ28<34500000,48,IF(CJ28<35000000,52,52))))))))))))))))))) -> 33 | CR28: =(CM28+CO28)/209 -> 10251.483 | CS28: 30000000 | CT28: =IFERROR(CS28/12,"") -> 2500000 | CU28: =IFERROR(CT28-CV28-CW28,"") -> 1833073.9 | CV28: =IFERROR(CT28*(CY28*1.5)/(209+(CY28*1.5)),"") -> 466926.07 | CW28: 200000 | CX28: 209 | CY28: 32 | CZ28: =SUM(CX28:CY28) -> 241 | DA28: =IFERROR((CU28/209)+(CW28-(9620*209*0.01))/209,"") -> 9631.4265 | DB28: =IFERROR((CU28+CW28)/209,"") -> 9727.6265 | DC28: 2023 | DG28: =B28 -> 220103
A29: =ROW()-2 -> 27 | B29: 220104 | C29: 양혜원 | E29: 선임 | F29: 정규직 | G29: 테스터 | H29: 1실 | I29: 라인플러스 5팀 | J29: =+VLOOKUP($I29,[1]프로젝트현황!$I:$N,5,0) -> 경기도 | K29: =+VLOOKUP($I29,[1]프로젝트현황!$I:$N,6,0) -> 성남시 | L29: 44578 | M29: 44578 | P29: Yang, HyeWon | Q29: 820319-2452712 | R29: =LEFT(Q29,6) -> 820319 | S29: =MID($Q29,3,2) -> 03 | T29: =IF(OR(MID($Q29,8,1)="1",MID($Q29,8,1)="3"),"남자",IF(OR(MID($Q29,8,1)="2",MID($Q29,8,1)="4"),"여자","")) -> 여자 | U29: =YEAR(TODAY())-IF(OR(MID($Q29,8,1)="1",MID($Q29,8,1)="2"),19&LEFT($Q29,2),IF(OR(MID($Q29,8,1)="3",MID($Q29,8,1)="4"),20&LEFT($Q29,2),""))+1 -> 45 | V29: 양력 | W29: 한국 | X29: 010-4028-1471 | AB29: TBELL | AD29: =QUOTIENT(SUMPRODUCT(LEFT($AE29:$AF29,FIND("년",$AE29:$AF29)-1)*12+MID($AE29:$AF29,FIND("년",$AE29:$AF29)+1,FIND("개월",$AE29:$AF29)-FIND("년",$AE29:$AF29)-1)),12)&"년"&MOD(SUMPRODUCT(LEFT($AE29:$AF29,FIND("년",$AE29:$AF29)-1)*12+MID($AE29:$AF29,FIND("년",$AE29:$AF29)+1,FIND("개월",$AE29:$AF29)-FIND("년",$AE29:$AF29)-1)),12)&"개월" -> 7년6개월 | AE29: 3년 6개월 | AF29: =DATEDIF($L29,TODAY(),"y")&"년"&DATEDIF($L29,TODAY(),"ym")&"개월" -> 4년0개월 | AG29: 배재대학교 | AH29: 일본학과일본학 | AI29: 학사 | AJ29: 39135 | AK29: =VALUE(LEFT($AD29,FIND("년",$AD29)-1)) -> 7 | AL29: =IF($AI29="학사",IF($AK29<=5,"초급",IF($AK29<9,"중급",IF($AK29<12,"고급",IF($AK29>=12,"특급"))))) -> 중급 | AM29: =IF(ISNUMBER(SEARCH("산업기사",$AT29)),IF($AK29>=13,"특급",IF($AK29>=10,"고급",IF($AK29>=7,"중급","초급"))),IF(ISNUMBER(SEARCH("기사",$AR29)),IF($AK29>=10,"특급",IF($AK29>=7,"고급",IF($AK29>=4,"중급","초급"))),"미해당")) -> 미해당 | AP29: ISTQB | AQ29: 44443 | AV29: 워드프로세서 2급 JLPT 1급 | AW29: 대한상공회의소 국제교류기금 KSTQB | AX29: 2009.01 2007.02 2021.09.04 | AY29: IT기획 및 품질관리 | AZ29: 테스팅 엔지니어 | BA29: 기업은행 | BB29: 051-118083-01-019 | BC29: 자매 | BD29: 010-9526-1479 | BE29: hyewon.yang@tbell.co.kr | BF29: 서울시 | BG29: 성동구 | BI29: 마조로7길 15(행당동) | BJ29: =IFERROR(VLOOKUP($BG29,[1]프로젝트현황!Y:Z,2,0),"기타") -> 동북권 | BK29: =(IF(BF29="","",BF29&" "))&(IF(BG29="","",BG29&" "))&(IF(BH29="","",BH29&" "))&BI29 -> 서울시 성동구 마조로7길 15(행당동) | BL29: 30 | BM29: 30 | BN29: 33700000 | BO29: =BP29*12 -> 33700003 | BP29: =SUM(BQ29:BS29) -> 2808333.6 | BQ29: =ROUNDUP(BN29/12*209/(209+BU29*1.5)/BL29*BM29,-1)-BS29 -> 1969840 | BR29: =ROUNDUP(BN29/12*(BU29*1.5)/(209+BU29*1.5)/BL29*BM29,1) -> 638493.6 | BS29: 200000 | BT29: 209 | BU29: =IF($BN29="","", IFERROR( IF($BN29<'[1]시간외시간 기준표'!$B$2,0, IF($BN29>LOOKUP(9.9E+307,'[1]시간외시간 기준표'!$B$2:$B$999), LOOKUP(9.9E+307,'[1]시간외시간 기준표'!$C$2:$C$999), LOOKUP($BN29,'[1]시간외시간 기준표'!$B$2:$B$999,'[1]시간외시간 기준표'!$C$2:$C$999) ) ),0) ) -> 41 | BV29: =(BQ29+BS29)/209 -> 10382.01 | BW29: 30 | BX29: 30 | BY29: 33700000 | BZ29: =CA29*12 -> 33700064 | CA29: =SUM(CB29:CD29) -> 2808338.7 | CB29: =ROUNDUP(BY29/12*209/(209+CF29*1.5)/BW29*BX29,-1)-CD29 -> 1922760 | CC29: =ROUNDUP(BY29/12*(CF29*1.5)/(209+CF29*1.5)/BW29*BX29,1) -> 685578.7 | CD29: 200000 | CE29: 209 | CF29: =IF(BY29<26000000,0,IF(BY29<26500000,4,IF(BY29<27000000,7,IF(BY29<27500000,9,IF(BY29<28000000,11,IF(BY29<28500000,15,IF(BY29<29000000,17,IF(BY29<29500000,20,IF(BY29<30000000,23,IF(BY29<30500000,25,IF(BY29<31000000,27,IF(BY29<31500000,29,IF(BY29<32000000,33,IF(BY29<32500000,37,IF(BY29<33000000,39,IF(BY29<33500000,42,IF(BY29<34000000,45,IF(BY29<34500000,48,IF(BY29<35000000,52,52))))))))))))))))))) -> 45 | CG29: =(CB29+CD29)/209 -> 10156.746 | CH29: 30 | CI29: 30 | CJ29: 32200000 | CK29: =CL29*12 -> 32200002 | CL29: =SUM(CM29:CO29) -> 2683333.5 | CM29: =ROUNDUP(CJ29/12*209/(209+CQ29*1.5)/CH29*CI29,-1)-CO29 -> 1920290 | CN29: =ROUNDUP(CJ29/12*(CQ29*1.5)/(209+CQ29*1.5)/CH29*CI29,1) -> 563043.5 | CO29: 200000 | CP29: 209 | CQ29: =IF(CJ29<26000000,0,IF(CJ29<26500000,4,IF(CJ29<27000000,7,IF(CJ29<27500000,9,IF(CJ29<28000000,11,IF(CJ29<28500000,15,IF(CJ29<29000000,17,IF(CJ29<29500000,20,IF(CJ29<30000000,23,IF(CJ29<30500000,25,IF(CJ29<31000000,27,IF(CJ29<31500000,29,IF(CJ29<32000000,33,IF(CJ29<32500000,37,IF(CJ29<33000000,39,IF(CJ29<33500000,42,IF(CJ29<34000000,45,IF(CJ29<34500000,48,IF(CJ29<35000000,52,52))))))))))))))))))) -> 37 | CR29: =(CM29+CO29)/209 -> 10144.928 | CS29: 31000000 | CT29: =IFERROR(CS29/12,"") -> 2583333.3 | CU29: =IFERROR(CT29-CV29-CW29,"") -> 1841272.8 | CV29: =IFERROR(CT29*(CY29*1.5)/(209+(CY29*1.5)),"") -> 542060.49 | CW29: 200000 | CX29: 209 | CY29: 37 | CZ29: =SUM(CX29:CY29) -> 246 | DA29: =IFERROR((CU29/209)+(CW29-(9620*209*0.01))/209,"") -> 9670.6557 | DB29: =IFERROR((CU29+CW29)/209,"") -> 9766.8557 | DC29: 2023 | DG29: =B29 -> 220104
A30: =ROW()-2 -> 28 | B30: 220404 | C30: 송재현 | E30: 사원 | F30: 정규직 | G30: 테스터 | H30: 2실 | I30: 반티바 1팀 | J30: =+VLOOKUP($I30,[1]프로젝트현황!$I:$N,5,0) -> 경기도 | K30: =+VLOOKUP($I30,[1]프로젝트현황!$I:$N,6,0) -> 성남시 | L30: 44669 | M30: 44669 | P30: Song, Jae Hyeon | Q30: 951109-1025913 | R30: =LEFT(Q30,6) -> 951109 | S30: =MID($Q30,3,2) -> 11 | T30: =IF(OR(MID($Q30,8,1)="1",MID($Q30,8,1)="3"),"남자",IF(OR(MID($Q30,8,1)="2",MID($Q30,8,1)="4"),"여자","")) -> 남자 | U30: =YEAR(TODAY())-IF(OR(MID($Q30,8,1)="1",MID($Q30,8,1)="2"),19&LEFT($Q30,2),IF(OR(MID($Q30,8,1)="3",MID($Q30,8,1)="4"),20&LEFT($Q30,2),""))+1 -> 32 | V30: 양력 | W30: 한국 | X30: 010-3910-6506 | AB30: TBELL | AC30: 宋宰弦 | AD30: =QUOTIENT(SUMPRODUCT(LEFT($AE30:$AF30,FIND("년",$AE30:$AF30)-1)*12+MID($AE30:$AF30,FIND("년",$AE30:$AF30)+1,FIND("개월",$AE30:$AF30)-FIND("년",$AE30:$AF30)-1)),12)&"년"&MOD(SUMPRODUCT(LEFT($AE30:$AF30,FIND("년",$AE30:$AF30)-1)*12+MID($AE30:$AF30,FIND("년",$AE30:$AF30)+1,FIND("개월",$AE30:$AF30)-FIND("년",$AE30:$AF30)-1)),12)&"개월" -> 3년9개월 | AE30: 0년 0개월 | AF30: =DATEDIF($L30,TODAY(),"y")&"년"&DATEDIF($L30,TODAY(),"ym")&"개월" -> 3년9개월 | AG30: 서일대학교 | AH30: 컴퓨터응용전자과 | AI30: 전문학사 | AJ30: 43872 | AK30: =VALUE(LEFT($AD30,FIND("년",$AD30)-1)) -> 3 | AL30: =IF($AI30="전문학사",IF($AK30<=8,"초급",IF($AK30<12,"중급",IF($AK30<15,"고급",IF($AK30>=15,"특급"))))) -> 초급 | AM30: =IF(ISNUMBER(SEARCH("산업기사",$AT30)),IF($AK30>=13,"특급",IF($AK30>=10,"고급",IF($AK30>=7,"중급","초급"))),IF(ISNUMBER(SEARCH("기사",$AR30)),IF($AK30>=10,"특급",IF($AK30>=7,"고급",IF($AK30>=4,"중급","초급"))),"미해당")) -> 미해당 | AY30: IT기획 및 품질관리 | AZ30: 테스팅 엔지니어 | BA30: 기업은행 | BB30: 005-112710-01-012 | BC30: 모 | BD30: 010-6554-6506 | BE30: jh.song@tbell.co.kr | BF30: 서울시 | BG30: 강북구 | BI30: 삼양로27길 19, 215동 401호 (미아동,삼성래미안트리베라아파트) | BJ30: =IFERROR(VLOOKUP($BG30,[1]프로젝트현황!Y:Z,2,0),"기타") -> 동북권 | BK30: =(IF(BF30="","",BF30&" "))&(IF(BG30="","",BG30&" "))&(IF(BH30="","",BH30&" "))&BI30 -> 서울시 강북구 삼양로27길 19, 215동 401호 (미아동,삼성래미안트리베라아파트) | BL30: 30 | BM30: 30 | BN30: 29500000 | BO30: =BP30*12 -> 29500080 | BP30: =SUM(BQ30:BS30) -> 2458340 | BQ30: =ROUNDUP(BN30/12*209/(209+BU30*1.5)/BL30*BM30,-1)-BS30 -> 1977090 | BR30: =ROUNDUP(BN30/12*(BU30*1.5)/(209+BU30*1.5)/BL30*BM30,1) -> 281250 | BS30: 200000 | BT30: 209 | BU30: =IF($BN30="","", IFERROR( IF($BN30<'[1]시간외시간 기준표'!$B$2,0, IF($BN30>LOOKUP(9.9E+307,'[1]시간외시간 기준표'!$B$2:$B$999), LOOKUP(9.9E+307,'[1]시간외시간 기준표'!$C$2:$C$999), LOOKUP($BN30,'[1]시간외시간 기준표'!$B$2:$B$999,'[1]시간외시간 기준표'!$C$2:$C$999) ) ),0) ) -> 18 | BV30: =(BQ30+BS30)/209 -> 10416.699 | BW30: 30 | BX30: 30 | BY30: 29500000 | BZ30: =CA30*12 -> 29500032 | CA30: =SUM(CB30:CD30) -> 2458336 | CB30: =ROUNDUP(BY30/12*209/(209+CF30*1.5)/BW30*BX30,-1)-CD30 -> 1910030 | CC30: =ROUNDUP(BY30/12*(CF30*1.5)/(209+CF30*1.5)/BW30*BX30,1) -> 348306 | CD30: 200000 | CE30: 209 | CF30: =IF(BY30<26000000,0,IF(BY30<26500000,4,IF(BY30<27000000,7,IF(BY30<27500000,9,IF(BY30<28000000,11,IF(BY30<28500000,15,IF(BY30<29000000,17,IF(BY30<29500000,20,IF(BY30<30000000,23,IF(BY30<30500000,25,IF(BY30<31000000,27,IF(BY30<31500000,29,IF(BY30<32000000,33,IF(BY30<32500000,37,IF(BY30<33000000,39,IF(BY30<33500000,42,IF(BY30<34000000,45,IF(BY30<34500000,48,IF(BY30<35000000,52,52))))))))))))))))))) -> 23 | CG30: =(CB30+CD30)/209 -> 10095.837 | CH30: 30 | CI30: 30 | CJ30: 28700000 | CK30: =CL30*12 -> 28700096 | CL30: =SUM(CM30:CO30) -> 2391674.7 | CM30: =ROUNDUP(CJ30/12*209/(209+CQ30*1.5)/CH30*CI30,-1)-CO30 -> 1931600 | CN30: =ROUNDUP(CJ30/12*(CQ30*1.5)/(209+CQ30*1.5)/CH30*CI30,1) -> 260074.7 | CO30: 200000 | CP30: 209 | CQ30: =IF(CJ30<26000000,0,IF(CJ30<26500000,4,IF(CJ30<27000000,7,IF(CJ30<27500000,9,IF(CJ30<28000000,11,IF(CJ30<28500000,15,IF(CJ30<29000000,17,IF(CJ30<29500000,20,IF(CJ30<30000000,23,IF(CJ30<30500000,25,IF(CJ30<31000000,27,IF(CJ30<31500000,29,IF(CJ30<32000000,33,IF(CJ30<32500000,37,IF(CJ30<33000000,39,IF(CJ30<33500000,42,IF(CJ30<34000000,45,IF(CJ30<34500000,48,IF(CJ30<35000000,52,52))))))))))))))))))) -> 17 | CR30: =(CM30+CO30)/209 -> 10199.043 | CS30: 27500000 | CT30: =IFERROR(CS30/12,"") -> 2291666.7 | CU30: =IFERROR(CT30-CV30-CW30,"") -> 1842466.2 | CV30: =IFERROR(CT30*(CY30*1.5)/(209+(CY30*1.5)),"") -> 249200.43 | CW30: 200000 | CX30: 209 | CY30: 17 | CZ30: =SUM(CX30:CY30) -> 226 | DA30: =IFERROR((CU30/209)+(CW30-(9620*209*0.01))/209,"") -> 9676.3657 | DB30: =IFERROR((CU30+CW30)/209,"") -> 9772.5657 | DC30: 2023 | DG30: =B30 -> 220404
A31: =ROW()-2 -> 29 | B31: 220501 | C31: 김준하 | E31: 선임 | F31: 정규직 | G31: 개발자 | H31: 개발연구소 | I31: 개발연구소 | J31: =+VLOOKUP($I31,[1]프로젝트현황!$I:$N,5,0) -> 서울시 | K31: =+VLOOKUP($I31,[1]프로젝트현황!$I:$N,6,0) -> 강남구 | L31: 44683 | M31: 44683 | P31: KIM, Junha | Q31: 000206-3403929 | R31: =LEFT(Q31,6) -> 000206 | S31: =MID($Q31,3,2) -> 02 | T31: =IF(OR(MID($Q31,8,1)="1",MID($Q31,8,1)="3"),"남자",IF(OR(MID($Q31,8,1)="2",MID($Q31,8,1)="4"),"여자","")) -> 남자 | U31: =YEAR(TODAY())-IF(OR(MID($Q31,8,1)="1",MID($Q31,8,1)="2"),19&LEFT($Q31,2),IF(OR(MID($Q31,8,1)="3",MID($Q31,8,1)="4"),20&LEFT($Q31,2),""))+1 -> 27 | V31: 양력 | W31: 한국 | X31: 010-8559-7560 | AB31: TBELL | AC31: 金俊夏 | AD31: =QUOTIENT(SUMPRODUCT(LEFT($AE31:$AF31,FIND("년",$AE31:$AF31)-1)*12+MID($AE31:$AF31,FIND("년",$AE31:$AF31)+1,FIND("개월",$AE31:$AF31)-FIND("년",$AE31:$AF31)-1)),12)&"년"&MOD(SUMPRODUCT(LEFT($AE31:$AF31,FIND("년",$AE31:$AF31)-1)*12+MID($AE31:$AF31,FIND("년",$AE31:$AF31)+1,FIND("개월",$AE31:$AF31)-FIND("년",$AE31:$AF31)-1)),12)&"개월" -> 3년9개월 | AE31: 0년 0개월 | AF31: =DATEDIF($L31,TODAY(),"y")&"년"&DATEDIF($L31,TODAY(),"ym")&"개월" -> 3년9개월 | AG31: 세종대학교(휴학) | AH31: 컴퓨터공학 | AI31: 학사 | AJ31: 44622 | AK31: =VALUE(LEFT($AD31,FIND("년",$AD31)-1)) -> 3 | AL31: =IF($AI31="학사",IF($AK31<=5,"초급",IF($AK31<9,"중급",IF($AK31<12,"고급",IF($AK31>=12,"특급"))))) -> 초급 | AM31: =IF(ISNUMBER(SEARCH("산업기사",$AT31)),IF($AK31>=13,"특급",IF($AK31>=10,"고급",IF($AK31>=7,"중급","초급"))),IF(ISNUMBER(SEARCH("기사",$AR31)),IF($AK31>=10,"특급",IF($AK31>=7,"고급",IF($AK31>=4,"중급","초급"))),"미해당")) -> 미해당 | AV31: 정보처리기능사 | AW31: 한국산업인력공단 | AX31: 2018.07.18 | AY31: IT기획 및 품질관리 | AZ31: 테스팅 엔지니어 | BA31: 기업은행 | BB31: 977-039689-01-013 | BC31: 모 | BD31: 010-6293-5956 | BE31: junha.kim@tbell.co.kr | BF31: 서울시 | BG31: 관악구 | BI31: 남부순환로 1527 (신림동) 502호 | BJ31: =IFERROR(VLOOKUP($BG31,[1]프로젝트현황!Y:Z,2,0),"기타") -> 서남권 | BK31: =(IF(BF31="","",BF31&" "))&(IF(BG31="","",BG31&" "))&(IF(BH31="","",BH31&" "))&BI31 -> 서울시 관악구 남부순환로 1527 (신림동) 502호 | BL31: 30 | BM31: 30 | BN31: 31800000 | BO31: =BP31*12 -> 31800116 | BP31: =SUM(BQ31:BS31) -> 2650009.7 | BQ31: =ROUNDUP(BN31/12*209/(209+BU31*1.5)/BL31*BM31,-1)-BS31 -> 1967720 | BR31: =ROUNDUP(BN31/12*(BU31*1.5)/(209+BU31*1.5)/BL31*BM31,1) -> 482289.7 | BS31: 200000 | BT31: 209 | BU31: =IF($BN31="","", IFERROR( IF($BN31<'[1]시간외시간 기준표'!$B$2,0, IF($BN31>LOOKUP(9.9E+307,'[1]시간외시간 기준표'!$B$2:$B$999), LOOKUP(9.9E+307,'[1]시간외시간 기준표'!$C$2:$C$999), LOOKUP($BN31,'[1]시간외시간 기준표'!$B$2:$B$999,'[1]시간외시간 기준표'!$C$2:$C$999) ) ),0) ) -> 31 | BV31: =(BQ31+BS31)/209 -> 10371.866 | BW31: 30 | BX31: 30 | BY31: 31800000 | BZ31: =CA31*12 -> 31800083 | CA31: =SUM(CB31:CD31) -> 2650006.9 | CB31: =ROUNDUP(BY31/12*209/(209+CF31*1.5)/BW31*BX31,-1)-CD31 -> 1942560 | CC31: =ROUNDUP(BY31/12*(CF31*1.5)/(209+CF31*1.5)/BW31*BX31,1) -> 507446.9 | CD31: 200000 | CE31: 209 | CF31: =IF(BY31<26000000,0,IF(BY31<26500000,4,IF(BY31<27000000,7,IF(BY31<27500000,9,IF(BY31<28000000,11,IF(BY31<28500000,15,IF(BY31<29000000,17,IF(BY31<29500000,20,IF(BY31<30000000,23,IF(BY31<30500000,25,IF(BY31<31000000,27,IF(BY31<31500000,29,IF(BY31<32000000,33,IF(BY31<32500000,37,IF(BY31<33000000,39,IF(BY31<33500000,42,IF(BY31<34000000,45,IF(BY31<34500000,48,IF(BY31<35000000,52,52))))))))))))))))))) -> 33 | CG31: =(CB31+CD31)/209 -> 10251.483 | CH31: 30 | CI31: 30 | CJ31: 31000000 | CK31: =CL31*12 -> 31000075 | CL31: =SUM(CM31:CO31) -> 2583339.6 | CM31: =ROUNDUP(CJ31/12*209/(209+CQ31*1.5)/CH31*CI31,-1)-CO31 -> 1938290 | CN31: =ROUNDUP(CJ31/12*(CQ31*1.5)/(209+CQ31*1.5)/CH31*CI31,1) -> 445049.6 | CO31: 200000 | CP31: 209 | CQ31: =IF(CJ31<26000000,0,IF(CJ31<26500000,4,IF(CJ31<27000000,7,IF(CJ31<27500000,9,IF(CJ31<28000000,11,IF(CJ31<28500000,15,IF(CJ31<29000000,17,IF(CJ31<29500000,20,IF(CJ31<30000000,23,IF(CJ31<30500000,25,IF(CJ31<31000000,27,IF(CJ31<31500000,29,IF(CJ31<32000000,33,IF(CJ31<32500000,37,IF(CJ31<33000000,39,IF(CJ31<33500000,42,IF(CJ31<34000000,45,IF(CJ31<34500000,48,IF(CJ31<35000000,52,52))))))))))))))))))) -> 29 | CR31: =(CM31+CO31)/209 -> 10231.053 | CS31: 28000000 | CT31: =IFERROR(CS31/12,"") -> 2333333.3 | CU31: =IFERROR(CT31-CV31-CW31,"") -> 1840446.3 | CV31: =IFERROR(CT31*(CY31*1.5)/(209+(CY31*1.5)),"") -> 292887.03 | CW31: 200000 | CX31: 209 | CY31: 20 | CZ31: =SUM(CX31:CY31) -> 229 | DA31: =IFERROR((CU31/209)+(CW31-(9620*209*0.01))/209,"") -> 9666.701 | DB31: =IFERROR((CU31+CW31)/209,"") -> 9762.901 | DC31: 2023 | DG31: =B31 -> 220501
A32: =ROW()-2 -> 30 | B32: 220602 | C32: 최세욱 | E32: 사원 | F32: 정규직 | G32: 테스터 | H32: 1실 | I32: 라인플러스 5팀 | J32: =+VLOOKUP($I32,[1]프로젝트현황!$I:$N,5,0) -> 경기도 | K32: =+VLOOKUP($I32,[1]프로젝트현황!$I:$N,6,0) -> 성남시 | L32: 44719 | M32: 44719 | P32: CHOI, Sewook | Q32: 920626-1005711 | R32: =LEFT(Q32,6) -> 920626 | S32: =MID($Q32,3,2) -> 06 | T32: =IF(OR(MID($Q32,8,1)="1",MID($Q32,8,1)="3"),"남자",IF(OR(MID($Q32,8,1)="2",MID($Q32,8,1)="4"),"여자","")) -> 남자 | U32: =YEAR(TODAY())-IF(OR(MID($Q32,8,1)="1",MID($Q32,8,1)="2"),19&LEFT($Q32,2),IF(OR(MID($Q32,8,1)="3",MID($Q32,8,1)="4"),20&LEFT($Q32,2),""))+1 -> 35 | V32: 양력 | W32: 한국 | X32: 010-6223-5999 | Z32: 무 | AB32: TBELL | AC32: 崔世煜 | AD32: =QUOTIENT(SUMPRODUCT(LEFT($AE32:$AF32,FIND("년",$AE32:$AF32)-1)*12+MID($AE32:$AF32,FIND("년",$AE32:$AF32)+1,FIND("개월",$AE32:$AF32)-FIND("년",$AE32:$AF32)-1)),12)&"년"&MOD(SUMPRODUCT(LEFT($AE32:$AF32,FIND("년",$AE32:$AF32)-1)*12+MID($AE32:$AF32,FIND("년",$AE32:$AF32)+1,FIND("개월",$AE32:$AF32)-FIND("년",$AE32:$AF32)-1)),12)&"개월" -> 3년8개월 | AE32: 0년 0개월 | AF32: =DATEDIF($L32,TODAY(),"y")&"년"&DATEDIF($L32,TODAY(),"ym")&"개월" -> 3년8개월 | AG32: 건국대학교사범대학부속고등학교 | AH32: 문과 | AI32: 고졸 | AJ32: 40583 | AK32: =VALUE(LEFT($AD32,FIND("년",$AD32)-1)) -> 3 | AL32: =IF($AI32="고졸",IF($AK32<=11,"초급",IF($AK32<=14,"중급",IF($AK32<=17,"고급",IF($AK32>=18,"특급"))))) -> 초급 | AM32: =IF(ISNUMBER(SEARCH("산업기사",$AT32)),IF($AK32>=13,"특급",IF($AK32>=10,"고급",IF($AK32>=7,"중급","초급"))),IF(ISNUMBER(SEARCH("기사",$AR32)),IF($AK32>=10,"특급",IF($AK32>=7,"고급",IF($AK32>=4,"중급","초급"))),"미해당")) -> 미해당 | AP32: ISTQB | AQ32: 44728 | AW32: KSTQB | AX32: 2022.06.16 | AY32: IT기획 및 품질관리 | AZ32: 테스팅 엔지니어 | BA32: 기업은행 | BB32: 478-077654-02-014 | BC32: 모 | BD32: 010-8982-6702 | BE32: sw.choi@tbell.co.kr | BF32: 서울시 | BG32: 광진구 | BI32: 뚝섬로45길 40 (자양동) | BJ32: =IFERROR(VLOOKUP($BG32,[1]프로젝트현황!Y:Z,2,0),"기타") -> 동북권 | BK32: =(IF(BF32="","",BF32&" "))&(IF(BG32="","",BG32&" "))&(IF(BH32="","",BH32&" "))&BI32 -> 서울시 광진구 뚝섬로45길 40 (자양동) | BL32: 30 | BM32: 30 | BN32: 27900000 | BO32: =BP32*12 -> 27900024 | BP32: =SUM(BQ32:BS32) -> 2325002 | BQ32: =ROUNDUP(BN32/12*209/(209+BU32*1.5)/BL32*BM32,-1)-BS32 -> 1969310 | BR32: =ROUNDUP(BN32/12*(BU32*1.5)/(209+BU32*1.5)/BL32*BM32,1) -> 155692 | BS32: 200000 | BT32: 209 | BU32: =IF($BN32="","", IFERROR( IF($BN32<'[1]시간외시간 기준표'!$B$2,0, IF($BN32>LOOKUP(9.9E+307,'[1]시간외시간 기준표'!$B$2:$B$999), LOOKUP(9.9E+307,'[1]시간외시간 기준표'!$C$2:$C$999), LOOKUP($BN32,'[1]시간외시간 기준표'!$B$2:$B$999,'[1]시간외시간 기준표'!$C$2:$C$999) ) ),0) ) -> 10 | BV32: =(BQ32+BS32)/209 -> 10379.474 | BW32: 30 | BX32: 30 | BY32: 27900000 | BZ32: =CA32*12 -> 27900024 | CA32: =SUM(CB32:CD32) -> 2325002 | CB32: =ROUNDUP(BY32/12*209/(209+CF32*1.5)/BW32*BX32,-1)-CD32 -> 1954880 | CC32: =ROUNDUP(BY32/12*(CF32*1.5)/(209+CF32*1.5)/BW32*BX32,1) -> 170122 | CD32: 200000 | CE32: 209 | CF32: =IF(BY32<26000000,0,IF(BY32<26500000,4,IF(BY32<27000000,7,IF(BY32<27500000,9,IF(BY32<28000000,11,IF(BY32<28500000,15,IF(BY32<29000000,17,IF(BY32<29500000,20,IF(BY32<30000000,23,IF(BY32<30500000,25,IF(BY32<31000000,27,IF(BY32<31500000,29,IF(BY32<32000000,33,IF(BY32<32500000,37,IF(BY32<33000000,39,IF(BY32<33500000,42,IF(BY32<34000000,45,IF(BY32<34500000,48,IF(BY32<35000000,52,52))))))))))))))))))) -> 11 | CG32: =(CB32+CD32)/209 -> 10310.431 | CH32: 30 | CI32: 30 | CJ32: 27100000 | CK32: =CL32*12 -> 27100110 | CL32: =SUM(CM32:CO32) -> 2258342.5 | CM32: =ROUNDUP(CJ32/12*209/(209+CQ32*1.5)/CH32*CI32,-1)-CO32 -> 1921320 | CN32: =ROUNDUP(CJ32/12*(CQ32*1.5)/(209+CQ32*1.5)/CH32*CI32,1) -> 137022.5 | CO32: 200000 | CP32: 209 | CQ32: =IF(CJ32<26000000,0,IF(CJ32<26500000,4,IF(CJ32<27000000,7,IF(CJ32<27500000,9,IF(CJ32<28000000,11,IF(CJ32<28500000,15,IF(CJ32<29000000,17,IF(CJ32<29500000,20,IF(CJ32<30000000,23,IF(CJ32<30500000,25,IF(CJ32<31000000,27,IF(CJ32<31500000,29,IF(CJ32<32000000,33,IF(CJ32<32500000,37,IF(CJ32<33000000,39,IF(CJ32<33500000,42,IF(CJ32<34000000,45,IF(CJ32<34500000,48,IF(CJ32<35000000,52,52))))))))))))))))))) -> 9 | CR32: =(CM32+CO32)/209 -> 10149.856 | CS32: 26500000 | CT32: =IFERROR(CS32/12,"") -> 2208333.3 | CU32: =IFERROR(CT32-CV32-CW32,"") -> 1833223.2 | CV32: =IFERROR(CT32*(CY32*1.5)/(209+(CY32*1.5)),"") -> 175110.13 | CW32: 200000 | CX32: 209 | CY32: 12 | CZ32: =SUM(CX32:CY32) -> 221 | DA32: =IFERROR((CU32/209)+(CW32-(9620*209*0.01))/209,"") -> 9632.1407 | DB32: =IFERROR((CU32+CW32)/209,"") -> 9728.3407 | DC32: 2023 | DG32: =B32 -> 220602
A33: =ROW()-2 -> 31 | B33: 220604 | C33: 김예경 | E33: 선임 | F33: 정규직 | G33: 테스터 | H33: 3실 | I33: 우아한형제들 2팀 | J33: =+VLOOKUP($I33,[1]프로젝트현황!$I:$N,5,0) -> 서울시 | K33: =+VLOOKUP($I33,[1]프로젝트현황!$I:$N,6,0) -> 강남구 | L33: 44732 | M33: 44732 | P33: KIM, Yekyeong | Q33: 010420-4187419 | R33: =LEFT(Q33,6) -> 010420 | S33: =MID($Q33,3,2) -> 04 | T33: =IF(OR(MID($Q33,8,1)="1",MID($Q33,8,1)="3"),"남자",IF(OR(MID($Q33,8,1)="2",MID($Q33,8,1)="4"),"여자","")) -> 여자 | U33: =YEAR(TODAY())-IF(OR(MID($Q33,8,1)="1",MID($Q33,8,1)="2"),19&LEFT($Q33,2),IF(OR(MID($Q33,8,1)="3",MID($Q33,8,1)="4"),20&LEFT($Q33,2),""))+1 -> 26 | V33: 양력 | W33: 한국 | X33: 010-8854-1381 | Z33: 무 | AB33: TBELL | AC33: 金禮京 | AD33: =QUOTIENT(SUMPRODUCT(LEFT($AE33:$AF33,FIND("년",$AE33:$AF33)-1)*12+MID($AE33:$AF33,FIND("년",$AE33:$AF33)+1,FIND("개월",$AE33:$AF33)-FIND("년",$AE33:$AF33)-1)),12)&"년"&MOD(SUMPRODUCT(LEFT($AE33:$AF33,FIND("년",$AE33:$AF33)-1)*12+MID($AE33:$AF33,FIND("년",$AE33:$AF33)+1,FIND("개월",$AE33:$AF33)-FIND("년",$AE33:$AF33)-1)),12)&"개월" -> 4년7개월 | AE33: 1년 0개월 | AF33: =DATEDIF($L33,TODAY(),"y")&"년"&DATEDIF($L33,TODAY(),"ym")&"개월" -> 3년7개월 | AG33: 대림대학교 | AH33: 융합소프트웨어과 | AI33: 전문학사 | AJ33: 44607 | AK33: =VALUE(LEFT($AD33,FIND("년",$AD33)-1)) -> 4 | AL33: =IF($AI33="전문학사",IF($AK33<=8,"초급",IF($AK33<12,"중급",IF($AK33<15,"고급",IF($AK33>=15,"특급"))))) -> 초급 | AM33: =IF(ISNUMBER(SEARCH("산업기사",$AT33)),IF($AK33>=13,"특급",IF($AK33>=10,"고급",IF($AK33>=7,"중급","초급"))),IF(ISNUMBER(SEARCH("기사",$AR33)),IF($AK33>=10,"특급",IF($AK33>=7,"고급",IF($AK33>=4,"중급","초급"))),"미해당")) -> 미해당 | AY33: IT기획 및 품질관리 | AZ33: 테스팅 엔지니어 | BA33: 기업은행 | BB33: 167-153649-01-011 | BC33: 모 | BD33: 010-9262-1381 | BE33: yk.kim@tbell.co.kr | BF33: 경기도 | BG33: 광명시 | BI33: 광명로927번길 6-10, 302호(광명동, 보륭빌라) | BJ33: =IFERROR(VLOOKUP($BG33,[1]프로젝트현황!Y:Z,2,0),"기타") -> 서남권 | BK33: =(IF(BF33="","",BF33&" "))&(IF(BG33="","",BG33&" "))&(IF(BH33="","",BH33&" "))&BI33 -> 경기도 광명시 광명로927번길 6-10, 302호(광명동, 보륭빌라) | BL33: 30 | BM33: 30 | BN33: 29500000 | BO33: =BP33*12 -> 29500080 | BP33: =SUM(BQ33:BS33) -> 2458340 | BQ33: =ROUNDUP(BN33/12*209/(209+BU33*1.5)/BL33*BM33,-1)-BS33 -> 1977090 | BR33: =ROUNDUP(BN33/12*(BU33*1.5)/(209+BU33*1.5)/BL33*BM33,1) -> 281250 | BS33: 200000 | BT33: 209 | BU33: =IF($BN33="","", IFERROR( IF($BN33<'[1]시간외시간 기준표'!$B$2,0, IF($BN33>LOOKUP(9.9E+307,'[1]시간외시간 기준표'!$B$2:$B$999), LOOKUP(9.9E+307,'[1]시간외시간 기준표'!$C$2:$C$999), LOOKUP($BN33,'[1]시간외시간 기준표'!$B$2:$B$999,'[1]시간외시간 기준표'!$C$2:$C$999) ) ),0) ) -> 18 | BV33: =(BQ33+BS33)/209 -> 10416.699 | BW33: 30 | BX33: 30 | BY33: 29500000 | BZ33: =CA33*12 -> 29500032 | CA33: =SUM(CB33:CD33) -> 2458336 | CB33: =ROUNDUP(BY33/12*209/(209+CF33*1.5)/BW33*BX33,-1)-CD33 -> 1910030 | CC33: =ROUNDUP(BY33/12*(CF33*1.5)/(209+CF33*1.5)/BW33*BX33,1) -> 348306 | CD33: 200000 | CE33: 209 | CF33: =IF(BY33<26000000,0,IF(BY33<26500000,4,IF(BY33<27000000,7,IF(BY33<27500000,9,IF(BY33<28000000,11,IF(BY33<28500000,15,IF(BY33<29000000,17,IF(BY33<29500000,20,IF(BY33<30000000,23,IF(BY33<30500000,25,IF(BY33<31000000,27,IF(BY33<31500000,29,IF(BY33<32000000,33,IF(BY33<32500000,37,IF(BY33<33000000,39,IF(BY33<33500000,42,IF(BY33<34000000,45,IF(BY33<34500000,48,IF(BY33<35000000,52,52))))))))))))))))))) -> 23 | CG33: =(CB33+CD33)/209 -> 10095.837 | CH33: 30 | CI33: 30 | CJ33: 28700000 | CK33: =CL33*12 -> 28700096 | CL33: =SUM(CM33:CO33) -> 2391674.7 | CM33: =ROUNDUP(CJ33/12*209/(209+CQ33*1.5)/CH33*CI33,-1)-CO33 -> 1931600 | CN33: =ROUNDUP(CJ33/12*(CQ33*1.5)/(209+CQ33*1.5)/CH33*CI33,1) -> 260074.7 | CO33: 200000 | CP33: 209 | CQ33: =IF(CJ33<26000000,0,IF(CJ33<26500000,4,IF(CJ33<27000000,7,IF(CJ33<27500000,9,IF(CJ33<28000000,11,IF(CJ33<28500000,15,IF(CJ33<29000000,17,IF(CJ33<29500000,20,IF(CJ33<30000000,23,IF(CJ33<30500000,25,IF(CJ33<31000000,27,IF(CJ33<31500000,29,IF(CJ33<32000000,33,IF(CJ33<32500000,37,IF(CJ33<33000000,39,IF(CJ33<33500000,42,IF(CJ33<34000000,45,IF(CJ33<34500000,48,IF(CJ33<35000000,52,52))))))))))))))))))) -> 17 | CR33: =(CM33+CO33)/209 -> 10199.043 | CS33: 27500000 | CT33: =IFERROR(CS33/12,"") -> 2291666.7 | CU33: =IFERROR(CT33-CV33-CW33,"") -> 1842466.2 | CV33: =IFERROR(CT33*(CY33*1.5)/(209+(CY33*1.5)),"") -> 249200.43 | CW33: 200000 | CX33: 209 | CY33: 17 | CZ33: =SUM(CX33:CY33) -> 226 | DA33: =IFERROR((CU33/209)+(CW33-(9620*209*0.01))/209,"") -> 9676.3657 | DB33: =IFERROR((CU33+CW33)/209,"") -> 9772.5657 | DC33: 2023 | DG33: =B33 -> 220604
A34: =ROW()-2 -> 32 | B34: 220702 | C34: 이동연 | E34: 사원 | F34: 정규직 | G34: 테스터 | H34: 2실 | I34: SK텔레콤 23팀 | J34: =+VLOOKUP($I34,[1]프로젝트현황!$I:$N,5,0) -> 서울시 | K34: =+VLOOKUP($I34,[1]프로젝트현황!$I:$N,6,0) -> 구로구 | L34: 44746 | M34: 44774 | P34: LEE, DongYeon | Q34: 990317-1064119 | R34: =LEFT(Q34,6) -> 990317 | S34: =MID($Q34,3,2) -> 03 | T34: =IF(OR(MID($Q34,8,1)="1",MID($Q34,8,1)="3"),"남자",IF(OR(MID($Q34,8,1)="2",MID($Q34,8,1)="4"),"여자","")) -> 남자 | U34: =YEAR(TODAY())-IF(OR(MID($Q34,8,1)="1",MID($Q34,8,1)="2"),19&LEFT($Q34,2),IF(OR(MID($Q34,8,1)="3",MID($Q34,8,1)="4"),20&LEFT($Q34,2),""))+1 -> 28 | V34: 양력 | W34: 한국 | X34: 010-2021-9871 | AB34: TBELL | AC34: 李同淵 | AD34: =QUOTIENT(SUMPRODUCT(LEFT($AE34:$AF34,FIND("년",$AE34:$AF34)-1)*12+MID($AE34:$AF34,FIND("년",$AE34:$AF34)+1,FIND("개월",$AE34:$AF34)-FIND("년",$AE34:$AF34)-1)),12)&"년"&MOD(SUMPRODUCT(LEFT($AE34:$AF34,FIND("년",$AE34:$AF34)-1)*12+MID($AE34:$AF34,FIND("년",$AE34:$AF34)+1,FIND("개월",$AE34:$AF34)-FIND("년",$AE34:$AF34)-1)),12)&"개월" -> 3년7개월 | AE34: 0년 0개월 | AF34: =DATEDIF($L34,TODAY(),"y")&"년"&DATEDIF($L34,TODAY(),"ym")&"개월" -> 3년7개월 | AG34: 인하공업전문대학교 | AH34: 컴퓨터시스템과 | AI34: 전문학사 | AJ34: 44967 | AK34: =VALUE(LEFT($AD34,FIND("년",$AD34)-1)) -> 3 | AL34: =IF($AI34="전문학사",IF($AK34<=8,"초급",IF($AK34<12,"중급",IF($AK34<15,"고급",IF($AK34>=15,"특급"))))) -> 초급 | AM34: =IF(ISNUMBER(SEARCH("산업기사",$AT34)),IF($AK34>=13,"특급",IF($AK34>=10,"고급",IF($AK34>=7,"중급","초급"))),IF(ISNUMBER(SEARCH("기사",$AR34)),IF($AK34>=10,"특급",IF($AK34>=7,"고급",IF($AK34>=4,"중급","초급"))),"미해당")) -> 미해당 | AP34: ISTQB | AQ34: 45267 | AY34: IT기획 및 품질관리 | AZ34: 테스팅 엔지니어 | BA34: 기업은행 | BB34: 555-041722-01-011 | BC34: 모 | BD34: 010-3480-9870 | BE34: dongyeon.lee@tbell.co.kr | BF34: 경기도 | BG34: 김포시 | BI34: 전원로 28, 110동 1302호 (운양동,전원마을) | BJ34: =IFERROR(VLOOKUP($BG34,[1]프로젝트현황!Y:Z,2,0),"기타") -> 서남권 | BK34: =(IF(BF34="","",BF34&" "))&(IF(BG34="","",BG34&" "))&(IF(BH34="","",BH34&" "))&BI34 -> 경기도 김포시 전원로 28, 110동 1302호 (운양동,전원마을) | BL34: 30 | BM34: 30 | BN34: 29000000 | BO34: =BP34*12 -> 29000005 | BP34: =SUM(BQ34:BS34) -> 2416667.1 | BQ34: =ROUNDUP(BN34/12*209/(209+BU34*1.5)/BL34*BM34,-1)-BS34 -> 1967740 | BR34: =ROUNDUP(BN34/12*(BU34*1.5)/(209+BU34*1.5)/BL34*BM34,1) -> 248927.1 | BS34: 200000 | BT34: 209 | BU34: =IF($BN34="","", IFERROR( IF($BN34<'[1]시간외시간 기준표'!$B$2,0, IF($BN34>LOOKUP(9.9E+307,'[1]시간외시간 기준표'!$B$2:$B$999), LOOKUP(9.9E+307,'[1]시간외시간 기준표'!$C$2:$C$999), LOOKUP($BN34,'[1]시간외시간 기준표'!$B$2:$B$999,'[1]시간외시간 기준표'!$C$2:$C$999) ) ),0) ) -> 16 | BV34: =(BQ34+BS34)/209 -> 10371.962 | BW34: 30 | BX34: 30 | BY34: 29000000 | BZ34: =CA34*12 -> 29000008 | CA34: =SUM(CB34:CD34) -> 2416667.3 | CB34: =ROUNDUP(BY34/12*209/(209+CF34*1.5)/BW34*BX34,-1)-CD34 -> 1913320 | CC34: =ROUNDUP(BY34/12*(CF34*1.5)/(209+CF34*1.5)/BW34*BX34,1) -> 303347.3 | CD34: 200000 | CE34: 209 | CF34: =IF(BY34<26000000,0,IF(BY34<26500000,4,IF(BY34<27000000,7,IF(BY34<27500000,9,IF(BY34<28000000,11,IF(BY34<28500000,15,IF(BY34<29000000,17,IF(BY34<29500000,20,IF(BY34<30000000,23,IF(BY34<30500000,25,IF(BY34<31000000,27,IF(BY34<31500000,29,IF(BY34<32000000,33,IF(BY34<32500000,37,IF(BY34<33000000,39,IF(BY34<33500000,42,IF(BY34<34000000,45,IF(BY34<34500000,48,IF(BY34<35000000,52,52))))))))))))))))))) -> 20 | CG34: =(CB34+CD34)/209 -> 10111.579 | CH34: 30 | CI34: 30 | CJ34: 28200000 | CK34: =CL34*12 -> 28200022 | CL34: =SUM(CM34:CO34) -> 2350001.8 | CM34: =ROUNDUP(CJ34/12*209/(209+CQ34*1.5)/CH34*CI34,-1)-CO34 -> 1921600 | CN34: =ROUNDUP(CJ34/12*(CQ34*1.5)/(209+CQ34*1.5)/CH34*CI34,1) -> 228401.8 | CO34: 200000 | CP34: 209 | CQ34: =IF(CJ34<26000000,0,IF(CJ34<26500000,4,IF(CJ34<27000000,7,IF(CJ34<27500000,9,IF(CJ34<28000000,11,IF(CJ34<28500000,15,IF(CJ34<29000000,17,IF(CJ34<29500000,20,IF(CJ34<30000000,23,IF(CJ34<30500000,25,IF(CJ34<31000000,27,IF(CJ34<31500000,29,IF(CJ34<32000000,33,IF(CJ34<32500000,37,IF(CJ34<33000000,39,IF(CJ34<33500000,42,IF(CJ34<34000000,45,IF(CJ34<34500000,48,IF(CJ34<35000000,52,52))))))))))))))))))) -> 15 | CR34: =(CM34+CO34)/209 -> 10151.196 | CS34: 27000000 | CT34: =IFERROR(CS34/12,"") -> 2250000 | CU34: =IFERROR(CT34-CV34-CW34,"") -> 1831317.5 | CV34: =IFERROR(CT34*(CY34*1.5)/(209+(CY34*1.5)),"") -> 218682.51 | CW34: 200000 | CX34: 209 | CY34: 15 | CZ34: =SUM(CX34:CY34) -> 224 | DA34: =IFERROR((CU34/209)+(CW34-(9620*209*0.01))/209,"") -> 9623.0225 | DB34: =IFERROR((CU34+CW34)/209,"") -> 9719.2225 | DC34: 2023 | DG34: =B34 -> 220702
A35: =ROW()-2 -> 33 | B35: 220703 | C35: 이태민 | E35: 사원 | F35: 정규직 | G35: 테스터 | H35: 3실 | I35: 라인플러스 3팀 | J35: =+VLOOKUP($I35,[1]프로젝트현황!$I:$N,5,0) -> 경기도 | K35: =+VLOOKUP($I35,[1]프로젝트현황!$I:$N,6,0) -> 성남시 | L35: 44746 | M35: 44774 | P35: LEE, TaeMin | Q35: 990724-1177415 | R35: =LEFT(Q35,6) -> 990724 | S35: =MID($Q35,3,2) -> 07 | T35: =IF(OR(MID($Q35,8,1)="1",MID($Q35,8,1)="3"),"남자",IF(OR(MID($Q35,8,1)="2",MID($Q35,8,1)="4"),"여자","")) -> 남자 | U35: =YEAR(TODAY())-IF(OR(MID($Q35,8,1)="1",MID($Q35,8,1)="2"),19&LEFT($Q35,2),IF(OR(MID($Q35,8,1)="3",MID($Q35,8,1)="4"),20&LEFT($Q35,2),""))+1 -> 28 | V35: 양력 | W35: 한국 | X35: 010-6540-0724 | AB35: TBELL | AC35: 李兌敏 | AD35: =QUOTIENT(SUMPRODUCT(LEFT($AE35:$AF35,FIND("년",$AE35:$AF35)-1)*12+MID($AE35:$AF35,FIND("년",$AE35:$AF35)+1,FIND("개월",$AE35:$AF35)-FIND("년",$AE35:$AF35)-1)),12)&"년"&MOD(SUMPRODUCT(LEFT($AE35:$AF35,FIND("년",$AE35:$AF35)-1)*12+MID($AE35:$AF35,FIND("년",$AE35:$AF35)+1,FIND("개월",$AE35:$AF35)-FIND("년",$AE35:$AF35)-1)),12)&"개월" -> 3년7개월 | AE35: 0년 0개월 | AF35: =DATEDIF($L35,TODAY(),"y")&"년"&DATEDIF($L35,TODAY(),"ym")&"개월" -> 3년7개월 | AG35: 대림대학교 | AH35: 컴퓨터정보학부 | AI35: 전문학사 | AJ35: 44971 | AK35: =VALUE(LEFT($AD35,FIND("년",$AD35)-1)) -> 3 | AL35: =IF($AI35="전문학사",IF($AK35<=8,"초급",IF($AK35<12,"중급",IF($AK35<15,"고급",IF($AK35>=15,"특급"))))) -> 초급 | AM35: =IF(ISNUMBER(SEARCH("산업기사",$AT35)),IF($AK35>=13,"특급",IF($AK35>=10,"고급",IF($AK35>=7,"중급","초급"))),IF(ISNUMBER(SEARCH("기사",$AR35)),IF($AK35>=10,"특급",IF($AK35>=7,"고급",IF($AK35>=4,"중급","초급"))),"미해당")) -> 미해당 | AY35: IT기획 및 품질관리 | AZ35: 테스팅 엔지니어 | BA35: 기업은행 | BB35: 142-172595-01-018 | BC35: 모 | BD35: 010-4310-8574 | BE35: tm.lee@tbell.co.kr | BF35: 경기도 | BG35: 안양시 | BH35: 만안구 | BI35: 만안구 경수대로 1193, 102동 1502호 (석수동,석수e편한세상아파트) | BJ35: =IFERROR(VLOOKUP($BG35,[1]프로젝트현황!Y:Z,2,0),"기타") -> 서남권 | BK35: =(IF(BF35="","",BF35&" "))&(IF(BG35="","",BG35&" "))&(IF(BH35="","",BH35&" "))&BI35 -> 경기도 안양시 만안구 만안구 경수대로 1193, 102동 1502호 (석수동,석수e편한세상아파트) | BL35: 30 | BM35: 30 | BN35: 30300000 | BO35: =BP35*12 -> 30300019 | BP35: =SUM(BQ35:BS35) -> 2525001.6 | BQ35: =ROUNDUP(BN35/12*209/(209+BU35*1.5)/BL35*BM35,-1)-BS35 -> 1967250 | BR35: =ROUNDUP(BN35/12*(BU35*1.5)/(209+BU35*1.5)/BL35*BM35,1) -> 357751.6 | BS35: 200000 | BT35: 209 | BU35: =IF($BN35="","", IFERROR( IF($BN35<'[1]시간외시간 기준표'!$B$2,0, IF($BN35>LOOKUP(9.9E+307,'[1]시간외시간 기준표'!$B$2:$B$999), LOOKUP(9.9E+307,'[1]시간외시간 기준표'!$C$2:$C$999), LOOKUP($BN35,'[1]시간외시간 기준표'!$B$2:$B$999,'[1]시간외시간 기준표'!$C$2:$C$999) ) ),0) ) -> 23 | BV35: =(BQ35+BS35)/209 -> 10369.617 | BW35: 30 | BX35: 30 | BY35: 30300000 | BZ35: =CA35*12 -> 30300094 | CA35: =SUM(CB35:CD35) -> 2525007.8 | CB35: =ROUNDUP(BY35/12*209/(209+CF35*1.5)/BW35*BX35,-1)-CD35 -> 1940880 | CC35: =ROUNDUP(BY35/12*(CF35*1.5)/(209+CF35*1.5)/BW35*BX35,1) -> 384127.8 | CD35: 200000 | CE35: 209 | CF35: =IF(BY35<26000000,0,IF(BY35<26500000,4,IF(BY35<27000000,7,IF(BY35<27500000,9,IF(BY35<28000000,11,IF(BY35<28500000,15,IF(BY35<29000000,17,IF(BY35<29500000,20,IF(BY35<30000000,23,IF(BY35<30500000,25,IF(BY35<31000000,27,IF(BY35<31500000,29,IF(BY35<32000000,33,IF(BY35<32500000,37,IF(BY35<33000000,39,IF(BY35<33500000,42,IF(BY35<34000000,45,IF(BY35<34500000,48,IF(BY35<35000000,52,52))))))))))))))))))) -> 25 | CG35: =(CB35+CD35)/209 -> 10243.445 | CH35: 30 | CI35: 30 | CJ35: 28800000 | CK35: =CL35*12 -> 28800011 | CL35: =SUM(CM35:CO35) -> 2400000.9 | CM35: =ROUNDUP(CJ35/12*209/(209+CQ35*1.5)/CH35*CI35,-1)-CO35 -> 1939020 | CN35: =ROUNDUP(CJ35/12*(CQ35*1.5)/(209+CQ35*1.5)/CH35*CI35,1) -> 260980.9 | CO35: 200000 | CP35: 209 | CQ35: =IF(CJ35<26000000,0,IF(CJ35<26500000,4,IF(CJ35<27000000,7,IF(CJ35<27500000,9,IF(CJ35<28000000,11,IF(CJ35<28500000,15,IF(CJ35<29000000,17,IF(CJ35<29500000,20,IF(CJ35<30000000,23,IF(CJ35<30500000,25,IF(CJ35<31000000,27,IF(CJ35<31500000,29,IF(CJ35<32000000,33,IF(CJ35<32500000,37,IF(CJ35<33000000,39,IF(CJ35<33500000,42,IF(CJ35<34000000,45,IF(CJ35<34500000,48,IF(CJ35<35000000,52,52))))))))))))))))))) -> 17 | CR35: =(CM35+CO35)/209 -> 10234.545 | CS35: 27000000 | CT35: =IFERROR(CS35/12,"") -> 2250000 | CU35: =IFERROR(CT35-CV35-CW35,"") -> 1831317.5 | CV35: =IFERROR(CT35*(CY35*1.5)/(209+(CY35*1.5)),"") -> 218682.51 | CW35: 200000 | CX35: 209 | CY35: 15 | CZ35: =SUM(CX35:CY35) -> 224 | DA35: =IFERROR((CU35/209)+(CW35-(9620*209*0.01))/209,"") -> 9623.0225 | DB35: =IFERROR((CU35+CW35)/209,"") -> 9719.2225 | DC35: 2023 | DG35: =B35 -> 220703
A36: =ROW()-2 -> 34 | B36: 220705 | C36: 허용석 | E36: 선임 | F36: 정규직 | G36: 테스터 | H36: 3실 | I36: 우아한형제들 2팀 | J36: =+VLOOKUP($I36,[1]프로젝트현황!$I:$N,5,0) -> 서울시 | K36: =+VLOOKUP($I36,[1]프로젝트현황!$I:$N,6,0) -> 강남구 | L36: 44760 | M36: 44760 | P36: HEO, Yongseok | Q36: 911116-1042127 | R36: =LEFT(Q36,6) -> 911116 | S36: =MID($Q36,3,2) -> 11 | T36: =IF(OR(MID($Q36,8,1)="1",MID($Q36,8,1)="3"),"남자",IF(OR(MID($Q36,8,1)="2",MID($Q36,8,1)="4"),"여자","")) -> 남자 | U36: =YEAR(TODAY())-IF(OR(MID($Q36,8,1)="1",MID($Q36,8,1)="2"),19&LEFT($Q36,2),IF(OR(MID($Q36,8,1)="3",MID($Q36,8,1)="4"),20&LEFT($Q36,2),""))+1 -> 36 | V36: 양력 | W36: 한국 | X36: 010-7930-6830 | AB36: TBELL | AC36: 許容碩 | AD36: =QUOTIENT(SUMPRODUCT(LEFT($AE36:$AF36,FIND("년",$AE36:$AF36)-1)*12+MID($AE36:$AF36,FIND("년",$AE36:$AF36)+1,FIND("개월",$AE36:$AF36)-FIND("년",$AE36:$AF36)-1)),12)&"년"&MOD(SUMPRODUCT(LEFT($AE36:$AF36,FIND("년",$AE36:$AF36)-1)*12+MID($AE36:$AF36,FIND("년",$AE36:$AF36)+1,FIND("개월",$AE36:$AF36)-FIND("년",$AE36:$AF36)-1)),12)&"개월" -> 3년6개월 | AE36: 0년 0개월 | AF36: =DATEDIF($L36,TODAY(),"y")&"년"&DATEDIF($L36,TODAY(),"ym")&"개월" -> 3년6개월 | AG36: 강원대학교 | AH36: 건축공학과 | AI36: 학사 | AJ36: 42419 | AK36: =VALUE(LEFT($AD36,FIND("년",$AD36)-1)) -> 3 | AL36: =IF($AI36="학사",IF($AK36<=5,"초급",IF($AK36<9,"중급",IF($AK36<12,"고급",IF($AK36>=12,"특급"))))) -> 초급 | AM36: =IF(ISNUMBER(SEARCH("산업기사",$AT36)),IF($AK36>=13,"특급",IF($AK36>=10,"고급",IF($AK36>=7,"중급","초급"))),IF(ISNUMBER(SEARCH("기사",$AR36)),IF($AK36>=10,"특급",IF($AK36>=7,"고급",IF($AK36>=4,"중급","초급"))),"미해당")) -> 미해당 | AY36: IT기획 및 품질관리 | AZ36: 테스팅 엔지니어 | BA36: 기업은행 | BB36: 666-042363-01-011 | BC36: 모 | BD36: 010-2372-6830 | BE36: ys.heo@tbell.co.kr | BF36: 서울시 | BG36: 관악구 | BI36: 관천로 125-17 B03호(신림동) | BJ36: =IFERROR(VLOOKUP($BG36,[1]프로젝트현황!Y:Z,2,0),"기타") -> 서남권 | BK36: =(IF(BF36="","",BF36&" "))&(IF(BG36="","",BG36&" "))&(IF(BH36="","",BH36&" "))&BI36 -> 서울시 관악구 관천로 125-17 B03호(신림동) | BL36: 30 | BM36: 30 | BN36: 30000000 | BO36: =BP36*12 -> 30000109 | BP36: =SUM(BQ36:BS36) -> 2500009.1 | BQ36: =ROUNDUP(BN36/12*209/(209+BU36*1.5)/BL36*BM36,-1)-BS36 -> 1959100 | BR36: =ROUNDUP(BN36/12*(BU36*1.5)/(209+BU36*1.5)/BL36*BM36,1) -> 340909.1 | BS36: 200000 | BT36: 209 | BU36: =IF($BN36="","", IFERROR( IF($BN36<'[1]시간외시간 기준표'!$B$2,0, IF($BN36>LOOKUP(9.9E+307,'[1]시간외시간 기준표'!$B$2:$B$999), LOOKUP(9.9E+307,'[1]시간외시간 기준표'!$C$2:$C$999), LOOKUP($BN36,'[1]시간외시간 기준표'!$B$2:$B$999,'[1]시간외시간 기준표'!$C$2:$C$999) ) ),0) ) -> 22 | BV36: =(BQ36+BS36)/209 -> 10330.622 | BW36: 30 | BX36: 30 | BY36: 30000000 | BZ36: =CA36*12 -> 30000055 | CA36: =SUM(CB36:CD36) -> 2500004.6 | CB36: =ROUNDUP(BY36/12*209/(209+CF36*1.5)/BW36*BX36,-1)-CD36 -> 1919680 | CC36: =ROUNDUP(BY36/12*(CF36*1.5)/(209+CF36*1.5)/BW36*BX36,1) -> 380324.6 | CD36: 200000 | CE36: 209 | CF36: =IF(BY36<26000000,0,IF(BY36<26500000,4,IF(BY36<27000000,7,IF(BY36<27500000,9,IF(BY36<28000000,11,IF(BY36<28500000,15,IF(BY36<29000000,17,IF(BY36<29500000,20,IF(BY36<30000000,23,IF(BY36<30500000,25,IF(BY36<31000000,27,IF(BY36<31500000,29,IF(BY36<32000000,33,IF(BY36<32500000,37,IF(BY36<33000000,39,IF(BY36<33500000,42,IF(BY36<34000000,45,IF(BY36<34500000,48,IF(BY36<35000000,52,52))))))))))))))))))) -> 25 | CG36: =(CB36+CD36)/209 -> 10142.01 | CH36: 30 | CI36: 30 | CJ36: 29200000 | CK36: =CL36*12 -> 29200073 | CL36: =SUM(CM36:CO36) -> 2433339.4 | CM36: =ROUNDUP(CJ36/12*209/(209+CQ36*1.5)/CH36*CI36,-1)-CO36 -> 1927900 | CN36: =ROUNDUP(CJ36/12*(CQ36*1.5)/(209+CQ36*1.5)/CH36*CI36,1) -> 305439.4 | CO36: 200000 | CP36: 209 | CQ36: =IF(CJ36<26000000,0,IF(CJ36<26500000,4,IF(CJ36<27000000,7,IF(CJ36<27500000,9,IF(CJ36<28000000,11,IF(CJ36<28500000,15,IF(CJ36<29000000,17,IF(CJ36<29500000,20,IF(CJ36<30000000,23,IF(CJ36<30500000,25,IF(CJ36<31000000,27,IF(CJ36<31500000,29,IF(CJ36<32000000,33,IF(CJ36<32500000,37,IF(CJ36<33000000,39,IF(CJ36<33500000,42,IF(CJ36<34000000,45,IF(CJ36<34500000,48,IF(CJ36<35000000,52,52))))))))))))))))))) -> 20 | CR36: =(CM36+CO36)/209 -> 10181.34 | CS36: 28000000 | CT36: =IFERROR(CS36/12,"") -> 2333333.3 | CU36: =IFERROR(CT36-CV36-CW36,"") -> 1840446.3 | CV36: =IFERROR(CT36*(CY36*1.5)/(209+(CY36*1.5)),"") -> 292887.03 | CW36: 200000 | CX36: 209 | CY36: 20 | CZ36: =SUM(CX36:CY36) -> 229 | DA36: =IFERROR((CU36/209)+(CW36-(9620*209*0.01))/209,"") -> 9666.701 | DB36: =IFERROR((CU36+CW36)/209,"") -> 9762.901 | DC36: 2023 | DG36: =B36 -> 220705
A37: =ROW()-2 -> 35 | B37: 220804 | C37: 장지원 | E37: 선임 | F37: 정규직 | G37: 테스터 | H37: 3실 | I37: 라인플러스 3팀 | J37: =+VLOOKUP($I37,[1]프로젝트현황!$I:$N,5,0) -> 경기도 | K37: =+VLOOKUP($I37,[1]프로젝트현황!$I:$N,6,0) -> 성남시 | L37: 44774 | M37: 44986 | P37: JANGJiWon | Q37: 990408-2149027 | R37: =LEFT(Q37,6) -> 990408 | S37: =MID($Q37,3,2) -> 04 | T37: =IF(OR(MID($Q37,8,1)="1",MID($Q37,8,1)="3"),"남자",IF(OR(MID($Q37,8,1)="2",MID($Q37,8,1)="4"),"여자","")) -> 여자 | U37: =YEAR(TODAY())-IF(OR(MID($Q37,8,1)="1",MID($Q37,8,1)="2"),19&LEFT($Q37,2),IF(OR(MID($Q37,8,1)="3",MID($Q37,8,1)="4"),20&LEFT($Q37,2),""))+1 -> 28 | V37: 양력 | W37: 한국 | X37: 010-4726-3021 | AB37: TBELL | AC37: 張知元 | AD37: =QUOTIENT(SUMPRODUCT(LEFT($AE37:$AF37,FIND("년",$AE37:$AF37)-1)*12+MID($AE37:$AF37,FIND("년",$AE37:$AF37)+1,FIND("개월",$AE37:$AF37)-FIND("년",$AE37:$AF37)-1)),12)&"년"&MOD(SUMPRODUCT(LEFT($AE37:$AF37,FIND("년",$AE37:$AF37)-1)*12+MID($AE37:$AF37,FIND("년",$AE37:$AF37)+1,FIND("개월",$AE37:$AF37)-FIND("년",$AE37:$AF37)-1)),12)&"개월" -> 3년6개월 | AE37: 0년 0개월 | AF37: =DATEDIF($L37,TODAY(),"y")&"년"&DATEDIF($L37,TODAY(),"ym")&"개월" -> 3년6개월 | AG37: 배재대학교 | AH37: 정보통신공학과 | AI37: 학사 | AJ37: 44973 | AK37: =VALUE(LEFT($AD37,FIND("년",$AD37)-1)) -> 3 | AL37: =IF($AI37="학사",IF($AK37<=5,"초급",IF($AK37<9,"중급",IF($AK37<12,"고급",IF($AK37>=12,"특급"))))) -> 초급 | AM37: =IF(ISNUMBER(SEARCH("산업기사",$AT37)),IF($AK37>=13,"특급",IF($AK37>=10,"고급",IF($AK37>=7,"중급","초급"))),IF(ISNUMBER(SEARCH("기사",$AR37)),IF($AK37>=10,"특급",IF($AK37>=7,"고급",IF($AK37>=4,"중급","초급"))),"미해당")) -> 미해당 | AY37: IT기획 및 품질관리 | AZ37: 테스팅 엔지니어 | BA37: 기업은행 | BB37: 129-080922-02-017 | BC37: 모 | BD37: 010-4605-3118 | BE37: jw.jang@tbell.co.kr | BF37: 인천시 | BG37: 연수구 | BI37: 한나루로105번길 68, 408동 2103호(옥련동,현대아파트) | BJ37: =IFERROR(VLOOKUP($BG37,[1]프로젝트현황!Y:Z,2,0),"기타") -> 서남권 | BK37: =(IF(BF37="","",BF37&" "))&(IF(BG37="","",BG37&" "))&(IF(BH37="","",BH37&" "))&BI37 -> 인천시 연수구 한나루로105번길 68, 408동 2103호(옥련동,현대아파트) | BL37: 30 | BM37: 30 | BN37: 31000000 | BO37: =BP37*12 -> 31000064 | BP37: =SUM(BQ37:BS37) -> 2583338.7 | BQ37: =ROUNDUP(BN37/12*209/(209+BU37*1.5)/BL37*BM37,-1)-BS37 -> 1964000 | BR37: =ROUNDUP(BN37/12*(BU37*1.5)/(209+BU37*1.5)/BL37*BM37,1) -> 419338.7 | BS37: 200000 | BT37: 209 | BU37: =IF($BN37="","", IFERROR( IF($BN37<'[1]시간외시간 기준표'!$B$2,0, IF($BN37>LOOKUP(9.9E+307,'[1]시간외시간 기준표'!$B$2:$B$999), LOOKUP(9.9E+307,'[1]시간외시간 기준표'!$C$2:$C$999), LOOKUP($BN37,'[1]시간외시간 기준표'!$B$2:$B$999,'[1]시간외시간 기준표'!$C$2:$C$999) ) ),0) ) -> 27 | BV37: =(BQ37+BS37)/209 -> 10354.067 | BW37: 30 | BX37: 30 | BY37: 31000000 | BZ37: =CA37*12 -> 31000075 | CA37: =SUM(CB37:CD37) -> 2583339.6 | CB37: =ROUNDUP(BY37/12*209/(209+CF37*1.5)/BW37*BX37,-1)-CD37 -> 1938290 | CC37: =ROUNDUP(BY37/12*(CF37*1.5)/(209+CF37*1.5)/BW37*BX37,1) -> 445049.6 | CD37: 200000 | CE37: 209 | CF37: =IF(BY37<26000000,0,IF(BY37<26500000,4,IF(BY37<27000000,7,IF(BY37<27500000,9,IF(BY37<28000000,11,IF(BY37<28500000,15,IF(BY37<29000000,17,IF(BY37<29500000,20,IF(BY37<30000000,23,IF(BY37<30500000,25,IF(BY37<31000000,27,IF(BY37<31500000,29,IF(BY37<32000000,33,IF(BY37<32500000,37,IF(BY37<33000000,39,IF(BY37<33500000,42,IF(BY37<34000000,45,IF(BY37<34500000,48,IF(BY37<35000000,52,52))))))))))))))))))) -> 29 | CG37: =(CB37+CD37)/209 -> 10231.053 | CH37: 30 | CI37: 30 | CJ37: 29700000 | CK37: =CL37*12 -> 29700089 | CL37: =SUM(CM37:CO37) -> 2475007.4 | CM37: =ROUNDUP(CJ37/12*209/(209+CQ37*1.5)/CH37*CI37,-1)-CO37 -> 1924340 | CN37: =ROUNDUP(CJ37/12*(CQ37*1.5)/(209+CQ37*1.5)/CH37*CI37,1) -> 350667.4 | CO37: 200000 | CP37: 209 | CQ37: =IF(CJ37<26000000,0,IF(CJ37<26500000,4,IF(CJ37<27000000,7,IF(CJ37<27500000,9,IF(CJ37<28000000,11,IF(CJ37<28500000,15,IF(CJ37<29000000,17,IF(CJ37<29500000,20,IF(CJ37<30000000,23,IF(CJ37<30500000,25,IF(CJ37<31000000,27,IF(CJ37<31500000,29,IF(CJ37<32000000,33,IF(CJ37<32500000,37,IF(CJ37<33000000,39,IF(CJ37<33500000,42,IF(CJ37<34000000,45,IF(CJ37<34500000,48,IF(CJ37<35000000,52,52))))))))))))))))))) -> 23 | CR37: =(CM37+CO37)/209 -> 10164.306 | CS37: 28500000 | CT37: =IFERROR(CS37/12,"") -> 2375000 | CU37: =IFERROR(CT37-CV37-CW37,"") -> 1838501 | CV37: =IFERROR(CT37*(CY37*1.5)/(209+(CY37*1.5)),"") -> 336498.97 | CW37: 200000 | CX37: 209 | CY37: 23 | CZ37: =SUM(CX37:CY37) -> 232 | DA37: =IFERROR((CU37/209)+(CW37-(9620*209*0.01))/209,"") -> 9657.3934 | DB37: =IFERROR((CU37+CW37)/209,"") -> 9753.5934 | DC37: 2023 | DG37: =B37 -> 220804
A38: =ROW()-2 -> 36 | B38: 220805 | C38: 유주상 | E38: 사원 | F38: 정규직 | G38: 테스터 | H38: 2실 | I38: 스푼랩스 1팀 | J38: =+VLOOKUP($I38,[1]프로젝트현황!$I:$N,5,0) -> 서울시 | K38: =+VLOOKUP($I38,[1]프로젝트현황!$I:$N,6,0) -> 강남구 | L38: 44774 | M38: 44774 | P38: YOU, JuSang | Q38: 911231-1012210 | R38: =LEFT(Q38,6) -> 911231 | S38: =MID($Q38,3,2) -> 12 | T38: =IF(OR(MID($Q38,8,1)="1",MID($Q38,8,1)="3"),"남자",IF(OR(MID($Q38,8,1)="2",MID($Q38,8,1)="4"),"여자","")) -> 남자 | U38: =YEAR(TODAY())-IF(OR(MID($Q38,8,1)="1",MID($Q38,8,1)="2"),19&LEFT($Q38,2),IF(OR(MID($Q38,8,1)="3",MID($Q38,8,1)="4"),20&LEFT($Q38,2),""))+1 -> 36 | V38: 양력 | W38: 한국 | X38: 010-2041-4376 | AB38: TBELL | AC38: 劉周相 | AD38: =QUOTIENT(SUMPRODUCT(LEFT($AE38:$AF38,FIND("년",$AE38:$AF38)-1)*12+MID($AE38:$AF38,FIND("년",$AE38:$AF38)+1,FIND("개월",$AE38:$AF38)-FIND("년",$AE38:$AF38)-1)),12)&"년"&MOD(SUMPRODUCT(LEFT($AE38:$AF38,FIND("년",$AE38:$AF38)-1)*12+MID($AE38:$AF38,FIND("년",$AE38:$AF38)+1,FIND("개월",$AE38:$AF38)-FIND("년",$AE38:$AF38)-1)),12)&"개월" -> 3년6개월 | AE38: 0년 0개월 | AF38: =DATEDIF($L38,TODAY(),"y")&"년"&DATEDIF($L38,TODAY(),"ym")&"개월" -> 3년6개월 | AG38: 송곡고등학교 | AI38: 고졸 | AJ38: 40212 | AK38: =VALUE(LEFT($AD38,FIND("년",$AD38)-1)) -> 3 | AL38: =IF($AI38="고졸",IF($AK38<=11,"초급",IF($AK38<=14,"중급",IF($AK38<=17,"고급",IF($AK38>=18,"특급"))))) -> 초급 | AM38: =IF(ISNUMBER(SEARCH("산업기사",$AT38)),IF($AK38>=13,"특급",IF($AK38>=10,"고급",IF($AK38>=7,"중급","초급"))),IF(ISNUMBER(SEARCH("기사",$AR38)),IF($AK38>=10,"특급",IF($AK38>=7,"고급",IF($AK38>=4,"중급","초급"))),"미해당")) -> 미해당 | AN38: CSTS | AO38: 45367 | AY38: IT기획 및 품질관리 | AZ38: 테스팅 엔지니어 | BA38: 기업은행 | BB38: 478-077875-02-010 | BC38: 부 | BD38: 010-9876-4376 | BE38: js.you@tbell.co.kr | BF38: 서울시 | BG38: 중랑구 | BI38: 상봉로16길 9-9 | BJ38: =IFERROR(VLOOKUP($BG38,[1]프로젝트현황!Y:Z,2,0),"기타") -> 동북권 | BK38: =(IF(BF38="","",BF38&" "))&(IF(BG38="","",BG38&" "))&(IF(BH38="","",BH38&" "))&BI38 -> 서울시 중랑구 상봉로16길 9-9 | BL38: 30 | BM38: 30 | BN38: 26600000 | BO38: =BP38*12 -> 26600057 | BP38: =SUM(BQ38:BS38) -> 2216671.4 | BQ38: =ROUNDUP(BN38/12*209/(209+BU38*1.5)/BL38*BM38,-1)-BS38 -> 1969950 | BR38: =ROUNDUP(BN38/12*(BU38*1.5)/(209+BU38*1.5)/BL38*BM38,1) -> 46721.4 | BS38: 200000 | BT38: 209 | BU38: =IF($BN38="","", IFERROR( IF($BN38<'[1]시간외시간 기준표'!$B$2,0, IF($BN38>LOOKUP(9.9E+307,'[1]시간외시간 기준표'!$B$2:$B$999), LOOKUP(9.9E+307,'[1]시간외시간 기준표'!$C$2:$C$999), LOOKUP($BN38,'[1]시간외시간 기준표'!$B$2:$B$999,'[1]시간외시간 기준표'!$C$2:$C$999) ) ),0) ) -> 3 | BV38: =(BQ38+BS38)/209 -> 10382.536 | BW38: 30 | BX38: 30 | BY38: 26600000 | BZ38: =CA38*12 -> 26600118 | CA38: =SUM(CB38:CD38) -> 2216676.5 | CB38: =ROUNDUP(BY38/12*209/(209+CF38*1.5)/BW38*BX38,-1)-CD38 -> 1910640 | CC38: =ROUNDUP(BY38/12*(CF38*1.5)/(209+CF38*1.5)/BW38*BX38,1) -> 106036.5 | CD38: 200000 | CE38: 209 | CF38: =IF(BY38<26000000,0,IF(BY38<26500000,4,IF(BY38<27000000,7,IF(BY38<27500000,9,IF(BY38<28000000,11,IF(BY38<28500000,15,IF(BY38<29000000,17,IF(BY38<29500000,20,IF(BY38<30000000,23,IF(BY38<30500000,25,IF(BY38<31000000,27,IF(BY38<31500000,29,IF(BY38<32000000,33,IF(BY38<32500000,37,IF(BY38<33000000,39,IF(BY38<33500000,42,IF(BY38<34000000,45,IF(BY38<34500000,48,IF(BY38<35000000,52,52))))))))))))))))))) -> 7 | CG38: =(CB38+CD38)/209 -> 10098.756 | CH38: 30 | CI38: 30 | CJ38: 26600000 | CK38: =CL38*12 -> 26600118 | CL38: =SUM(CM38:CO38) -> 2216676.5 | CM38: =ROUNDUP(CJ38/12*209/(209+CQ38*1.5)/CH38*CI38,-1)-CO38 -> 1910640 | CN38: =ROUNDUP(CJ38/12*(CQ38*1.5)/(209+CQ38*1.5)/CH38*CI38,1) -> 106036.5 | CO38: 200000 | CP38: 209 | CQ38: =IF(CJ38<26000000,0,IF(CJ38<26500000,4,IF(CJ38<27000000,7,IF(CJ38<27500000,9,IF(CJ38<28000000,11,IF(CJ38<28500000,15,IF(CJ38<29000000,17,IF(CJ38<29500000,20,IF(CJ38<30000000,23,IF(CJ38<30500000,25,IF(CJ38<31000000,27,IF(CJ38<31500000,29,IF(CJ38<32000000,33,IF(CJ38<32500000,37,IF(CJ38<33000000,39,IF(CJ38<33500000,42,IF(CJ38<34000000,45,IF(CJ38<34500000,48,IF(CJ38<35000000,52,52))))))))))))))))))) -> 7 | CR38: =(CM38+CO38)/209 -> 10098.756 | CS38: 26000000 | CT38: =IFERROR(CS38/12,"") -> 2166666.7 | CU38: =IFERROR(CT38-CV38-CW38,"") -> 1835206 | CV38: =IFERROR(CT38*(CY38*1.5)/(209+(CY38*1.5)),"") -> 131460.67 | CW38: 200000 | CX38: 209 | CY38: 9 | CZ38: =SUM(CX38:CY38) -> 218 | DA38: =IFERROR((CU38/209)+(CW38-(9620*209*0.01))/209,"") -> 9641.6277 | DB38: =IFERROR((CU38+CW38)/209,"") -> 9737.8277 | DC38: 2023 | DG38: =B38 -> 220805
A39: =ROW()-2 -> 37 | B39: 220901 | C39: 이호빈 | E39: 선임 | F39: 정규직 | G39: 테스터 | H39: 3실 | I39: 카카오페이 1팀 | J39: =+VLOOKUP($I39,[1]프로젝트현황!$I:$N,5,0) -> 경기도 | K39: =+VLOOKUP($I39,[1]프로젝트현황!$I:$N,6,0) -> 성남시 | L39: 44805 | M39: 44896 | P39: LEE, HoBin | Q39: 931208-1169524 | R39: =LEFT(Q39,6) -> 931208 | S39: =MID($Q39,3,2) -> 12 | T39: =IF(OR(MID($Q39,8,1)="1",MID($Q39,8,1)="3"),"남자",IF(OR(MID($Q39,8,1)="2",MID($Q39,8,1)="4"),"여자","")) -> 남자 | U39: =YEAR(TODAY())-IF(OR(MID($Q39,8,1)="1",MID($Q39,8,1)="2"),19&LEFT($Q39,2),IF(OR(MID($Q39,8,1)="3",MID($Q39,8,1)="4"),20&LEFT($Q39,2),""))+1 -> 34 | V39: 양력 | W39: 한국 | X39: 010-4047-9465 | AB39: TBELL | AC39: 李鎬彬 | AD39: =QUOTIENT(SUMPRODUCT(LEFT($AE39:$AF39,FIND("년",$AE39:$AF39)-1)*12+MID($AE39:$AF39,FIND("년",$AE39:$AF39)+1,FIND("개월",$AE39:$AF39)-FIND("년",$AE39:$AF39)-1)),12)&"년"&MOD(SUMPRODUCT(LEFT($AE39:$AF39,FIND("년",$AE39:$AF39)-1)*12+MID($AE39:$AF39,FIND("년",$AE39:$AF39)+1,FIND("개월",$AE39:$AF39)-FIND("년",$AE39:$AF39)-1)),12)&"개월" -> 8년5개월 | AE39: 5년 0개월 | AF39: =DATEDIF($L39,TODAY(),"y")&"년"&DATEDIF($L39,TODAY(),"ym")&"개월" -> 3년5개월 | AG39: 용인예술대학교 | AH39: 정보통신과 | AI39: 전문학사 | AJ39: 43336 | AK39: =VALUE(LEFT($AD39,FIND("년",$AD39)-1)) -> 8 | AL39: =IF($AI39="전문학사",IF($AK39<=8,"초급",IF($AK39<12,"중급",IF($AK39<15,"고급",IF($AK39>=15,"특급"))))) -> 초급 | AM39: =IF(ISNUMBER(SEARCH("산업기사",$AT39)),IF($AK39>=13,"특급",IF($AK39>=10,"고급",IF($AK39>=7,"중급","초급"))),IF(ISNUMBER(SEARCH("기사",$AR39)),IF($AK39>=10,"특급",IF($AK39>=7,"고급",IF($AK39>=4,"중급","초급"))),"미해당")) -> 미해당 | AY39: IT기획 및 품질관리 | AZ39: 테스팅 엔지니어 | BA39: 기업은행 | BB39: 467-043392-01-011 | BC39: 모 | BD39: 010-3064-9465 | BE39: hb.lee@tbell.co.kr | BF39: 경기도 | BG39: 광주시 | BI39: 삼지곡길46,A동 202호 | BJ39: =IFERROR(VLOOKUP($BG39,[1]프로젝트현황!Y:Z,2,0),"기타") -> 동남권 | BK39: =(IF(BF39="","",BF39&" "))&(IF(BG39="","",BG39&" "))&(IF(BH39="","",BH39&" "))&BI39 -> 경기도 광주시 삼지곡길46,A동 202호 | BL39: 30 | BM39: 30 | BN39: 32700000 | BO39: =BP39*12 -> 32700070 | BP39: =SUM(BQ39:BS39) -> 2725005.8 | BQ39: =ROUNDUP(BN39/12*209/(209+BU39*1.5)/BL39*BM39,-1)-BS39 -> 1965500 | BR39: =ROUNDUP(BN39/12*(BU39*1.5)/(209+BU39*1.5)/BL39*BM39,1) -> 559505.8 | BS39: 200000 | BT39: 209 | BU39: =IF($BN39="","", IFERROR( IF($BN39<'[1]시간외시간 기준표'!$B$2,0, IF($BN39>LOOKUP(9.9E+307,'[1]시간외시간 기준표'!$B$2:$B$999), LOOKUP(9.9E+307,'[1]시간외시간 기준표'!$C$2:$C$999), LOOKUP($BN39,'[1]시간외시간 기준표'!$B$2:$B$999,'[1]시간외시간 기준표'!$C$2:$C$999) ) ),0) ) -> 36 | BV39: =(BQ39+BS39)/209 -> 10361.244 | BW39: 30 | BX39: 30 | BY39: 32700000 | BZ39: =CA39*12 -> 32700055 | CA39: =SUM(CB39:CD39) -> 2725004.6 | CB39: =ROUNDUP(BY39/12*209/(209+CF39*1.5)/BW39*BX39,-1)-CD39 -> 1929070 | CC39: =ROUNDUP(BY39/12*(CF39*1.5)/(209+CF39*1.5)/BW39*BX39,1) -> 595934.6 | CD39: 200000 | CE39: 209 | CF39: =IF(BY39<26000000,0,IF(BY39<26500000,4,IF(BY39<27000000,7,IF(BY39<27500000,9,IF(BY39<28000000,11,IF(BY39<28500000,15,IF(BY39<29000000,17,IF(BY39<29500000,20,IF(BY39<30000000,23,IF(BY39<30500000,25,IF(BY39<31000000,27,IF(BY39<31500000,29,IF(BY39<32000000,33,IF(BY39<32500000,37,IF(BY39<33000000,39,IF(BY39<33500000,42,IF(BY39<34000000,45,IF(BY39<34500000,48,IF(BY39<35000000,52,52))))))))))))))))))) -> 39 | CG39: =(CB39+CD39)/209 -> 10186.938 | CH39: 30 | CI39: 30 | CJ39: 31200000 | CK39: =CL39*12 -> 31200010 | CL39: =SUM(CM39:CO39) -> 2600000.8 | CM39: =ROUNDUP(CJ39/12*209/(209+CQ39*1.5)/CH39*CI39,-1)-CO39 -> 1952080 | CN39: =ROUNDUP(CJ39/12*(CQ39*1.5)/(209+CQ39*1.5)/CH39*CI39,1) -> 447920.8 | CO39: 200000 | CP39: 209 | CQ39: =IF(CJ39<26000000,0,IF(CJ39<26500000,4,IF(CJ39<27000000,7,IF(CJ39<27500000,9,IF(CJ39<28000000,11,IF(CJ39<28500000,15,IF(CJ39<29000000,17,IF(CJ39<29500000,20,IF(CJ39<30000000,23,IF(CJ39<30500000,25,IF(CJ39<31000000,27,IF(CJ39<31500000,29,IF(CJ39<32000000,33,IF(CJ39<32500000,37,IF(CJ39<33000000,39,IF(CJ39<33500000,42,IF(CJ39<34000000,45,IF(CJ39<34500000,48,IF(CJ39<35000000,52,52))))))))))))))))))) -> 29 | CR39: =(CM39+CO39)/209 -> 10297.033 | CS39: 30000000 | CT39: =IFERROR(CS39/12,"") -> 2500000 | CU39: =IFERROR(CT39-CV39-CW39,"") -> 1833073.9 | CV39: =IFERROR(CT39*(CY39*1.5)/(209+(CY39*1.5)),"") -> 466926.07 | CW39: 200000 | CX39: 209 | CY39: 32 | CZ39: =SUM(CX39:CY39) -> 241 | DA39: =IFERROR((CU39/209)+(CW39-(9620*209*0.01))/209,"") -> 9631.4265 | DB39: =IFERROR((CU39+CW39)/209,"") -> 9727.6265 | DC39: 2023 | DG39: =B39 -> 220901 | DH39: 임상욱 | DI39: 44986 | DJ39: 1000000
A40: =ROW()-2 -> 38 | B40: 220905 | C40: 박성진 | E40: 사원 | F40: 정규직 | G40: 테스터 | H40: 3실 | I40: 카카오페이 1팀 | J40: =+VLOOKUP($I40,[1]프로젝트현황!$I:$N,5,0) -> 경기도 | K40: =+VLOOKUP($I40,[1]프로젝트현황!$I:$N,6,0) -> 성남시 | L40: 44823 | M40: 44823 | P40: PARK, Seongjin | Q40: 010511-3726618 | R40: =LEFT(Q40,6) -> 010511 | S40: =MID($Q40,3,2) -> 05 | T40: =IF(OR(MID($Q40,8,1)="1",MID($Q40,8,1)="3"),"남자",IF(OR(MID($Q40,8,1)="2",MID($Q40,8,1)="4"),"여자","")) -> 남자 | U40: =YEAR(TODAY())-IF(OR(MID($Q40,8,1)="1",MID($Q40,8,1)="2"),19&LEFT($Q40,2),IF(OR(MID($Q40,8,1)="3",MID($Q40,8,1)="4"),20&LEFT($Q40,2),""))+1 -> 26 | V40: 양력 | W40: 한국 | X40: 010-8519-1249 | AB40: TBELL | AC40: 朴晟鎭 | AD40: =QUOTIENT(SUMPRODUCT(LEFT($AE40:$AF40,FIND("년",$AE40:$AF40)-1)*12+MID($AE40:$AF40,FIND("년",$AE40:$AF40)+1,FIND("개월",$AE40:$AF40)-FIND("년",$AE40:$AF40)-1)),12)&"년"&MOD(SUMPRODUCT(LEFT($AE40:$AF40,FIND("년",$AE40:$AF40)-1)*12+MID($AE40:$AF40,FIND("년",$AE40:$AF40)+1,FIND("개월",$AE40:$AF40)-FIND("년",$AE40:$AF40)-1)),12)&"개월" -> 3년4개월 | AE40: 0년 0개월 | AF40: =DATEDIF($L40,TODAY(),"y")&"년"&DATEDIF($L40,TODAY(),"ym")&"개월" -> 3년4개월 | AG40: 대림대학교 | AH40: 컴퓨터정보학부 | AI40: 전문학사 | AJ40: 44971 | AK40: =VALUE(LEFT($AD40,FIND("년",$AD40)-1)) -> 3 | AL40: =IF($AI40="전문학사",IF($AK40<=8,"초급",IF($AK40<12,"중급",IF($AK40<15,"고급",IF($AK40>=15,"특급"))))) -> 초급 | AM40: =IF(ISNUMBER(SEARCH("산업기사",$AT40)),IF($AK40>=13,"특급",IF($AK40>=10,"고급",IF($AK40>=7,"중급","초급"))),IF(ISNUMBER(SEARCH("기사",$AR40)),IF($AK40>=10,"특급",IF($AK40>=7,"고급",IF($AK40>=4,"중급","초급"))),"미해당")) -> 미해당 | AV40: 컴퓨터활용 2급 | AW40: 대한상공회의소 | AX40: 2021.07.30 | AY40: IT기획 및 품질관리 | AZ40: 테스팅 엔지니어 | BA40: 기업은행 | BB40: 974-052099-01-015 | BC40: 부 | BD40: 010-2530-9283 | BE40: sj.park@tbell.co.kr | BF40: 경기도 | BG40: 수원시 | BH40: 권선구 | BI40: 일월천로4번길 74, 103동 901호 (구운동, 성원아파트) | BJ40: =IFERROR(VLOOKUP($BG40,[1]프로젝트현황!Y:Z,2,0),"기타") -> 동남권 | BK40: =(IF(BF40="","",BF40&" "))&(IF(BG40="","",BG40&" "))&(IF(BH40="","",BH40&" "))&BI40 -> 경기도 수원시 권선구 일월천로4번길 74, 103동 901호 (구운동, 성원아파트) | BL40: 30 | BM40: 30 | BN40: 29300000 | BO40: =BP40*12 -> 29300062 | BP40: =SUM(BQ40:BS40) -> 2441671.8 | BQ40: =ROUNDUP(BN40/12*209/(209+BU40*1.5)/BL40*BM40,-1)-BS40 -> 1976160 | BR40: =ROUNDUP(BN40/12*(BU40*1.5)/(209+BU40*1.5)/BL40*BM40,1) -> 265511.8 | BS40: 200000 | BT40: 209 | BU40: =IF($BN40="","", IFERROR( IF($BN40<'[1]시간외시간 기준표'!$B$2,0, IF($BN40>LOOKUP(9.9E+307,'[1]시간외시간 기준표'!$B$2:$B$999), LOOKUP(9.9E+307,'[1]시간외시간 기준표'!$C$2:$C$999), LOOKUP($BN40,'[1]시간외시간 기준표'!$B$2:$B$999,'[1]시간외시간 기준표'!$C$2:$C$999) ) ),0) ) -> 17 | BV40: =(BQ40+BS40)/209 -> 10412.249 | BW40: 30 | BX40: 30 | BY40: 29300000 | BZ40: =CA40*12 -> 29300105 | CA40: =SUM(CB40:CD40) -> 2441675.4 | CB40: =ROUNDUP(BY40/12*209/(209+CF40*1.5)/BW40*BX40,-1)-CD40 -> 1935190 | CC40: =ROUNDUP(BY40/12*(CF40*1.5)/(209+CF40*1.5)/BW40*BX40,1) -> 306485.4 | CD40: 200000 | CE40: 209 | CF40: =IF(BY40<26000000,0,IF(BY40<26500000,4,IF(BY40<27000000,7,IF(BY40<27500000,9,IF(BY40<28000000,11,IF(BY40<28500000,15,IF(BY40<29000000,17,IF(BY40<29500000,20,IF(BY40<30000000,23,IF(BY40<30500000,25,IF(BY40<31000000,27,IF(BY40<31500000,29,IF(BY40<32000000,33,IF(BY40<32500000,37,IF(BY40<33000000,39,IF(BY40<33500000,42,IF(BY40<34000000,45,IF(BY40<34500000,48,IF(BY40<35000000,52,52))))))))))))))))))) -> 20 | CG40: =(CB40+CD40)/209 -> 10216.22 | CH40: 30 | CI40: 30 | CJ40: 28500000 | CK40: =CL40*12 -> 28500028 | CL40: =SUM(CM40:CO40) -> 2375002.3 | CM40: =ROUNDUP(CJ40/12*209/(209+CQ40*1.5)/CH40*CI40,-1)-CO40 -> 1916740 | CN40: =ROUNDUP(CJ40/12*(CQ40*1.5)/(209+CQ40*1.5)/CH40*CI40,1) -> 258262.3 | CO40: 200000 | CP40: 209 | CQ40: =IF(CJ40<26000000,0,IF(CJ40<26500000,4,IF(CJ40<27000000,7,IF(CJ40<27500000,9,IF(CJ40<28000000,11,IF(CJ40<28500000,15,IF(CJ40<29000000,17,IF(CJ40<29500000,20,IF(CJ40<30000000,23,IF(CJ40<30500000,25,IF(CJ40<31000000,27,IF(CJ40<31500000,29,IF(CJ40<32000000,33,IF(CJ40<32500000,37,IF(CJ40<33000000,39,IF(CJ40<33500000,42,IF(CJ40<34000000,45,IF(CJ40<34500000,48,IF(CJ40<35000000,52,52))))))))))))))))))) -> 17 | CR40: =(CM40+CO40)/209 -> 10127.943 | CS40: 27000000 | CT40: =IFERROR(CS40/12,"") -> 2250000 | CU40: =IFERROR(#REF!-CV40-CW40,"") | CV40: =IFERROR(#REF!*(CY40*1.5)/(209+(CY40*1.5)),"") | CW40: 200000 | CX40: 209 | CY40: 15 | CZ40: =SUM(CX40:CY40) -> 224 | DA40: =IFERROR((CU40/209)+(CW40-(9620*209*0.01))/209,"") | DB40: =IFERROR((CU40+CW40)/209,"") | DC40: 2023 | DG40: =B40 -> 220905
A41: =ROW()-2 -> 39 | B41: 220906 | C41: 박유리안나 | E41: 선임 | F41: 정규직 | G41: 테스터 | H41: 3실 | I41: 라인플러스 3팀 | J41: =+VLOOKUP($I41,[1]프로젝트현황!$I:$N,5,0) -> 경기도 | K41: =+VLOOKUP($I41,[1]프로젝트현황!$I:$N,6,0) -> 성남시 | L41: 44832 | M41: 44832 | P41: PARK, yulianna | Q41: 941130-2055316 | R41: =LEFT(Q41,6) -> 941130 | S41: =MID($Q41,3,2) -> 11 | T41: =IF(OR(MID($Q41,8,1)="1",MID($Q41,8,1)="3"),"남자",IF(OR(MID($Q41,8,1)="2",MID($Q41,8,1)="4"),"여자","")) -> 여자 | U41: =YEAR(TODAY())-IF(OR(MID($Q41,8,1)="1",MID($Q41,8,1)="2"),19&LEFT($Q41,2),IF(OR(MID($Q41,8,1)="3",MID($Q41,8,1)="4"),20&LEFT($Q41,2),""))+1 -> 33 | V41: 양력 | W41: 한국 | X41: 010-9559-0259 | AB41: TBELL | AC41: 朴유리안나 | AD41: =QUOTIENT(SUMPRODUCT(LEFT($AE41:$AF41,FIND("년",$AE41:$AF41)-1)*12+MID($AE41:$AF41,FIND("년",$AE41:$AF41)+1,FIND("개월",$AE41:$AF41)-FIND("년",$AE41:$AF41)-1)),12)&"년"&MOD(SUMPRODUCT(LEFT($AE41:$AF41,FIND("년",$AE41:$AF41)-1)*12+MID($AE41:$AF41,FIND("년",$AE41:$AF41)+1,FIND("개월",$AE41:$AF41)-FIND("년",$AE41:$AF41)-1)),12)&"개월" -> 3년4개월 | AE41: 0년 0개월 | AF41: =DATEDIF($L41,TODAY(),"y")&"년"&DATEDIF($L41,TODAY(),"ym")&"개월" -> 3년4개월 | AG41: 삼육대학교 | AH41: 유아교육과 | AI41: 학사 | AJ41: 42965 | AK41: =VALUE(LEFT($AD41,FIND("년",$AD41)-1)) -> 3 | AL41: =IF($AI41="학사",IF($AK41<=5,"초급",IF($AK41<9,"중급",IF($AK41<12,"고급",IF($AK41>=12,"특급"))))) -> 초급 | AM41: =IF(ISNUMBER(SEARCH("산업기사",$AT41)),IF($AK41>=13,"특급",IF($AK41>=10,"고급",IF($AK41>=7,"중급","초급"))),IF(ISNUMBER(SEARCH("기사",$AR41)),IF($AK41>=10,"특급",IF($AK41>=7,"고급",IF($AK41>=4,"중급","초급"))),"미해당")) -> 미해당 | AP41: ISTQB | AQ41: 45302 | AY41: IT기획 및 품질관리 | AZ41: 테스팅 엔지니어 | BA41: 기업은행 | BB41: 129-081122-01-013 | BC41: 모 | BD41: 010-4280-3581 | BE41: yulianna.park@tbell.co.kr | BF41: 경기도 | BG41: 안산시 | BH41: 단원구 | BI41: 광덕1로 80, 138동 203호 (초지동,호수마을아파트) | BJ41: =IFERROR(VLOOKUP($BG41,[1]프로젝트현황!Y:Z,2,0),"기타") -> 서남권 | BK41: =(IF(BF41="","",BF41&" "))&(IF(BG41="","",BG41&" "))&(IF(BH41="","",BH41&" "))&BI41 -> 경기도 안산시 단원구 광덕1로 80, 138동 203호 (초지동,호수마을아파트) | BL41: 30 | BM41: 30 | BN41: 31000000 | BO41: =BP41*12 -> 31000064 | BP41: =SUM(BQ41:BS41) -> 2583338.7 | BQ41: =ROUNDUP(BN41/12*209/(209+BU41*1.5)/BL41*BM41,-1)-BS41 -> 1964000 | BR41: =ROUNDUP(BN41/12*(BU41*1.5)/(209+BU41*1.5)/BL41*BM41,1) -> 419338.7 | BS41: 200000 | BT41: 209 | BU41: =IF($BN41="","", IFERROR( IF($BN41<'[1]시간외시간 기준표'!$B$2,0, IF($BN41>LOOKUP(9.9E+307,'[1]시간외시간 기준표'!$B$2:$B$999), LOOKUP(9.9E+307,'[1]시간외시간 기준표'!$C$2:$C$999), LOOKUP($BN41,'[1]시간외시간 기준표'!$B$2:$B$999,'[1]시간외시간 기준표'!$C$2:$C$999) ) ),0) ) -> 27 | BV41: =(BQ41+BS41)/209 -> 10354.067 | BW41: 30 | BX41: 30 | BY41: 31000000 | BZ41: =CA41*12 -> 31000075 | CA41: =SUM(CB41:CD41) -> 2583339.6 | CB41: =ROUNDUP(BY41/12*209/(209+CF41*1.5)/BW41*BX41,-1)-CD41 -> 1938290 | CC41: =ROUNDUP(BY41/12*(CF41*1.5)/(209+CF41*1.5)/BW41*BX41,1) -> 445049.6 | CD41: 200000 | CE41: 209 | CF41: =IF(BY41<26000000,0,IF(BY41<26500000,4,IF(BY41<27000000,7,IF(BY41<27500000,9,IF(BY41<28000000,11,IF(BY41<28500000,15,IF(BY41<29000000,17,IF(BY41<29500000,20,IF(BY41<30000000,23,IF(BY41<30500000,25,IF(BY41<31000000,27,IF(BY41<31500000,29,IF(BY41<32000000,33,IF(BY41<32500000,37,IF(BY41<33000000,39,IF(BY41<33500000,42,IF(BY41<34000000,45,IF(BY41<34500000,48,IF(BY41<35000000,52,52))))))))))))))))))) -> 29 | CG41: =(CB41+CD41)/209 -> 10231.053 | CH41: 30 | CI41: 30 | CJ41: 29500000 | CK41: =CL41*12 -> 29500032 | CL41: =SUM(CM41:CO41) -> 2458336 | CM41: =ROUNDUP(CJ41/12*209/(209+CQ41*1.5)/CH41*CI41,-1)-CO41 -> 1910030 | CN41: =ROUNDUP(CJ41/12*(CQ41*1.5)/(209+CQ41*1.5)/CH41*CI41,1) -> 348306 | CO41: 200000 | CP41: 209 | CQ41: =IF(CJ41<26000000,0,IF(CJ41<26500000,4,IF(CJ41<27000000,7,IF(CJ41<27500000,9,IF(CJ41<28000000,11,IF(CJ41<28500000,15,IF(CJ41<29000000,17,IF(CJ41<29500000,20,IF(CJ41<30000000,23,IF(CJ41<30500000,25,IF(CJ41<31000000,27,IF(CJ41<31500000,29,IF(CJ41<32000000,33,IF(CJ41<32500000,37,IF(CJ41<33000000,39,IF(CJ41<33500000,42,IF(CJ41<34000000,45,IF(CJ41<34500000,48,IF(CJ41<35000000,52,52))))))))))))))))))) -> 23 | CR41: =(CM41+CO41)/209 -> 10095.837 | CS41: 28000000 | CT41: =IFERROR(CS41/12,"") -> 2333333.3 | CU41: =IFERROR(CBX23-CV41-CW41,"") -> -200000 | CV41: =IFERROR(CBX23*(CY41*1.5)/(209+(CY41*1.5)),"") -> 0 | CW41: 200000 | CX41: 209 | CY41: 20 | CZ41: =SUM(CX41:CY41) -> 229 | DA41: =IFERROR((CU41/209)+(CW41-(9620*209*0.01))/209,"") -> -96.2 | DB41: =IFERROR((CU41+CW41)/209,"") -> 0 | DC41: 2023 | DG41: =B41 -> 220906
A42: =ROW()-2 -> 40 | B42: 220907 | C42: 정홍근 | E42: 사원 | F42: 정규직 | G42: 테스터 | H42: 1실 | I42: LG전자 1팀 | J42: =+VLOOKUP($I42,[1]프로젝트현황!$I:$N,5,0) -> 서울시 | K42: =+VLOOKUP($I42,[1]프로젝트현황!$I:$N,6,0) -> 강서구 | L42: 44832 | M42: 44832 | P42: JEONG, HongGeun | Q42: 950717-1030716 | R42: =LEFT(Q42,6) -> 950717 | S42: =MID($Q42,3,2) -> 07 | T42: =IF(OR(MID($Q42,8,1)="1",MID($Q42,8,1)="3"),"남자",IF(OR(MID($Q42,8,1)="2",MID($Q42,8,1)="4"),"여자","")) -> 남자 | U42: =YEAR(TODAY())-IF(OR(MID($Q42,8,1)="1",MID($Q42,8,1)="2"),19&LEFT($Q42,2),IF(OR(MID($Q42,8,1)="3",MID($Q42,8,1)="4"),20&LEFT($Q42,2),""))+1 -> 32 | V42: 양력 | W42: 한국 | X42: 010-2618-1620 | Z42: 무 | AB42: TBELL | AC42: 鄭弘根 | AD42: =QUOTIENT(SUMPRODUCT(LEFT($AE42:$AF42,FIND("년",$AE42:$AF42)-1)*12+MID($AE42:$AF42,FIND("년",$AE42:$AF42)+1,FIND("개월",$AE42:$AF42)-FIND("년",$AE42:$AF42)-1)),12)&"년"&MOD(SUMPRODUCT(LEFT($AE42:$AF42,FIND("년",$AE42:$AF42)-1)*12+MID($AE42:$AF42,FIND("년",$AE42:$AF42)+1,FIND("개월",$AE42:$AF42)-FIND("년",$AE42:$AF42)-1)),12)&"개월" -> 3년4개월 | AE42: 0년 0개월 | AF42: =DATEDIF($L42,TODAY(),"y")&"년"&DATEDIF($L42,TODAY(),"ym")&"개월" -> 3년4개월 | AG42: 서인천고등학교 | AI42: 고졸 | AJ42: 41677 | AK42: =VALUE(LEFT($AD42,FIND("년",$AD42)-1)) -> 3 | AL42: =IF($AI42="고졸",IF($AK42<=11,"초급",IF($AK42<=14,"중급",IF($AK42<=17,"고급",IF($AK42>=18,"특급"))))) -> 초급 | AM42: =IF(ISNUMBER(SEARCH("산업기사",$AT42)),IF($AK42>=13,"특급",IF($AK42>=10,"고급",IF($AK42>=7,"중급","초급"))),IF(ISNUMBER(SEARCH("기사",$AR42)),IF($AK42>=10,"특급",IF($AK42>=7,"고급",IF($AK42>=4,"중급","초급"))),"미해당")) -> 미해당 | AY42: IT기획 및 품질관리 | AZ42: 테스팅 엔지니어 | BA42: 기업은행 | BB42: 351-126481-01-014 | BC42: 부 | BD42: 010-2560-1620 | BE42: hg.jeong@tbell.co.kr | BF42: 인천시 | BG42: 서구 | BI42: 대평로56번길 32 101동 202호(연희동,우성아파트) | BJ42: =IFERROR(VLOOKUP($BG42,[1]프로젝트현황!Y:Z,2,0),"기타") -> 서남권 | BK42: =(IF(BF42="","",BF42&" "))&(IF(BG42="","",BG42&" "))&(IF(BH42="","",BH42&" "))&BI42 -> 인천시 서구 대평로56번길 32 101동 202호(연희동,우성아파트) | BL42: 30 | BM42: 30 | BN42: 30800000 | BO42: =BP42*12 -> 30800029 | BP42: =SUM(BQ42:BS42) -> 2566669.1 | BQ42: =ROUNDUP(BN42/12*209/(209+BU42*1.5)/BL42*BM42,-1)-BS42 -> 1963040 | BR42: =ROUNDUP(BN42/12*(BU42*1.5)/(209+BU42*1.5)/BL42*BM42,1) -> 403629.1 | BS42: 200000 | BT42: 209 | BU42: =IF($BN42="","", IFERROR( IF($BN42<'[1]시간외시간 기준표'!$B$2,0, IF($BN42>LOOKUP(9.9E+307,'[1]시간외시간 기준표'!$B$2:$B$999), LOOKUP(9.9E+307,'[1]시간외시간 기준표'!$C$2:$C$999), LOOKUP($BN42,'[1]시간외시간 기준표'!$B$2:$B$999,'[1]시간외시간 기준표'!$C$2:$C$999) ) ),0) ) -> 26 | BV42: =(BQ42+BS42)/209 -> 10349.474 | BW42: 30 | BX42: 30 | BY42: 30800000 | BZ42: =CA42*12 -> 30800080 | CA42: =SUM(CB42:CD42) -> 2566673.3 | CB42: =ROUNDUP(BY42/12*209/(209+CF42*1.5)/BW42*BX42,-1)-CD42 -> 1950040 | CC42: =ROUNDUP(BY42/12*(CF42*1.5)/(209+CF42*1.5)/BW42*BX42,1) -> 416633.3 | CD42: 200000 | CE42: 209 | CF42: =IF(BY42<26000000,0,IF(BY42<26500000,4,IF(BY42<27000000,7,IF(BY42<27500000,9,IF(BY42<28000000,11,IF(BY42<28500000,15,IF(BY42<29000000,17,IF(BY42<29500000,20,IF(BY42<30000000,23,IF(BY42<30500000,25,IF(BY42<31000000,27,IF(BY42<31500000,29,IF(BY42<32000000,33,IF(BY42<32500000,37,IF(BY42<33000000,39,IF(BY42<33500000,42,IF(BY42<34000000,45,IF(BY42<34500000,48,IF(BY42<35000000,52,52))))))))))))))))))) -> 27 | CG42: =(CB42+CD42)/209 -> 10287.273 | CH42: 30 | CI42: 30 | CJ42: 30000000 | CK42: =CL42*12 -> 30000055 | CL42: =SUM(CM42:CO42) -> 2500004.6 | CM42: =ROUNDUP(CJ42/12*209/(209+CQ42*1.5)/CH42*CI42,-1)-CO42 -> 1919680 | CN42: =ROUNDUP(CJ42/12*(CQ42*1.5)/(209+CQ42*1.5)/CH42*CI42,1) -> 380324.6 | CO42: 200000 | CP42: 209 | CQ42: =IF(CJ42<26000000,0,IF(CJ42<26500000,4,IF(CJ42<27000000,7,IF(CJ42<27500000,9,IF(CJ42<28000000,11,IF(CJ42<28500000,15,IF(CJ42<29000000,17,IF(CJ42<29500000,20,IF(CJ42<30000000,23,IF(CJ42<30500000,25,IF(CJ42<31000000,27,IF(CJ42<31500000,29,IF(CJ42<32000000,33,IF(CJ42<32500000,37,IF(CJ42<33000000,39,IF(CJ42<33500000,42,IF(CJ42<34000000,45,IF(CJ42<34500000,48,IF(CJ42<35000000,52,52))))))))))))))))))) -> 25 | CR42: =(CM42+CO42)/209 -> 10142.01 | CS42: 27000000 | CT42: =IFERROR(CS42/12,"") -> 2250000 | CU42: =IFERROR(#REF!-CV42-CW42,"") | CV42: =IFERROR(#REF!*(CY42*1.5)/(209+(CY42*1.5)),"") | CW42: 200000 | CX42: 209 | CY42: 15 | CZ42: =SUM(CX42:CY42) -> 224 | DA42: =IFERROR((CU42/209)+(CW42-(9620*209*0.01))/209,"") | DB42: =IFERROR((CU42+CW42)/209,"") | DC42: 2023 | DG42: =B42 -> 220907
A43: =ROW()-2 -> 41 | B43: 221001 | C43: 구민준 | E43: 사원 | F43: 정규직 | G43: 테스터 | H43: 3실 | I43: 우아한형제들 2팀 | J43: =+VLOOKUP($I43,[1]프로젝트현황!$I:$N,5,0) -> 서울시 | K43: =+VLOOKUP($I43,[1]프로젝트현황!$I:$N,6,0) -> 강남구 | L43: 44838 | M43: 44838 | P43: GOO, Minjoon | Q43: 941020-1861616 | R43: =LEFT(Q43,6) -> 941020 | S43: =MID($Q43,3,2) -> 10 | T43: =IF(OR(MID($Q43,8,1)="1",MID($Q43,8,1)="3"),"남자",IF(OR(MID($Q43,8,1)="2",MID($Q43,8,1)="4"),"여자","")) -> 남자 | U43: =YEAR(TODAY())-IF(OR(MID($Q43,8,1)="1",MID($Q43,8,1)="2"),19&LEFT($Q43,2),IF(OR(MID($Q43,8,1)="3",MID($Q43,8,1)="4"),20&LEFT($Q43,2),""))+1 -> 33 | V43: 양력 | W43: 한국 | X43: 010-5194-6772 | AB43: TBELL | AC43: 具民寯 | AD43: =QUOTIENT(SUMPRODUCT(LEFT($AE43:$AF43,FIND("년",$AE43:$AF43)-1)*12+MID($AE43:$AF43,FIND("년",$AE43:$AF43)+1,FIND("개월",$AE43:$AF43)-FIND("년",$AE43:$AF43)-1)),12)&"년"&MOD(SUMPRODUCT(LEFT($AE43:$AF43,FIND("년",$AE43:$AF43)-1)*12+MID($AE43:$AF43,FIND("년",$AE43:$AF43)+1,FIND("개월",$AE43:$AF43)-FIND("년",$AE43:$AF43)-1)),12)&"개월" -> 3년4개월 | AE43: 0년 0개월 | AF43: =DATEDIF($L43,TODAY(),"y")&"년"&DATEDIF($L43,TODAY(),"ym")&"개월" -> 3년4개월 | AG43: 명지대학교 | AH43: 중어중문학과 | AI43: 학사 | AJ43: 44062 | AK43: =VALUE(LEFT($AD43,FIND("년",$AD43)-1)) -> 3 | AL43: =IF($AI43="학사",IF($AK43<=5,"초급",IF($AK43<9,"중급",IF($AK43<12,"고급",IF($AK43>=12,"특급"))))) -> 초급 | AM43: =IF(ISNUMBER(SEARCH("산업기사",$AT43)),IF($AK43>=13,"특급",IF($AK43>=10,"고급",IF($AK43>=7,"중급","초급"))),IF(ISNUMBER(SEARCH("기사",$AR43)),IF($AK43>=10,"특급",IF($AK43>=7,"고급",IF($AK43>=4,"중급","초급"))),"미해당")) -> 미해당 | AY43: IT기획 및 품질관리 | AZ43: 테스팅 엔지니어 | BA43: 기업은행 | BB43: 049-090142-01-012 | BC43: 제 | BD43: 010-3004-0115 | BE43: mj.goo@tbell.co.kr | BF43: 서울시 | BG43: 마포구 | BI43: 서강로 95, 102동 2002호(창전동, 창전동삼성아파트) | BJ43: =IFERROR(VLOOKUP($BG43,[1]프로젝트현황!Y:Z,2,0),"기타") -> 서북권 | BK43: =(IF(BF43="","",BF43&" "))&(IF(BG43="","",BG43&" "))&(IF(BH43="","",BH43&" "))&BI43 -> 서울시 마포구 서강로 95, 102동 2002호(창전동, 창전동삼성아파트) | BL43: 30 | BM43: 30 | BN43: 30200000 | BO43: =BP43*12 -> 30200051 | BP43: =SUM(BQ43:BS43) -> 2516670.9 | BQ43: =ROUNDUP(BN43/12*209/(209+BU43*1.5)/BL43*BM43,-1)-BS43 -> 1960100 | BR43: =ROUNDUP(BN43/12*(BU43*1.5)/(209+BU43*1.5)/BL43*BM43,1) -> 356570.9 | BS43: 200000 | BT43: 209 | BU43: =IF($BN43="","", IFERROR( IF($BN43<'[1]시간외시간 기준표'!$B$2,0, IF($BN43>LOOKUP(9.9E+307,'[1]시간외시간 기준표'!$B$2:$B$999), LOOKUP(9.9E+307,'[1]시간외시간 기준표'!$C$2:$C$999), LOOKUP($BN43,'[1]시간외시간 기준표'!$B$2:$B$999,'[1]시간외시간 기준표'!$C$2:$C$999) ) ),0) ) -> 23 | BV43: =(BQ43+BS43)/209 -> 10335.407 | BW43: 30 | BX43: 30 | BY43: 30200000 | BZ43: =CA43*12 -> 30200041 | CA43: =SUM(CB43:CD43) -> 2516670.1 | CB43: =ROUNDUP(BY43/12*209/(209+CF43*1.5)/BW43*BX43,-1)-CD43 -> 1933810 | CC43: =ROUNDUP(BY43/12*(CF43*1.5)/(209+CF43*1.5)/BW43*BX43,1) -> 382860.1 | CD43: 200000 | CE43: 209 | CF43: =IF(BY43<26000000,0,IF(BY43<26500000,4,IF(BY43<27000000,7,IF(BY43<27500000,9,IF(BY43<28000000,11,IF(BY43<28500000,15,IF(BY43<29000000,17,IF(BY43<29500000,20,IF(BY43<30000000,23,IF(BY43<30500000,25,IF(BY43<31000000,27,IF(BY43<31500000,29,IF(BY43<32000000,33,IF(BY43<32500000,37,IF(BY43<33000000,39,IF(BY43<33500000,42,IF(BY43<34000000,45,IF(BY43<34500000,48,IF(BY43<35000000,52,52))))))))))))))))))) -> 25 | CG43: =(CB43+CD43)/209 -> 10209.617 | CH43: 30 | CI43: 30 | CJ43: 29400000 | CK43: =CL43*12 -> 29400017 | CL43: =SUM(CM43:CO43) -> 2450001.4 | CM43: =ROUNDUP(CJ43/12*209/(209+CQ43*1.5)/CH43*CI43,-1)-CO43 -> 1942470 | CN43: =ROUNDUP(CJ43/12*(CQ43*1.5)/(209+CQ43*1.5)/CH43*CI43,1) -> 307531.4 | CO43: 200000 | CP43: 209 | CQ43: =IF(CJ43<26000000,0,IF(CJ43<26500000,4,IF(CJ43<27000000,7,IF(CJ43<27500000,9,IF(CJ43<28000000,11,IF(CJ43<28500000,15,IF(CJ43<29000000,17,IF(CJ43<29500000,20,IF(CJ43<30000000,23,IF(CJ43<30500000,25,IF(CJ43<31000000,27,IF(CJ43<31500000,29,IF(CJ43<32000000,33,IF(CJ43<32500000,37,IF(CJ43<33000000,39,IF(CJ43<33500000,42,IF(CJ43<34000000,45,IF(CJ43<34500000,48,IF(CJ43<35000000,52,52))))))))))))))))))) -> 20 | CR43: =(CM43+CO43)/209 -> 10251.053 | CS43: 28000000 | CT43: =IFERROR(CS43/12,"") -> 2333333.3 | CU43: =IFERROR(#REF!-CV43-CW43,"") | CV43: =IFERROR(#REF!*(CY43*1.5)/(209+(CY43*1.5)),"") | CW43: 200000 | CX43: 209 | CY43: 20 | CZ43: =SUM(CX43:CY43) -> 229 | DA43: =IFERROR((CU43/209)+(CW43-(9620*209*0.01))/209,"") | DB43: =IFERROR((CU43+CW43)/209,"") | DC43: 2023 | DG43: =B43 -> 221001
A44: =ROW()-2 -> 42 | B44: 221003 | C44: 사혜진 | E44: 사원 | F44: 정규직 | G44: 테스터 | H44: 2실 | I44: SK텔레콤 21팀 | J44: =+VLOOKUP($I44,[1]프로젝트현황!$I:$N,5,0) -> 서울시 | K44: =+VLOOKUP($I44,[1]프로젝트현황!$I:$N,6,0) -> 구로구 | L44: 44851 | M44: 44851 | P44: SA, Hyejin | Q44: 920611-2184017 | R44: =LEFT(Q44,6) -> 920611 | S44: =MID($Q44,3,2) -> 06 | T44: =IF(OR(MID($Q44,8,1)="1",MID($Q44,8,1)="3"),"남자",IF(OR(MID($Q44,8,1)="2",MID($Q44,8,1)="4"),"여자","")) -> 여자 | U44: =YEAR(TODAY())-IF(OR(MID($Q44,8,1)="1",MID($Q44,8,1)="2"),19&LEFT($Q44,2),IF(OR(MID($Q44,8,1)="3",MID($Q44,8,1)="4"),20&LEFT($Q44,2),""))+1 -> 35 | V44: 양력 | W44: 한국 | X44: 010-6319-8402 | Z44: 무 | AB44: TBELL | AC44: 史惠鎭 | AD44: =QUOTIENT(SUMPRODUCT(LEFT($AE44:$AF44,FIND("년",$AE44:$AF44)-1)*12+MID($AE44:$AF44,FIND("년",$AE44:$AF44)+1,FIND("개월",$AE44:$AF44)-FIND("년",$AE44:$AF44)-1)),12)&"년"&MOD(SUMPRODUCT(LEFT($AE44:$AF44,FIND("년",$AE44:$AF44)-1)*12+MID($AE44:$AF44,FIND("년",$AE44:$AF44)+1,FIND("개월",$AE44:$AF44)-FIND("년",$AE44:$AF44)-1)),12)&"개월" -> 3년3개월 | AE44: 0년 0개월 | AF44: =DATEDIF($L44,TODAY(),"y")&"년"&DATEDIF($L44,TODAY(),"ym")&"개월" -> 3년3개월 | AG44: 고려직업전문학교 | AH44: 관광경영 | AI44: 전문학사 | AJ44: 41326 | AK44: =VALUE(LEFT($AD44,FIND("년",$AD44)-1)) -> 3 | AL44: =IF($AI44="전문학사",IF($AK44<=8,"초급",IF($AK44<12,"중급",IF($AK44<15,"고급",IF($AK44>=15,"특급"))))) -> 초급 | AM44: =IF(ISNUMBER(SEARCH("산업기사",$AT44)),IF($AK44>=13,"특급",IF($AK44>=10,"고급",IF($AK44>=7,"중급","초급"))),IF(ISNUMBER(SEARCH("기사",$AR44)),IF($AK44>=10,"특급",IF($AK44>=7,"고급",IF($AK44>=4,"중급","초급"))),"미해당")) -> 미해당 | AY44: IT기획 및 품질관리 | AZ44: 테스팅 엔지니어 | BA44: 기업은행 | BB44: 114-185045-01-010 | BC44: 모 | BD44: 010-5017-8402 | BE44: hj.sa@tbell.co.kr | BF44: 경기도 | BG44: 부천시 | BI44: 원미로77번길 20-2, A동 402호(원미동, 뜨란채A) | BJ44: =IFERROR(VLOOKUP($BG44,[1]프로젝트현황!Y:Z,2,0),"기타") -> 서남권 | BK44: =(IF(BF44="","",BF44&" "))&(IF(BG44="","",BG44&" "))&(IF(BH44="","",BH44&" "))&BI44 -> 경기도 부천시 원미로77번길 20-2, A동 402호(원미동, 뜨란채A) | BL44: 30 | BM44: 30 | BN44: 29200000 | BO44: =BP44*12 -> 29200027 | BP44: =SUM(BQ44:BS44) -> 2433335.6 | BQ44: =ROUNDUP(BN44/12*209/(209+BU44*1.5)/BL44*BM44,-1)-BS44 -> 1968730 | BR44: =ROUNDUP(BN44/12*(BU44*1.5)/(209+BU44*1.5)/BL44*BM44,1) -> 264605.6 | BS44: 200000 | BT44: 209 | BU44: =IF($BN44="","", IFERROR( IF($BN44<'[1]시간외시간 기준표'!$B$2,0, IF($BN44>LOOKUP(9.9E+307,'[1]시간외시간 기준표'!$B$2:$B$999), LOOKUP(9.9E+307,'[1]시간외시간 기준표'!$C$2:$C$999), LOOKUP($BN44,'[1]시간외시간 기준표'!$B$2:$B$999,'[1]시간외시간 기준표'!$C$2:$C$999) ) ),0) ) -> 17 | BV44: =(BQ44+BS44)/209 -> 10376.699 | BW44: 30 | BX44: 30 | BY44: 29200000 | BZ44: =CA44*12 -> 29200073 | CA44: =SUM(CB44:CD44) -> 2433339.4 | CB44: =ROUNDUP(BY44/12*209/(209+CF44*1.5)/BW44*BX44,-1)-CD44 -> 1927900 | CC44: =ROUNDUP(BY44/12*(CF44*1.5)/(209+CF44*1.5)/BW44*BX44,1) -> 305439.4 | CD44: 200000 | CE44: 209 | CF44: =IF(BY44<26000000,0,IF(BY44<26500000,4,IF(BY44<27000000,7,IF(BY44<27500000,9,IF(BY44<28000000,11,IF(BY44<28500000,15,IF(BY44<29000000,17,IF(BY44<29500000,20,IF(BY44<30000000,23,IF(BY44<30500000,25,IF(BY44<31000000,27,IF(BY44<31500000,29,IF(BY44<32000000,33,IF(BY44<32500000,37,IF(BY44<33000000,39,IF(BY44<33500000,42,IF(BY44<34000000,45,IF(BY44<34500000,48,IF(BY44<35000000,52,52))))))))))))))))))) -> 20 | CG44: =(CB44+CD44)/209 -> 10181.34 | CH44: 30 | CI44: 30 | CJ44: 28400000 | CK44: =CL44*12 -> 28400059 | CL44: =SUM(CM44:CO44) -> 2366671.6 | CM44: =ROUNDUP(CJ44/12*209/(209+CQ44*1.5)/CH44*CI44,-1)-CO44 -> 1936650 | CN44: =ROUNDUP(CJ44/12*(CQ44*1.5)/(209+CQ44*1.5)/CH44*CI44,1) -> 230021.6 | CO44: 200000 | CP44: 209 | CQ44: =IF(CJ44<26000000,0,IF(CJ44<26500000,4,IF(CJ44<27000000,7,IF(CJ44<27500000,9,IF(CJ44<28000000,11,IF(CJ44<28500000,15,IF(CJ44<29000000,17,IF(CJ44<29500000,20,IF(CJ44<30000000,23,IF(CJ44<30500000,25,IF(CJ44<31000000,27,IF(CJ44<31500000,29,IF(CJ44<32000000,33,IF(CJ44<32500000,37,IF(CJ44<33000000,39,IF(CJ44<33500000,42,IF(CJ44<34000000,45,IF(CJ44<34500000,48,IF(CJ44<35000000,52,52))))))))))))))))))) -> 15 | CR44: =(CM44+CO44)/209 -> 10223.206 | CS44: 27000000 | CT44: =IFERROR(CS44/12,"") -> 2250000 | CU44: =IFERROR(#REF!-CV44-CW44,"") | CV44: =IFERROR(#REF!*(CY44*1.5)/(209+(CY44*1.5)),"") | CW44: 200000 | CX44: 209 | CY44: 15 | CZ44: =SUM(CX44:CY44) -> 224 | DA44: =IFERROR((CU44/209)+(CW44-(9620*209*0.01))/209,"") | DB44: =IFERROR((CU44+CW44)/209,"") | DC44: 2023 | DG44: =B44 -> 221003
A45: =ROW()-2 -> 43 | B45: 221004 | C45: 김민주 | E45: 사원 | F45: 정규직 | G45: 테스터 | H45: 1실 | I45: 라인플러스 5팀 | J45: =+VLOOKUP($I45,[1]프로젝트현황!$I:$N,5,0) -> 경기도 | K45: =+VLOOKUP($I45,[1]프로젝트현황!$I:$N,6,0) -> 성남시 | L45: 44851 | M45: 44851 | P45: Kim, Minju | Q45: 921218-1709711 | R45: =LEFT(Q45,6) -> 921218 | S45: =MID($Q45,3,2) -> 12 | T45: =IF(OR(MID($Q45,8,1)="1",MID($Q45,8,1)="3"),"남자",IF(OR(MID($Q45,8,1)="2",MID($Q45,8,1)="4"),"여자","")) -> 남자 | U45: =YEAR(TODAY())-IF(OR(MID($Q45,8,1)="1",MID($Q45,8,1)="2"),19&LEFT($Q45,2),IF(OR(MID($Q45,8,1)="3",MID($Q45,8,1)="4"),20&LEFT($Q45,2),""))+1 -> 35 | V45: 양력 | W45: 한국 | X45: 010-6666-7742 | AB45: TBELL | AC45: 金民主 | AD45: =QUOTIENT(SUMPRODUCT(LEFT($AE45:$AF45,FIND("년",$AE45:$AF45)-1)*12+MID($AE45:$AF45,FIND("년",$AE45:$AF45)+1,FIND("개월",$AE45:$AF45)-FIND("년",$AE45:$AF45)-1)),12)&"년"&MOD(SUMPRODUCT(LEFT($AE45:$AF45,FIND("년",$AE45:$AF45)-1)*12+MID($AE45:$AF45,FIND("년",$AE45:$AF45)+1,FIND("개월",$AE45:$AF45)-FIND("년",$AE45:$AF45)-1)),12)&"개월" -> 3년3개월 | AE45: 0년 0개월 | AF45: =DATEDIF($L45,TODAY(),"y")&"년"&DATEDIF($L45,TODAY(),"ym")&"개월" -> 3년3개월 | AG45: 대구대학교 | AH45: 멀티미디어공학 | AI45: 학사 | AJ45: 43336 | AK45: =VALUE(LEFT($AD45,FIND("년",$AD45)-1)) -> 3 | AL45: =IF($AI45="학사",IF($AK45<=5,"초급",IF($AK45<9,"중급",IF($AK45<12,"고급",IF($AK45>=12,"특급"))))) -> 초급 | AM45: =IF(ISNUMBER(SEARCH("산업기사",$AT45)),IF($AK45>=13,"특급",IF($AK45>=10,"고급",IF($AK45>=7,"중급","초급"))),IF(ISNUMBER(SEARCH("기사",$AR45)),IF($AK45>=10,"특급",IF($AK45>=7,"고급",IF($AK45>=4,"중급","초급"))),"미해당")) -> 미해당 | AY45: IT기획 및 품질관리 | AZ45: 테스팅 엔지니어 | BA45: 기업은행 | BB45: 023-145265-01-012 | BC45: 모 | BD45: 010-3701-3607 | BE45: mj.kim@tbell.co.kr | BF45: 서울시 | BG45: 중구 | BI45: 오장동 148-16 남산센트럴시티투웨니퍼스트 609호 | BJ45: =IFERROR(VLOOKUP($BG45,[1]프로젝트현황!Y:Z,2,0),"기타") -> 서북권 | BK45: =(IF(BF45="","",BF45&" "))&(IF(BG45="","",BG45&" "))&(IF(BH45="","",BH45&" "))&BI45 -> 서울시 중구 오장동 148-16 남산센트럴시티투웨니퍼스트 609호 | BL45: 30 | BM45: 30 | BN45: 28700000 | BO45: =BP45*12 -> 28700035 | BP45: =SUM(BQ45:BS45) -> 2391669.6 | BQ45: =ROUNDUP(BN45/12*209/(209+BU45*1.5)/BL45*BM45,-1)-BS45 -> 1973300 | BR45: =ROUNDUP(BN45/12*(BU45*1.5)/(209+BU45*1.5)/BL45*BM45,1) -> 218369.6 | BS45: 200000 | BT45: 209 | BU45: =IF($BN45="","", IFERROR( IF($BN45<'[1]시간외시간 기준표'!$B$2,0, IF($BN45>LOOKUP(9.9E+307,'[1]시간외시간 기준표'!$B$2:$B$999), LOOKUP(9.9E+307,'[1]시간외시간 기준표'!$C$2:$C$999), LOOKUP($BN45,'[1]시간외시간 기준표'!$B$2:$B$999,'[1]시간외시간 기준표'!$C$2:$C$999) ) ),0) ) -> 14 | BV45: =(BQ45+BS45)/209 -> 10398.565 | BW45: 30 | BX45: 30 | BY45: 28700000 | BZ45: =CA45*12 -> 28700096 | CA45: =SUM(CB45:CD45) -> 2391674.7 | CB45: =ROUNDUP(BY45/12*209/(209+CF45*1.5)/BW45*BX45,-1)-CD45 -> 1931600 | CC45: =ROUNDUP(BY45/12*(CF45*1.5)/(209+CF45*1.5)/BW45*BX45,1) -> 260074.7 | CD45: 200000 | CE45: 209 | CF45: =IF(BY45<26000000,0,IF(BY45<26500000,4,IF(BY45<27000000,7,IF(BY45<27500000,9,IF(BY45<28000000,11,IF(BY45<28500000,15,IF(BY45<29000000,17,IF(BY45<29500000,20,IF(BY45<30000000,23,IF(BY45<30500000,25,IF(BY45<31000000,27,IF(BY45<31500000,29,IF(BY45<32000000,33,IF(BY45<32500000,37,IF(BY45<33000000,39,IF(BY45<33500000,42,IF(BY45<34000000,45,IF(BY45<34500000,48,IF(BY45<35000000,52,52))))))))))))))))))) -> 17 | CG45: =(CB45+CD45)/209 -> 10199.043 | CH45: 30 | CI45: 30 | CJ45: 28700000 | CK45: =CL45*12 -> 28700096 | CL45: =SUM(CM45:CO45) -> 2391674.7 | CM45: =ROUNDUP(CJ45/12*209/(209+CQ45*1.5)/CH45*CI45,-1)-CO45 -> 1931600 | CN45: =ROUNDUP(CJ45/12*(CQ45*1.5)/(209+CQ45*1.5)/CH45*CI45,1) -> 260074.7 | CO45: 200000 | CP45: 209 | CQ45: =IF(CJ45<26000000,0,IF(CJ45<26500000,4,IF(CJ45<27000000,7,IF(CJ45<27500000,9,IF(CJ45<28000000,11,IF(CJ45<28500000,15,IF(CJ45<29000000,17,IF(CJ45<29500000,20,IF(CJ45<30000000,23,IF(CJ45<30500000,25,IF(CJ45<31000000,27,IF(CJ45<31500000,29,IF(CJ45<32000000,33,IF(CJ45<32500000,37,IF(CJ45<33000000,39,IF(CJ45<33500000,42,IF(CJ45<34000000,45,IF(CJ45<34500000,48,IF(CJ45<35000000,52,52))))))))))))))))))) -> 17 | CR45: =(CM45+CO45)/209 -> 10199.043 | CS45: 28000000 | CT45: =IFERROR(CS45/12,"") -> 2333333.3 | CU45: =IFERROR(#REF!-CV45-CW45,"") | CV45: =IFERROR(#REF!*(CY45*1.5)/(209+(CY45*1.5)),"") | CW45: 200000 | CX45: 209 | CY45: 20 | CZ45: =SUM(CX45:CY45) -> 229 | DA45: =IFERROR((CU45/209)+(CW45-(9620*209*0.01))/209,"") | DB45: =IFERROR((CU45+CW45)/209,"") | DC45: 2023 | DG45: =B45 -> 221004
A46: =ROW()-2 -> 44 | B46: 221005 | C46: 이승록 | D46: 파트장 | E46: 선임 | F46: 정규직 | G46: 테스터 | H46: 3실 | I46: 우아한형제들 2팀 | J46: =+VLOOKUP($I46,[1]프로젝트현황!$I:$N,5,0) -> 서울시 | K46: =+VLOOKUP($I46,[1]프로젝트현황!$I:$N,6,0) -> 강남구 | L46: 44851 | M46: 44851 | P46: LEE, Seungrok | Q46: 950618-1188715 | R46: =LEFT(Q46,6) -> 950618 | S46: =MID($Q46,3,2) -> 06 | T46: =IF(OR(MID($Q46,8,1)="1",MID($Q46,8,1)="3"),"남자",IF(OR(MID($Q46,8,1)="2",MID($Q46,8,1)="4"),"여자","")) -> 남자 | U46: =YEAR(TODAY())-IF(OR(MID($Q46,8,1)="1",MID($Q46,8,1)="2"),19&LEFT($Q46,2),IF(OR(MID($Q46,8,1)="3",MID($Q46,8,1)="4"),20&LEFT($Q46,2),""))+1 -> 32 | V46: 양력 | W46: 한국 | X46: 010-2628-2650 | Z46: 무 | AB46: TBELL | AC46: 李承祿 | AD46: =QUOTIENT(SUMPRODUCT(LEFT($AE46:$AF46,FIND("년",$AE46:$AF46)-1)*12+MID($AE46:$AF46,FIND("년",$AE46:$AF46)+1,FIND("개월",$AE46:$AF46)-FIND("년",$AE46:$AF46)-1)),12)&"년"&MOD(SUMPRODUCT(LEFT($AE46:$AF46,FIND("년",$AE46:$AF46)-1)*12+MID($AE46:$AF46,FIND("년",$AE46:$AF46)+1,FIND("개월",$AE46:$AF46)-FIND("년",$AE46:$AF46)-1)),12)&"개월" -> 4년6개월 | AE46: 1년 3개월 | AF46: =DATEDIF($L46,TODAY(),"y")&"년"&DATEDIF($L46,TODAY(),"ym")&"개월" -> 3년3개월 | AG46: 광운대학교 | AH46: 문화콘텐츠 개발 | AI46: 학사 | AJ46: 44069 | AK46: =VALUE(LEFT($AD46,FIND("년",$AD46)-1)) -> 4 | AL46: =IF($AI46="학사",IF($AK46<=5,"초급",IF($AK46<9,"중급",IF($AK46<12,"고급",IF($AK46>=12,"특급"))))) -> 초급 | AM46: =IF(ISNUMBER(SEARCH("산업기사",$AT46)),IF($AK46>=13,"특급",IF($AK46>=10,"고급",IF($AK46>=7,"중급","초급"))),IF(ISNUMBER(SEARCH("기사",$AR46)),IF($AK46>=10,"특급",IF($AK46>=7,"고급",IF($AK46>=4,"중급","초급"))),"미해당")) -> 미해당 | AN46: CSTS | AO46: 45003 | AY46: IT기획 및 품질관리 | AZ46: 테스팅 엔지니어 | BA46: 기업은행 | BB46: 221-448847-01-018 | BC46: 모 | BD46: 010-3128-6274 | BE46: sr.lee@tbell.co.kr | BF46: 서울시 | BG46: 도봉구 | BI46: 시루봉로 260-7, B동 302호 (방학동, 한림그린맨숀) | BJ46: =IFERROR(VLOOKUP($BG46,[1]프로젝트현황!Y:Z,2,0),"기타") -> 동북권 | BK46: =(IF(BF46="","",BF46&" "))&(IF(BG46="","",BG46&" "))&(IF(BH46="","",BH46&" "))&BI46 -> 서울시 도봉구 시루봉로 260-7, B동 302호 (방학동, 한림그린맨숀) | BL46: 30 | BM46: 30 | BN46: 31900000 | BO46: =BP46*12 -> 31900036 | BP46: =SUM(BQ46:BS46) -> 2658336.3 | BQ46: =ROUNDUP(BN46/12*209/(209+BU46*1.5)/BL46*BM46,-1)-BS46 -> 1974530 | BR46: =ROUNDUP(BN46/12*(BU46*1.5)/(209+BU46*1.5)/BL46*BM46,1) -> 483806.3 | BS46: 200000 | BT46: 209 | BU46: =IF($BN46="","", IFERROR( IF($BN46<'[1]시간외시간 기준표'!$B$2,0, IF($BN46>LOOKUP(9.9E+307,'[1]시간외시간 기준표'!$B$2:$B$999), LOOKUP(9.9E+307,'[1]시간외시간 기준표'!$C$2:$C$999), LOOKUP($BN46,'[1]시간외시간 기준표'!$B$2:$B$999,'[1]시간외시간 기준표'!$C$2:$C$999) ) ),0) ) -> 31 | BV46: =(BQ46+BS46)/209 -> 10404.45 | BW46: 30 | BX46: 30 | BY46: 31900000 | BZ46: =CA46*12 -> 31900111 | CA46: =SUM(CB46:CD46) -> 2658342.6 | CB46: =ROUNDUP(BY46/12*209/(209+CF46*1.5)/BW46*BX46,-1)-CD46 -> 1949300 | CC46: =ROUNDUP(BY46/12*(CF46*1.5)/(209+CF46*1.5)/BW46*BX46,1) -> 509042.6 | CD46: 200000 | CE46: 209 | CF46: =IF(BY46<26000000,0,IF(BY46<26500000,4,IF(BY46<27000000,7,IF(BY46<27500000,9,IF(BY46<28000000,11,IF(BY46<28500000,15,IF(BY46<29000000,17,IF(BY46<29500000,20,IF(BY46<30000000,23,IF(BY46<30500000,25,IF(BY46<31000000,27,IF(BY46<31500000,29,IF(BY46<32000000,33,IF(BY46<32500000,37,IF(BY46<33000000,39,IF(BY46<33500000,42,IF(BY46<34000000,45,IF(BY46<34500000,48,IF(BY46<35000000,52,52))))))))))))))))))) -> 33 | CG46: =(CB46+CD46)/209 -> 10283.732 | CH46: 30 | CI46: 30 | CJ46: 31100000 | CK46: =CL46*12 -> 31100102 | CL46: =SUM(CM46:CO46) -> 2591675.2 | CM46: =ROUNDUP(CJ46/12*209/(209+CQ46*1.5)/CH46*CI46,-1)-CO46 -> 1945190 | CN46: =ROUNDUP(CJ46/12*(CQ46*1.5)/(209+CQ46*1.5)/CH46*CI46,1) -> 446485.2 | CO46: 200000 | CP46: 209 | CQ46: =IF(CJ46<26000000,0,IF(CJ46<26500000,4,IF(CJ46<27000000,7,IF(CJ46<27500000,9,IF(CJ46<28000000,11,IF(CJ46<28500000,15,IF(CJ46<29000000,17,IF(CJ46<29500000,20,IF(CJ46<30000000,23,IF(CJ46<30500000,25,IF(CJ46<31000000,27,IF(CJ46<31500000,29,IF(CJ46<32000000,33,IF(CJ46<32500000,37,IF(CJ46<33000000,39,IF(CJ46<33500000,42,IF(CJ46<34000000,45,IF(CJ46<34500000,48,IF(CJ46<35000000,52,52))))))))))))))))))) -> 29 | CR46: =(CM46+CO46)/209 -> 10264.067 | CS46: 29000000 | CT46: =IFERROR(CS46/12,"") -> 2416666.7 | CU46: =IFERROR(#REF!-CV46-CW46,"") | CV46: =IFERROR(#REF!*(CY46*1.5)/(209+(CY46*1.5)),"") | CW46: 200000 | CX46: 209 | CY46: 26 | CZ46: =SUM(CX46:CY46) -> 235 | DA46: =IFERROR((CU46/209)+(CW46-(9620*209*0.01))/209,"") | DB46: =IFERROR((CU46+CW46)/209,"") | DC46: 2023 | DG46: =B46 -> 221005
A47: =ROW()-2 -> 45 | B47: 221007 | C47: 진예은 | E47: 사원 | F47: 정규직 | G47: 테스터 | H47: 1실 | I47: 라인플러스 5팀 | J47: =+VLOOKUP($I47,[1]프로젝트현황!$I:$N,5,0) -> 경기도 | K47: =+VLOOKUP($I47,[1]프로젝트현황!$I:$N,6,0) -> 성남시 | L47: 44865 | M47: 44865 | P47: JIN, Yeeun | Q47: 991013-2177813 | R47: =LEFT(Q47,6) -> 991013 | S47: =MID($Q47,3,2) -> 10 | T47: =IF(OR(MID($Q47,8,1)="1",MID($Q47,8,1)="3"),"남자",IF(OR(MID($Q47,8,1)="2",MID($Q47,8,1)="4"),"여자","")) -> 여자 | U47: =YEAR(TODAY())-IF(OR(MID($Q47,8,1)="1",MID($Q47,8,1)="2"),19&LEFT($Q47,2),IF(OR(MID($Q47,8,1)="3",MID($Q47,8,1)="4"),20&LEFT($Q47,2),""))+1 -> 28 | V47: 양력 | W47: 한국 | X47: 010-4996-7256 | AB47: TBELL | AC47: 陳睿恩 | AD47: =QUOTIENT(SUMPRODUCT(LEFT($AE47:$AF47,FIND("년",$AE47:$AF47)-1)*12+MID($AE47:$AF47,FIND("년",$AE47:$AF47)+1,FIND("개월",$AE47:$AF47)-FIND("년",$AE47:$AF47)-1)),12)&"년"&MOD(SUMPRODUCT(LEFT($AE47:$AF47,FIND("년",$AE47:$AF47)-1)*12+MID($AE47:$AF47,FIND("년",$AE47:$AF47)+1,FIND("개월",$AE47:$AF47)-FIND("년",$AE47:$AF47)-1)),12)&"개월" -> 3년3개월 | AE47: 0년 0개월 | AF47: =DATEDIF($L47,TODAY(),"y")&"년"&DATEDIF($L47,TODAY(),"ym")&"개월" -> 3년3개월 | AG47: 검정고시 | AI47: 고졸 | AJ47: 42866 | AK47: =VALUE(LEFT($AD47,FIND("년",$AD47)-1)) -> 3 | AL47: =IF($AI47="고졸",IF($AK47<=11,"초급",IF($AK47<=14,"중급",IF($AK47<=17,"고급",IF($AK47>=18,"특급"))))) -> 초급 | AM47: =IF(ISNUMBER(SEARCH("산업기사",$AT47)),IF($AK47>=13,"특급",IF($AK47>=10,"고급",IF($AK47>=7,"중급","초급"))),IF(ISNUMBER(SEARCH("기사",$AR47)),IF($AK47>=10,"특급",IF($AK47>=7,"고급",IF($AK47>=4,"중급","초급"))),"미해당")) -> 미해당 | AY47: IT기획 및 품질관리 | AZ47: 테스팅 엔지니어 | BA47: 기업은행 | BB47: 536-056248-02-012 | BC47: 부 | BD47: 010-5302-7256 | BE47: ye.jin@tbell.co.kr | BF47: 경기도 | BG47: 안양시 | BH47: 만안구 | BI47: 현충로24번길 14, 1006호(안양동, 더베이프리미엄아파트) | BJ47: =IFERROR(VLOOKUP($BG47,[1]프로젝트현황!Y:Z,2,0),"기타") -> 서남권 | BK47: =(IF(BF47="","",BF47&" "))&(IF(BG47="","",BG47&" "))&(IF(BH47="","",BH47&" "))&BI47 -> 경기도 안양시 만안구 현충로24번길 14, 1006호(안양동, 더베이프리미엄아파트) | BL47: 30 | BM47: 30 | BN47: 28200000 | BO47: =BP47*12 -> 28200044 | BP47: =SUM(BQ47:BS47) -> 2350003.7 | BQ47: =ROUNDUP(BN47/12*209/(209+BU47*1.5)/BL47*BM47,-1)-BS47 -> 1963660 | BR47: =ROUNDUP(BN47/12*(BU47*1.5)/(209+BU47*1.5)/BL47*BM47,1) -> 186343.7 | BS47: 200000 | BT47: 209 | BU47: =IF($BN47="","", IFERROR( IF($BN47<'[1]시간외시간 기준표'!$B$2,0, IF($BN47>LOOKUP(9.9E+307,'[1]시간외시간 기준표'!$B$2:$B$999), LOOKUP(9.9E+307,'[1]시간외시간 기준표'!$C$2:$C$999), LOOKUP($BN47,'[1]시간외시간 기준표'!$B$2:$B$999,'[1]시간외시간 기준표'!$C$2:$C$999) ) ),0) ) -> 12 | BV47: =(BQ47+BS47)/209 -> 10352.44 | BW47: 30 | BX47: 30 | BY47: 28200000 | BZ47: =CA47*12 -> 28200022 | CA47: =SUM(CB47:CD47) -> 2350001.8 | CB47: =ROUNDUP(BY47/12*209/(209+CF47*1.5)/BW47*BX47,-1)-CD47 -> 1921600 | CC47: =ROUNDUP(BY47/12*(CF47*1.5)/(209+CF47*1.5)/BW47*BX47,1) -> 228401.8 | CD47: 200000 | CE47: 209 | CF47: =IF(BY47<26000000,0,IF(BY47<26500000,4,IF(BY47<27000000,7,IF(BY47<27500000,9,IF(BY47<28000000,11,IF(BY47<28500000,15,IF(BY47<29000000,17,IF(BY47<29500000,20,IF(BY47<30000000,23,IF(BY47<30500000,25,IF(BY47<31000000,27,IF(BY47<31500000,29,IF(BY47<32000000,33,IF(BY47<32500000,37,IF(BY47<33000000,39,IF(BY47<33500000,42,IF(BY47<34000000,45,IF(BY47<34500000,48,IF(BY47<35000000,52,52))))))))))))))))))) -> 15 | CG47: =(CB47+CD47)/209 -> 10151.196 | CH47: 30 | CI47: 30 | CJ47: 27400000 | CK47: =CL47*12 -> 27400073 | CL47: =SUM(CM47:CO47) -> 2283339.4 | CM47: =ROUNDUP(CJ47/12*209/(209+CQ47*1.5)/CH47*CI47,-1)-CO47 -> 1944800 | CN47: =ROUNDUP(CJ47/12*(CQ47*1.5)/(209+CQ47*1.5)/CH47*CI47,1) -> 138539.4 | CO47: 200000 | CP47: 209 | CQ47: =IF(CJ47<26000000,0,IF(CJ47<26500000,4,IF(CJ47<27000000,7,IF(CJ47<27500000,9,IF(CJ47<28000000,11,IF(CJ47<28500000,15,IF(CJ47<29000000,17,IF(CJ47<29500000,20,IF(CJ47<30000000,23,IF(CJ47<30500000,25,IF(CJ47<31000000,27,IF(CJ47<31500000,29,IF(CJ47<32000000,33,IF(CJ47<32500000,37,IF(CJ47<33000000,39,IF(CJ47<33500000,42,IF(CJ47<34000000,45,IF(CJ47<34500000,48,IF(CJ47<35000000,52,52))))))))))))))))))) -> 9 | CR47: =(CM47+CO47)/209 -> 10262.201 | CS47: 26000000 | CT47: =IFERROR(CS47/12,"") -> 2166666.7 | CU47: =IFERROR(#REF!-CV47-CW47,"") | CV47: =IFERROR(#REF!*(CY47*1.5)/(209+(CY47*1.5)),"") | CW47: 200000 | CX47: 209 | CY47: 9 | CZ47: =SUM(CX47:CY47) -> 218 | DA47: =IFERROR((CU47/209)+(CW47-(9620*209*0.01))/209,"") | DB47: =IFERROR((CU47+CW47)/209,"") | DC47: 2023 | DG47: =B47 -> 221007
