Workbook
Name 범위: '[2]1-1. 개인별 급여분석'!$B$5:$R$43
Name 성명: '[2]1-1. 개인별 급여분석'!$B$5:$B$39
Name 포함단어시작셀: #REF!

Sheet 인사기본정보
B1: 1 | C1: 2 | D1: 11 | E1: 12 | F1: 13 | G1: 14 | H1: 15 | I1: 16 | J1: 17 | K1: 18 | L1: 19 | M1: 20 | N1: 21 | O1: 22 | P1: 23 | Q1: 24 | R1: 25 | S1: 26 | T1: 27 | U1: 28 | V1: 29 | W1: 30 | X1: 31 | Y1: 32 | Z1: 33 | AA1: 34 | AB1: 35 | AC1: 36 | AD1: 37 | AE1: 38 | AF1: 39 | AG1: 40 | AH1: 41 | AI1: 42 | AJ1: 43 | AK1: 44 | AL1: 45 | AM1: 46 | AN1: 47 | AO1: 48 | AP1: 49 | AQ1: 50 | AR1: 51 | AS1: 52 | AT1: 53 | AU1: 54 | AV1: 55 | AW1: 56 | AX1: 57 | AY1: 58 | AZ1: 59 | BA1: 60 | BB1: 61 | BC1: 62
A2: 순번 | B2: 사번 | C2: 성명 | D2: 최초입사일 | E2: 정규전환일 | F2: 적치적용일 | G2: 퇴직일자 | H2: 영문명 | I2: 주민번호 | J2: 생년월일 | K2: 생일월 | L2: 성별 | M2: 나이 | N2: 양력/음력 | O2: 국적 | P2: 전화번호 | Q2: 재직구분 | R2: 결혼유무 | S2: 결혼기념일 | T2: 법인 | U2: 한자명 | V2: 총업무경력 | W2: 전SW경력 | X2: 재직기간 | Y2: 최종학교 | Z2: 전공 | AA2: 최종학력 | AB2: 졸업일 | AC2: 지우면안돼 | AD2: 등급(경력+학력) | AE2: 등급(자격증) | AF2: CSTS | AG2: 취득일 | AH2: ISTQB | AI2: 취득일2 | AJ2: 정보처리기사 | AK2: 취득일3 | AL2: 정보처리산업기사 | AM2: 취득일4 | AN2: 기타 | AO2: 발행기관 | AP2: 취득년월 | AQ2: 분야 | AR2: 직무2 | AS2: 은행 | AT2: 계좌번호 | AU2: 본인과의 관계 | AV2: 비상연락처 | AW2: 그룹웨어 이메일 | AX2: 주요시도 | AY2: 자치시구 | AZ2: 상세주소 | BA2: 상세주소3 | BB2: 거주지역 | BC2: 상세주소4
A3: =ROW()-2 -> 1 | B3: 150501 | C3: 김종균 | D3: 42142 | E3: 42142 | I3: 831124-1113419 | J3: =LEFT(I3,6) -> 831124 | K3: =MID($I3,3,2) -> 11 | L3: =IF(OR(MID($I3,8,1)="1",MID($I3,8,1)="3"),"남자",IF(OR(MID($I3,8,1)="2",MID($I3,8,1)="4"),"여자","")) -> 남자 | M3: =YEAR(TODAY())-IF(OR(MID($I3,8,1)="1",MID($I3,8,1)="2"),19&LEFT($I3,2),IF(OR(MID($I3,8,1)="3",MID($I3,8,1)="4"),20&LEFT($I3,2),""))+1 -> 44 | N3: 양력 | O3: 한국 | P3: 010-5749-8009 | T3: TBELL | V3: {=QUOTIENT(SUMPRODUCT(LEFT($W3:$X3,FIND("년",$W3:$X3)-1)*12+MID($W3:$X3,FIND("년",$W3:$X3)+1,FIND("개월",$W3:$X3)-FIND("년",$W3:$X3)-1)),12)&"년"&MOD(SUMPRODUCT(LEFT($W3:$X3,FIND("년",$W3:$X3)-1)*12+MID($W3:$X3,FIND("년",$W3:$X3)+1,FIND("개월",$W3:$X3)-FIND("년",$W3:$X3)-1)),12)&"개월"} -> 10년8개월 | W3: 0년0개월 | X3: =DATEDIF($D3,TODAY(),"y")&"년"&DATEDIF($D3,TODAY(),"ym")&"개월" -> 10년8개월 | AA3: 전문학사 | AC3: =VALUE(LEFT($V3,FIND("년",$V3)-1)) -> 10 | AD3: 특급 | AE3: =IF(ISNUMBER(SEARCH("산업기사",$AL3)),IF($AC3>=13,"특급",IF($AC3>=10,"고급",IF($AC3>=7,"중급","초급"))),IF(ISNUMBER(SEARCH("기사",$AJ3)),IF($AC3>=10,"특급",IF($AC3>=7,"고급",IF($AC3>=4,"중급","초급"))),"미해당")) -> 미해당 | AQ3: 정보기술컨설팅 | AU3: 처 | AV3: 010-5749-8009 | AW3: jg.kim@tbell.co.kr | AX3: 서울시 | AY3: 서대문구 | BA3: 세무서8길 30 홍제역 효성해링턴플레이스 113동 1802호 | BB3: =IFERROR(VLOOKUP($AY3,[1]프로젝트현황!Y:Z,2,0),"기타") -> 서북권 | BC3: =(IF(AX3="","",AX3&" "))&(IF(AY3="","",AY3&" "))&(IF(AZ3="","",AZ3&" "))&BA3 -> 서울시 서대문구 세무서8길 30 홍제역 효성해링턴플레이스 113동 1802호
A4: =ROW()-2 -> 2 | B4: 151201 | C4: 강현규 | D4: 42345 | E4: 42345 | F4: 43220 | H4: KANG, HyeonKyu | I4: 821030-1012027 | J4: =LEFT(I4,6) -> 821030 | K4: =MID($I4,3,2) -> 10 | L4: =IF(OR(MID($I4,8,1)="1",MID($I4,8,1)="3"),"남자",IF(OR(MID($I4,8,1)="2",MID($I4,8,1)="4"),"여자","")) -> 남자 | M4: =YEAR(TODAY())-IF(OR(MID($I4,8,1)="1",MID($I4,8,1)="2"),19&LEFT($I4,2),IF(OR(MID($I4,8,1)="3",MID($I4,8,1)="4"),20&LEFT($I4,2),""))+1 -> 45 | N4: 양력 | O4: 한국 | P4: 010-6388-7664 | R4: 유 | S4: 45267 | T4: TBELL | V4: =QUOTIENT(SUMPRODUCT(LEFT($W4:$X4,FIND("년",$W4:$X4)-1)*12+MID($W4:$X4,FIND("년",$W4:$X4)+1,FIND("개월",$W4:$X4)-FIND("년",$W4:$X4)-1)),12)&"년"&MOD(SUMPRODUCT(LEFT($W4:$X4,FIND("년",$W4:$X4)-1)*12+MID($W4:$X4,FIND("년",$W4:$X4)+1,FIND("개월",$W4:$X4)-FIND("년",$W4:$X4)-1)),12)&"개월" -> 21년0개월 | W4: 10년 10개월 | X4: =DATEDIF($D4,TODAY(),"y")&"년"&DATEDIF($D4,TODAY(),"ym")&"개월" -> 10년2개월 | Y4: 동국대학교전산원 | Z4: 멀티미디어 | AA4: 전문학사 | AB4: 37672 | AC4: =VALUE(LEFT($V4,FIND("년",$V4)-1)) -> 21 | AD4: =IF($AA4="전문학사",IF($AC4<=8,"초급",IF($AC4<12,"중급",IF($AC4<15,"고급",IF($AC4>=15,"특급"))))) -> 특급 | AE4: =IF(ISNUMBER(SEARCH("산업기사",$AL4)),IF($AC4>=13,"특급",IF($AC4>=10,"고급",IF($AC4>=7,"중급","초급"))),IF(ISNUMBER(SEARCH("기사",$AJ4)),IF($AC4>=10,"특급",IF($AC4>=7,"고급",IF($AC4>=4,"중급","초급"))),"미해당")) -> 미해당 | AH4: ISTQB | AI4: 2017.03 | AN4: 컴퓨터활용능력 워드프로세서 | AO4: ISTQB | AP4: 2017.03 | AQ4: 아키텍처 | AR4: 경영지원 | AS4: 기업은행 | AT4: 122-068082-01-018 | AU4: 처 | AV4: 010-9126-0218 | AW4: hk.kang@tbell.co.kr | AX4: 경기도 | AY4: 고양시 | AZ4: 덕양구 | BA4: 덕양구 성신로99, 1909 1501호(행신동, 햇빛마을 19단지 공무원 아파트) | BB4: =IFERROR(VLOOKUP($AY4,[1]프로젝트현황!Y:Z,2,0),"기타") -> 서북권 | BC4: =(IF(AX4="","",AX4&" "))&(IF(AY4="","",AY4&" "))&(IF(AZ4="","",AZ4&" "))&BA4 -> 경기도 고양시 덕양구 덕양구 성신로99, 1909 1501호(행신동, 햇빛마을 19단지 공무원 아파트)
A5: =ROW()-2 -> 3 | B5: 170702 | C5: 강성희 | D5: 42926 | E5: 42926 | I5: 830509-2065313 | J5: =LEFT(I5,6) -> 830509 | K5: =MID($I5,3,2) -> 05 | L5: =IF(OR(MID($I5,8,1)="1",MID($I5,8,1)="3"),"남자",IF(OR(MID($I5,8,1)="2",MID($I5,8,1)="4"),"여자","")) -> 여자 | M5: =YEAR(TODAY())-IF(OR(MID($I5,8,1)="1",MID($I5,8,1)="2"),19&LEFT($I5,2),IF(OR(MID($I5,8,1)="3",MID($I5,8,1)="4"),20&LEFT($I5,2),""))+1 -> 44 | N5: 양력 | O5: 한국 | P5: 010-9589-5859 | T5: TBELL | V5: =QUOTIENT(SUMPRODUCT(LEFT($W5:$X5,FIND("년",$W5:$X5)-1)*12+MID($W5:$X5,FIND("년",$W5:$X5)+1,FIND("개월",$W5:$X5)-FIND("년",$W5:$X5)-1)),12)&"년"&MOD(SUMPRODUCT(LEFT($W5:$X5,FIND("년",$W5:$X5)-1)*12+MID($W5:$X5,FIND("년",$W5:$X5)+1,FIND("개월",$W5:$X5)-FIND("년",$W5:$X5)-1)),12)&"개월" -> 13년4개월 | W5: 4년 9개월 | X5: =DATEDIF($D5,TODAY(),"y")&"년"&DATEDIF($D5,TODAY(),"ym")&"개월" -> 8년7개월 | Y5: 동원대학교 | Z5: 교육서비스문헌정보과 | AA5: 전문학사 | AB5: 38765 | AC5: =VALUE(LEFT($V5,FIND("년",$V5)-1)) -> 13 | AD5: =IF($ZE3="전문학사",IF($AC5<=8,"초급",IF($AC5<12,"중급",IF($AC5<15,"고급",IF($AC5>=15,"특급"))))) -> FALSE | AE5: =IF(ISNUMBER(SEARCH("산업기사",$AL5)),IF($AC5>=13,"특급",IF($AC5>=10,"고급",IF($AC5>=7,"중급","초급"))),IF(ISNUMBER(SEARCH("기사",$AJ5)),IF($AC5>=10,"특급",IF($AC5>=7,"고급",IF($AC5>=4,"중급","초급"))),"미해당")) -> 미해당 | AN5: 워드프로세스 2급 컴퓨터활용능력 3급 | AO5: 대한상공회의소 대한상공회의소 | AP5: 1999.11 2001.06 | AQ5: IT기획 및 품질관리 | AR5: 테스팅 엔지니어 | AS5: 기업은행 | AT5: 248-009498-01-029 | AU5: 모 | AV5: 010-2588-0245 | AW5: sh.kang@tbell.co.kr | AX5: 서울시 | AY5: 금천구 | BA5: 시흥대로94길 33-4 3층 (독산동 1058-20) | BB5: =IFERROR(VLOOKUP($AY5,[1]프로젝트현황!Y:Z,2,0),"기타") -> 서남권 | BC5: =(IF(AX5="","",AX5&" "))&(IF(AY5="","",AY5&" "))&(IF(AZ5="","",AZ5&" "))&AZE3 -> 서울시 금천구
A6: =ROW()-2 -> 4 | B6: 170801 | C6: 서동한 | D6: 42948 | E6: 42948 | H6: Seo, Dang Han | I6: 890218-1054222 | J6: =LEFT(I6,6) -> 890218 | K6: 3 | L6: =IF(OR(MID($I6,8,1)="1",MID($I6,8,1)="3"),"남자",IF(OR(MID($I6,8,1)="2",MID($I6,8,1)="4"),"여자","")) -> 남자 | M6: =YEAR(TODAY())-IF(OR(MID($I6,8,1)="1",MID($I6,8,1)="2"),19&LEFT($I6,2),IF(OR(MID($I6,8,1)="3",MID($I6,8,1)="4"),20&LEFT($I6,2),""))+1 -> 38 | N6: 음력 | O6: 한국 | P6: 010-4101-4909 | R6: 무 | T6: TBELL | V6: =QUOTIENT(SUMPRODUCT(LEFT($W6:$X6,FIND("년",$W6:$X6)-1)*12+MID($W6:$X6,FIND("년",$W6:$X6)+1,FIND("개월",$W6:$X6)-FIND("년",$W6:$X6)-1)),12)&"년"&MOD(SUMPRODUCT(LEFT($W6:$X6,FIND("년",$W6:$X6)-1)*12+MID($W6:$X6,FIND("년",$W6:$X6)+1,FIND("개월",$W6:$X6)-FIND("년",$W6:$X6)-1)),12)&"개월" -> 8년8개월 | W6: 0년2개월 | X6: =DATEDIF($D6,TODAY(),"y")&"년"&DATEDIF($D6,TODAY(),"ym")&"개월" -> 8년6개월 | Y6: 한신대학교 | Z6: 정보통신학 | AA6: 학사 | AB6: 41684 | AC6: =VALUE(LEFT($V6,FIND("년",$V6)-1)) -> 8 | AD6: =IF($AA6="학사",IF($AC6<=5,"초급",IF($AC6<9,"중급",IF($AC6<12,"고급",IF($AC6>=12,"특급"))))) -> 중급 | AE6: =IF(ISNUMBER(SEARCH("산업기사",$AL6)),IF($AC6>=13,"특급",IF($AC6>=10,"고급",IF($AC6>=7,"중급","초급"))),IF(ISNUMBER(SEARCH("기사",$AJ6)),IF($AC6>=10,"특급",IF($AC6>=7,"고급",IF($AC6>=4,"중급","초급"))),"미해당")) -> 미해당 | AN6: 네트워크관리사 2급 자동차운전면허 1종 보통 | AO6: 한국정보통신자격협회 경기지방경찰청 | AP6: 2012.12.11 2012.02.14 | AQ6: IT기획 및 품질관리 | AR6: 테스팅 엔지니어 | AS6: 기업은행 | AT6: 326-119130-01-010 | AU6: 부 | AV6: 010-5287-1237 | AW6: dh.seo@tbell.co.kr | AX6: 경기도 | AY6: 안산시 | AZ6: 단원구 | BA6: 단원구 광덕3로 241, 4층 (고잔동 760-2) | BB6: =IFERROR(VLOOKUP($AY6,[1]프로젝트현황!Y:Z,2,0),"기타") -> 서남권 | BC6: =(IF(AX6="","",AX6&" "))&(IF(AY6="","",AY6&" "))&(IF(AZ6="","",AZ6&" "))&BA6 -> 경기도 안산시 단원구 단원구 광덕3로 241, 4층 (고잔동 760-2)
A7: =ROW()-2 -> 5 | B7: 170803 | C7: 조현균 | D7: 42948 | E7: 42948 | H7: Cho, Hyun Gyun | I7: 860429-1382113 | J7: =LEFT(I7,6) -> 860429 | K7: =MID($I7,3,2) -> 04 | L7: =IF(OR(MID($I7,8,1)="1",MID($I7,8,1)="3"),"남자",IF(OR(MID($I7,8,1)="2",MID($I7,8,1)="4"),"여자","")) -> 남자 | M7: =YEAR(TODAY())-IF(OR(MID($I7,8,1)="1",MID($I7,8,1)="2"),19&LEFT($I7,2),IF(OR(MID($I7,8,1)="3",MID($I7,8,1)="4"),20&LEFT($I7,2),""))+1 -> 41 | N7: 양력 | O7: 한국 | P7: 010-8903-8016 | T7: TBELL | V7: =QUOTIENT(SUMPRODUCT(LEFT($W7:$X7,FIND("년",$W7:$X7)-1)*12+MID($W7:$X7,FIND("년",$W7:$X7)+1,FIND("개월",$W7:$X7)-FIND("년",$W7:$X7)-1)),12)&"년"&MOD(SUMPRODUCT(LEFT($W7:$X7,FIND("년",$W7:$X7)-1)*12+MID($W7:$X7,FIND("년",$W7:$X7)+1,FIND("개월",$W7:$X7)-FIND("년",$W7:$X7)-1)),12)&"개월" -> 16년11개월 | W7: 8년 5개월 | X7: =DATEDIF($D7,TODAY(),"y")&"년"&DATEDIF($D7,TODAY(),"ym")&"개월" -> 8년6개월 | Y7: 두원공과대 | Z7: 정보통신미디어계열 | AA7: 전문학사 | AB7: 39492 | AC7: =VALUE(LEFT($V7,FIND("년",$V7)-1)) -> 16 | AD7: =IF($AA7="전문학사",IF($AC7<=8,"초급",IF($AC7<12,"중급",IF($AC7<15,"고급",IF($AC7>=15,"특급"))))) -> 특급 | AE7: =IF(ISNUMBER(SEARCH("산업기사",$AL7)),IF($AC7>=13,"특급",IF($AC7>=10,"고급",IF($AC7>=7,"중급","초급"))),IF(ISNUMBER(SEARCH("기사",$AJ7)),IF($AC7>=10,"특급",IF($AC7>=7,"고급",IF($AC7>=4,"중급","초급"))),"미해당")) -> 미해당 | AF7: CSTS | AG7: 44794 | AH7: ISTQB | AI7: 44035 | AO7: KSTQB 한국정보통신기술협회 | AP7: 2020.07 2021.09.03 | AQ7: IT기획 및 품질관리 | AR7: 테스팅 엔지니어 | AS7: 기업은행 | AT7: 607-022578-01-018 | AU7: 모 | AV7: 010-4931-8016 | AW7: hg.cho@tbell.co.kr | AX7: 경기도 | AY7: 수원시 | AZ7: 팔달구 | BA7: 경수대로 534, 102동 401호 (인계동 945, 인계극동스타클래스) | BB7: =IFERROR(VLOOKUP($AY7,[1]프로젝트현황!Y:Z,2,0),"기타") -> 동남권 | BC7: =(IF(AX7="","",AX7&" "))&(IF(AY7="","",AY7&" "))&(IF(AZ7="","",AZ7&" "))&BA7 -> 경기도 수원시 팔달구 경수대로 534, 102동 401호 (인계동 945, 인계극동스타클래스)
A8: =ROW()-2 -> 6 | B8: 170904 | C8: 조소영 | D8: 42982 | E8: 42982 | H8: Jo, So Young | I8: 900424-2163820 | J8: =LEFT(I8,6) -> 900424 | K8: =MID($I8,3,2) -> 04 | L8: =IF(OR(MID($I8,8,1)="1",MID($I8,8,1)="3"),"남자",IF(OR(MID($I8,8,1)="2",MID($I8,8,1)="4"),"여자","")) -> 여자 | M8: =YEAR(TODAY())-IF(OR(MID($I8,8,1)="1",MID($I8,8,1)="2"),19&LEFT($I8,2),IF(OR(MID($I8,8,1)="3",MID($I8,8,1)="4"),20&LEFT($I8,2),""))+1 -> 37 | N8: 양력 | O8: 한국 | P8: 010-9189-7381 | R8: 무 | T8: TBELL | V8: =QUOTIENT(SUMPRODUCT(LEFT($W8:$X8,FIND("년",$W8:$X8)-1)*12+MID($W8:$X8,FIND("년",$W8:$X8)+1,FIND("개월",$W8:$X8)-FIND("년",$W8:$X8)-1)),12)&"년"&MOD(SUMPRODUCT(LEFT($W8:$X8,FIND("년",$W8:$X8)-1)*12+MID($W8:$X8,FIND("년",$W8:$X8)+1,FIND("개월",$W8:$X8)-FIND("년",$W8:$X8)-1)),12)&"개월" -> 13년1개월 | W8: 4년 8개월 | X8: =DATEDIF($D8,TODAY(),"y")&"년"&DATEDIF($D8,TODAY(),"ym")&"개월" -> 8년5개월 | Y8: 용인송담대학교 | Z8: 멀티미디어영상과 | AA8: 전문학사 | AB8: 40585 | AC8: =VALUE(LEFT($V8,FIND("년",$V8)-1)) -> 13 | AD8: =IF($AA8="전문학사",IF($AC8<=8,"초급",IF($AC8<12,"중급",IF($AC8<15,"고급",IF($AC8>=15,"특급"))))) -> 고급 | AE8: =IF(ISNUMBER(SEARCH("산업기사",$AL8)),IF($AC8>=13,"특급",IF($AC8>=10,"고급",IF($AC8>=7,"중급","초급"))),IF(ISNUMBER(SEARCH("기사",$AJ8)),IF($AC8>=10,"특급",IF($AC8>=7,"고급",IF($AC8>=4,"중급","초급"))),"미해당")) -> 미해당 | AN8: 워드프로세스 MOS Excel 2003 MOS Powerpoint 2003 | AO8: 대한상공회의소 MS MS | AP8: 2001.12.26 2010.09.17 2010.10.01 | AQ8: IT기획 및 품질관리 | AR8: 테스팅 엔지니어 | AS8: 기업은행 | AT8: 065-135562-01-013 | AU8: 모 | AV8: 010-5039-9118 | AW8: sy.jo@tbell.co.kr | AX8: 경기도 | AY8: 수원시 | AZ8: 권선구 | BA8: 경수대로 302번길 29, 4동 501호 (권선제2동 1185-1, 권선삼성아파트) | BB8: =IFERROR(VLOOKUP($AY8,[1]프로젝트현황!Y:Z,2,0),"기타") -> 동남권 | BC8: =(IF(AX8="","",AX8&" "))&(IF(AY8="","",AY8&" "))&(IF(AZ8="","",AZ8&" "))&BA8 -> 경기도 수원시 권선구 경수대로 302번길 29, 4동 501호 (권선제2동 1185-1, 권선삼성아파트)
A9: =ROW()-2 -> 7 | B9: 180501 | C9: 정성우 | D9: 43244 | E9: 43244 | H9: Jung, Sung Woo | I9: 810306-1167610 | J9: =LEFT(I9,6) -> 810306 | K9: =MID($I9,3,2) -> 03 | L9: =IF(OR(MID($I9,8,1)="1",MID($I9,8,1)="3"),"남자",IF(OR(MID($I9,8,1)="2",MID($I9,8,1)="4"),"여자","")) -> 남자 | M9: =YEAR(TODAY())-IF(OR(MID($I9,8,1)="1",MID($I9,8,1)="2"),19&LEFT($I9,2),IF(OR(MID($I9,8,1)="3",MID($I9,8,1)="4"),20&LEFT($I9,2),""))+1 -> 46 | N9: 양력 | O9: 한국 | P9: 010-5547-9612 | T9: TBELL | V9: =QUOTIENT(SUMPRODUCT(LEFT($W9:$X9,FIND("년",$W9:$X9)-1)*12+MID($W9:$X9,FIND("년",$W9:$X9)+1,FIND("개월",$W9:$X9)-FIND("년",$W9:$X9)-1)),12)&"년"&MOD(SUMPRODUCT(LEFT($W9:$X9,FIND("년",$W9:$X9)-1)*12+MID($W9:$X9,FIND("년",$W9:$X9)+1,FIND("개월",$W9:$X9)-FIND("년",$W9:$X9)-1)),12)&"개월" -> 17년6개월 | W9: 9년 10개월 | X9: =DATEDIF($D9,TODAY(),"y")&"년"&DATEDIF($D9,TODAY(),"ym")&"개월" -> 7년8개월 | Y9: 용인송담대학교 | Z9: 정보통신과 | AA9: 전문학사 | AB9: 38401 | AC9: =VALUE(LEFT($V9,FIND("년",$V9)-1)) -> 17 | AD9: =IF($AA9="전문학사",IF($AC9<=8,"초급",IF($AC9<12,"중급",IF($AC9<15,"고급",IF($AC9>=15,"특급"))))) -> 특급 | AE9: =IF(ISNUMBER(SEARCH("산업기사",$AL9)),IF($AC9>=13,"특급",IF($AC9>=10,"고급",IF($AC9>=7,"중급","초급"))),IF(ISNUMBER(SEARCH("기사",$AJ9)),IF($AC9>=10,"특급",IF($AC9>=7,"고급",IF($AC9>=4,"중급","초급"))),"미해당")) -> 미해당 | AN9: 정보기기운용기능사 정보처리기능사 무선통신기능사 워드프로세서 1급 교원자격증(실기교사-통신) 新JLPT N2 | AO9: 한국산업인력공단 한국산업인력공단 한국산업인력공단 대한상공회의소 교원인적자원부 국제교류기금 | AP9: 1999.04 1999.06 1999.07 1999.11 2005.02 2017.08 | AQ9: IT기획 및 품질관리 | AR9: 테스팅 엔지니어 | AS9: 기업은행 | AT9: 013-125229-01-010 | AU9: 모 | AV9: 010-9382-9612 | AW9: sw.jung@tbell.co.kr | AX9: 경기도 | AY9: 성남시 | AZ9: 수정구 | BA9: 수정로 251번길 22 신원빌리지 102동 302호 | BB9: =IFERROR(VLOOKUP($AY9,[1]프로젝트현황!Y:Z,2,0),"기타") -> 동남권 | BC9: =(IF(AX9="","",AX9&" "))&(IF(AY9="","",AY9&" "))&(IF(AZ9="","",AZ9&" "))&BA9 -> 경기도 성남시 수정구 수정로 251번길 22 신원빌리지 102동 302호
A10: =ROW()-2 -> 8 | B10: 180601 | C10: 전광희 | D10: 43262 | E10: 43262 | H10: Jeon, Gwang Hee | I10: 920409-1187228 | J10: =LEFT(I10,6) -> 920409 | K10: =MID($I10,3,2) -> 04 | L10: =IF(OR(MID($I10,8,1)="1",MID($I10,8,1)="3"),"남자",IF(OR(MID($I10,8,1)="2",MID($I10,8,1)="4"),"여자","")) -> 남자 | M10: =YEAR(TODAY())-IF(OR(MID($I10,8,1)="1",MID($I10,8,1)="2"),19&LEFT($I10,2),IF(OR(MID($I10,8,1)="3",MID($I10,8,1)="4"),20&LEFT($I10,2),""))+1 -> 35 | N10: 양력 | O10: 한국 | P10: 010-4168-4630 | R10: 무 | T10: TBELL | V10: =QUOTIENT(SUMPRODUCT(LEFT($W10:$X10,FIND("년",$W10:$X10)-1)*12+MID($W10:$X10,FIND("년",$W10:$X10)+1,FIND("개월",$W10:$X10)-FIND("년",$W10:$X10)-1)),12)&"년"&MOD(SUMPRODUCT(LEFT($W10:$X10,FIND("년",$W10:$X10)-1)*12+MID($W10:$X10,FIND("년",$W10:$X10)+1,FIND("개월",$W10:$X10)-FIND("년",$W10:$X10)-1)),12)&"개월" -> 9년3개월 | W10: 1년 8개월 | X10: =DATEDIF($D10,TODAY(),"y")&"년"&DATEDIF($D10,TODAY(),"ym")&"개월" -> 7년7개월 | Y10: 용인송담대학교 | Z10: 컴퓨터게임과 | AA10: 전문학사 | AB10: 42412 | AC10: =VALUE(LEFT($V10,FIND("년",$V10)-1)) -> 9 | AD10: =IF($AA10="전문학사",IF($AC10<=8,"초급",IF($AC10<12,"중급",IF($AC10<15,"고급",IF($AC10>=15,"특급"))))) -> 중급 | AE10: =IF(ISNUMBER(SEARCH("산업기사",$AL10)),IF($AC10>=13,"특급",IF($AC10>=10,"고급",IF($AC10>=7,"중급","초급"))),IF(ISNUMBER(SEARCH("기사",$AJ10)),IF($AC10>=10,"특급",IF($AC10>=7,"고급",IF($AC10>=4,"중급","초급"))),"미해당")) -> 미해당 | AQ10: IT기획 및 품질관리 | AR10: 테스팅 엔지니어 | AS10: 기업은행 | AT10: 534-026781-01-015 | AU10: 모 | AV10: 010-2657-4630 | AW10: gh.jeon@tbell.co.kr | AX10: 서울시 | AY10: 구로구 | BA10: 부일로17길 147 4층 | BB10: =IFERROR(VLOOKUP($AY10,[1]프로젝트현황!Y:Z,2,0),"기타") -> 서남권 | BC10: =(IF(AX10="","",AX10&" "))&(IF(AY10="","",AY10&" "))&(IF(AZ10="","",AZ10&" "))&BA10 -> 서울시 구로구 부일로17길 147 4층
A11: =ROW()-2 -> 9 | B11: 190102 | C11: 김재완 | D11: 43467 | E11: 43467 | H11: Kim, Jae Wan | I11: 920208-1238814 | J11: =LEFT(I11,6) -> 920208 | K11: =MID($I11,3,2) -> 02 | L11: =IF(OR(MID($I11,8,1)="1",MID($I11,8,1)="3"),"남자",IF(OR(MID($I11,8,1)="2",MID($I11,8,1)="4"),"여자","")) -> 남자 | M11: =YEAR(TODAY())-IF(OR(MID($I11,8,1)="1",MID($I11,8,1)="2"),19&LEFT($I11,2),IF(OR(MID($I11,8,1)="3",MID($I11,8,1)="4"),20&LEFT($I11,2),""))+1 -> 35 | N11: 양력 | O11: 한국 | P11: 010-9001-4697 | R11: 무 | T11: TBELL | V11: =QUOTIENT(SUMPRODUCT(LEFT($W11:$X11,FIND("년",$W11:$X11)-1)*12+MID($W11:$X11,FIND("년",$W11:$X11)+1,FIND("개월",$W11:$X11)-FIND("년",$W11:$X11)-1)),12)&"년"&MOD(SUMPRODUCT(LEFT($W11:$X11,FIND("년",$W11:$X11)-1)*12+MID($W11:$X11,FIND("년",$W11:$X11)+1,FIND("개월",$W11:$X11)-FIND("년",$W11:$X11)-1)),12)&"개월" -> 8년4개월 | W11: 1년3개월 | X11: =DATEDIF($D11,TODAY(),"y")&"년"&DATEDIF($D11,TODAY(),"ym")&"개월" -> 7년1개월 | Y11: 청강문화산업대학교 | Z11: E스포츠게임과 | AA11: 전문학사 | AB11: 42050 | AC11: =VALUE(LEFT($V11,FIND("년",$V11)-1)) -> 8 | AD11: =IF($AA11="전문학사",IF($AC11<=8,"초급",IF($AC11<12,"중급",IF($AC11<15,"고급",IF($AC11>=15,"특급"))))) -> 초급 | AE11: =IF(ISNUMBER(SEARCH("산업기사",$AL11)),IF($AC11>=13,"특급",IF($AC11>=10,"고급",IF($AC11>=7,"중급","초급"))),IF(ISNUMBER(SEARCH("기사",$AJ11)),IF($AC11>=10,"특급",IF($AC11>=7,"고급",IF($AC11>=4,"중급","초급"))),"미해당")) -> 미해당 | AH11: ISTQB | AI11: 2017.12 | AO11: ISTQB | AP11: 2017.12.05 | AQ11: IT기획 및 품질관리 | AR11: 테스팅 엔지니어 | AS11: 기업은행 | AT11: 001-623506-01-018 | AU11: 모 | AV11: 010-6322-4697 | AW11: jw.kim@tbell.co.kr | AX11: 경기도 | AY11: 부천시 | AZ11: 원미구 | BA11: 부일로 232, 102동 2108호 (상동) | BB11: =IFERROR(VLOOKUP($AY11,[1]프로젝트현황!Y:Z,2,0),"기타") -> 서남권 | BC11: =(IF(AX11="","",AX11&" "))&(IF(AY11="","",AY11&" "))&(IF(AZ11="","",AZ11&" "))&BA11 -> 경기도 부천시 원미구 부일로 232, 102동 2108호 (상동)
A12: =ROW()-2 -> 10 | B12: 190103 | C12: 이정훈 | D12: 43474 | E12: 43474 | I12: 910629-1285511 | J12: =LEFT(I12,6) -> 910629 | K12: =MID($I12,3,2) -> 06 | L12: =IF(OR(MID($I12,8,1)="1",MID($I12,8,1)="3"),"남자",IF(OR(MID($I12,8,1)="2",MID($I12,8,1)="4"),"여자","")) -> 남자 | M12: =YEAR(TODAY())-IF(OR(MID($I12,8,1)="1",MID($I12,8,1)="2"),19&LEFT($I12,2),IF(OR(MID($I12,8,1)="3",MID($I12,8,1)="4"),20&LEFT($I12,2),""))+1 -> 36 | N12: 양력 | O12: 한국 | P12: 010-2082-2969 | R12: 무 | T12: TBELL | V12: =QUOTIENT(SUMPRODUCT(LEFT($W12:$X12,FIND("년",$W12:$X12)-1)*12+MID($W12:$X12,FIND("년",$W12:$X12)+1,FIND("개월",$W12:$X12)-FIND("년",$W12:$X12)-1)),12)&"년"&MOD(SUMPRODUCT(LEFT($W12:$X12,FIND("년",$W12:$X12)-1)*12+MID($W12:$X12,FIND("년",$W12:$X12)+1,FIND("개월",$W12:$X12)-FIND("년",$W12:$X12)-1)),12)&"개월" -> 13년6개월 | W12: 6년 5개월 | X12: =DATEDIF($D12,TODAY(),"y")&"년"&DATEDIF($D12,TODAY(),"ym")&"개월" -> 7년1개월 | Y12: 태백기계공업고등학교 | Z12: 전자기계과 | AA12: 고졸 | AB12: 40221 | AC12: =VALUE(LEFT($V12,FIND("년",$V12)-1)) -> 13 | AD12: =IF($AA12="고졸",IF($AC12<=11,"초급",IF($AC12<=14,"중급",IF($AC12<=17,"고급",IF($AC12>=18,"특급"))))) -> 중급 | AE12: =IF(ISNUMBER(SEARCH("산업기사",$AL12)),IF($AC12>=13,"특급",IF($AC12>=10,"고급",IF($AC12>=7,"중급","초급"))),IF(ISNUMBER(SEARCH("기사",$AJ12)),IF($AC12>=10,"특급",IF($AC12>=7,"고급",IF($AC12>=4,"중급","초급"))),"미해당")) -> 미해당 | AH12: ISTQB | AI12: 42206 | AO12: ISTQB | AP12: 2015.07.21 | AQ12: IT기획 및 품질관리 | AR12: 테스팅 엔지니어 | AS12: 기업은행 | AT12: 126-087492-01-017 | AU12: 제 | AV12: 010-4170-0045 | AW12: jh.lee2@tbell.co.kr | AX12: 서울시 | AY12: 관악구 | BA12: 행운2길 51 502호 | BB12: =IFERROR(VLOOKUP($AY12,[1]프로젝트현황!Y:Z,2,0),"기타") -> 서남권 | BC12: =(IF(AX12="","",AX12&" "))&(IF(AY12="","",AY12&" "))&(IF(AZ12="","",AZ12&" "))&BA12 -> 서울시 관악구 행운2길 51 502호
A13: =ROW()-2 -> 11 | B13: 190105 | C13: 김하정 | D13: 43479 | E13: 43479 | H13: Kim, Ha Jung | I13: 911113-2055428 | J13: =LEFT(I13,6) -> 911113 | K13: =MID($I13,3,2) -> 11 | L13: =IF(OR(MID($I13,8,1)="1",MID($I13,8,1)="3"),"남자",IF(OR(MID($I13,8,1)="2",MID($I13,8,1)="4"),"여자","")) -> 여자 | M13: =YEAR(TODAY())-IF(OR(MID($I13,8,1)="1",MID($I13,8,1)="2"),19&LEFT($I13,2),IF(OR(MID($I13,8,1)="3",MID($I13,8,1)="4"),20&LEFT($I13,2),""))+1 -> 36 | N13: 양력 | O13: 한국 | P13: 010-3794-9113 | T13: TBELL | V13: =QUOTIENT(SUMPRODUCT(LEFT($W13:$X13,FIND("년",$W13:$X13)-1)*12+MID($W13:$X13,FIND("년",$W13:$X13)+1,FIND("개월",$W13:$X13)-FIND("년",$W13:$X13)-1)),12)&"년"&MOD(SUMPRODUCT(LEFT($W13:$X13,FIND("년",$W13:$X13)-1)*12+MID($W13:$X13,FIND("년",$W13:$X13)+1,FIND("개월",$W13:$X13)-FIND("년",$W13:$X13)-1)),12)&"개월" -> 7년9개월 | W13: 0년9개월 | X13: =DATEDIF($D13,TODAY(),"y")&"년"&DATEDIF($D13,TODAY(),"ym")&"개월" -> 7년0개월 | Y13: 덕성여자대학교 | Z13: 컴퓨터학과 | AA13: 학사 | AB13: 42787 | AC13: =VALUE(LEFT($V13,FIND("년",$V13)-1)) -> 7 | AD13: =IF($AA13="학사",IF($AC13<=5,"초급",IF($AC13<9,"중급",IF($AC13<12,"고급",IF($AC13>=12,"특급"))))) -> 중급 | AE13: =IF(ISNUMBER(SEARCH("산업기사",$AL13)),IF($AC13>=13,"특급",IF($AC13>=10,"고급",IF($AC13>=7,"중급","초급"))),IF(ISNUMBER(SEARCH("기사",$AJ13)),IF($AC13>=10,"특급",IF($AC13>=7,"고급",IF($AC13>=4,"중급","초급"))),"미해당")) -> 미해당 | AN13: ICDL starter | AO13: ICDL Korea | AP13: 2012.11 | AQ13: IT기획 및 품질관리 | AR13: 테스팅 엔지니어 | AS13: 기업은행 | AT13: 589-024251-01-012 | AU13: 모 | AV13: 010-8872-1841 | AW13: hj.kim@tbell.co.kr | AX13: 서울시 | AY13: 서초구 | BA13: 청계산로9길 1-12, 601동 309호(신원동, 서초포레스타) | BB13: =IFERROR(VLOOKUP($AY13,[1]프로젝트현황!Y:Z,2,0),"기타") -> 동남권 | BC13: =(IF(AX13="","",AX13&" "))&(IF(AY13="","",AY13&" "))&(IF(AZ13="","",AZ13&" "))&BA13 -> 서울시 서초구 청계산로9길 1-12, 601동 309호(신원동, 서초포레스타)
A14: =ROW()-2 -> 12 | B14: 190107 | C14: 김예림 | D14: 43495 | E14: 43495 | H14: Kim, Ye Rim | I14: 961116-2066116 | J14: =LEFT(I14,6) -> 961116 | K14: =MID($I14,3,2) -> 11 | L14: =IF(OR(MID($I14,8,1)="1",MID($I14,8,1)="3"),"남자",IF(OR(MID($I14,8,1)="2",MID($I14,8,1)="4"),"여자","")) -> 여자 | M14: =YEAR(TODAY())-IF(OR(MID($I14,8,1)="1",MID($I14,8,1)="2"),19&LEFT($I14,2),IF(OR(MID($I14,8,1)="3",MID($I14,8,1)="4"),20&LEFT($I14,2),""))+1 -> 31 | N14: 양력 | O14: 한국 | P14: 010-2356-9458 | T14: TBELL | V14: =QUOTIENT(SUMPRODUCT(LEFT($W14:$X14,FIND("년",$W14:$X14)-1)*12+MID($W14:$X14,FIND("년",$W14:$X14)+1,FIND("개월",$W14:$X14)-FIND("년",$W14:$X14)-1)),12)&"년"&MOD(SUMPRODUCT(LEFT($W14:$X14,FIND("년",$W14:$X14)-1)*12+MID($W14:$X14,FIND("년",$W14:$X14)+1,FIND("개월",$W14:$X14)-FIND("년",$W14:$X14)-1)),12)&"개월" -> 9년0개월 | W14: 2년0개월 | X14: =DATEDIF($D14,TODAY(),"y")&"년"&DATEDIF($D14,TODAY(),"ym")&"개월" -> 7년0개월 | Y14: 명지전문대학교 | Z14: 부동산경영과 | AA14: 전문학사 | AB14: 43154 | AC14: =VALUE(LEFT($V14,FIND("년",$V14)-1)) -> 9 | AD14: =IF($AA14="전문학사",IF($AC14<=8,"초급",IF($AC14<12,"중급",IF($AC14<15,"고급",IF($AC14>=15,"특급"))))) -> 중급 | AE14: =IF(ISNUMBER(SEARCH("산업기사",$AL14)),IF($AC14>=13,"특급",IF($AC14>=10,"고급",IF($AC14>=7,"중급","초급"))),IF(ISNUMBER(SEARCH("기사",$AJ14)),IF($AC14>=10,"특급",IF($AC14>=7,"고급",IF($AC14>=4,"중급","초급"))),"미해당")) -> 미해당 | AQ14: 경영관리 | AR14: 경영관리 | AS14: 기업은행 | AT14: 988-008943-01-017 | AU14: 모 | AV14: 010-8243-8002 | AW14: yr.kim@tbell.co.kr | AX14: 서울시 | AY14: 강서구 | BA14: 등촌동 641-12, 802호 | BB14: =IFERROR(VLOOKUP($AY14,[1]프로젝트현황!Y:Z,2,0),"기타") -> 서남권 | BC14: =(IF(AX14="","",AX14&" "))&(IF(AY14="","",AY14&" "))&(IF(AZ14="","",AZ14&" "))&BA14 -> 서울시 강서구 등촌동 641-12, 802호
A15: =ROW()-2 -> 13 | B15: 190301 | C15: 최현준 | D15: 43529 | E15: 43529 | H15: Choi, Hyun Jun | I15: 870110-1011923 | J15: =LEFT(I15,6) -> 870110 | K15: =MID($I15,3,2) -> 01 | L15: =IF(OR(MID($I15,8,1)="1",MID($I15,8,1)="3"),"남자",IF(OR(MID($I15,8,1)="2",MID($I15,8,1)="4"),"여자","")) -> 남자 | M15: =YEAR(TODAY())-IF(OR(MID($I15,8,1)="1",MID($I15,8,1)="2"),19&LEFT($I15,2),IF(OR(MID($I15,8,1)="3",MID($I15,8,1)="4"),20&LEFT($I15,2),""))+1 -> 40 | N15: 양력 | O15: 한국 | P15: 010-5491-0110 | T15: TBELL | V15: =QUOTIENT(SUMPRODUCT(LEFT($W15:$X15,FIND("년",$W15:$X15)-1)*12+MID($W15:$X15,FIND("년",$W15:$X15)+1,FIND("개월",$W15:$X15)-FIND("년",$W15:$X15)-1)),12)&"년"&MOD(SUMPRODUCT(LEFT($W15:$X15,FIND("년",$W15:$X15)-1)*12+MID($W15:$X15,FIND("년",$W15:$X15)+1,FIND("개월",$W15:$X15)-FIND("년",$W15:$X15)-1)),12)&"개월" -> 15년11개월 | W15: 9년0개월 | X15: =DATEDIF($D15,TODAY(),"y")&"년"&DATEDIF($D15,TODAY(),"ym")&"개월" -> 6년11개월 | Y15: 신구대학교 | Z15: 컴퓨터 멀티미디어과 | AA15: 전문학사 | AB15: 40218 | AC15: =VALUE(LEFT($V15,FIND("년",$V15)-1)) -> 15 | AD15: =IF($AA15="전문학사",IF($AC15<=8,"초급",IF($AC15<12,"중급",IF($AC15<15,"고급",IF($AC15>=15,"특급"))))) -> 특급 | AE15: =IF(ISNUMBER(SEARCH("산업기사",$AL15)),IF($AC15>=13,"특급",IF($AC15>=10,"고급",IF($AC15>=7,"중급","초급"))),IF(ISNUMBER(SEARCH("기사",$AJ15)),IF($AC15>=10,"특급",IF($AC15>=7,"고급",IF($AC15>=4,"중급","초급"))),"미해당")) -> 미해당 | AH15: ISTQB | AI15: 42787 | AN15: 컴퓨활용능력3급 정보기기기능사 워드프로세스1급 | AO15: 대한상공회의소 한국산업인력공단 대한상공회의소 ISTQB | AP15: 2003.03 2004.03 2004.11 2017.11 | AQ15: IT기획 및 품질관리 | AR15: 테스팅 엔지니어 | AS15: 기업은행 | AT15: 131-088072-01-017 | AU15: 모 | AV15: 010-2320-8062 | AW15: hj.choi@tbell.co.kr | AX15: 서울시 | AY15: 구로구 | BA15: 고척로 49, 202동 1402호 (오류동 338, 동부골든아파트) | BB15: =IFERROR(VLOOKUP($AY15,[1]프로젝트현황!Y:Z,2,0),"기타") -> 서남권 | BC15: =(IF(AX15="","",AX15&" "))&(IF(AY15="","",AY15&" "))&(IF(AZ15="","",AZ15&" "))&BA15 -> 서울시 구로구 고척로 49, 202동 1402호 (오류동 338, 동부골든아파트)
A16: =ROW()-2 -> 14 | B16: 190601 | C16: 조현정 | D16: 43619 | E16: 43619 | H16: Cho, Hyun Jung | I16: 730903-2041416 | J16: =LEFT(I16,6) -> 730903 | K16: =MID($I16,3,2) -> 09 | L16: =IF(OR(MID($I16,8,1)="1",MID($I16,8,1)="3"),"남자",IF(OR(MID($I16,8,1)="2",MID($I16,8,1)="4"),"여자","")) -> 여자 | M16: =YEAR(TODAY())-IF(OR(MID($I16,8,1)="1",MID($I16,8,1)="2"),19&LEFT($I16,2),IF(OR(MID($I16,8,1)="3",MID($I16,8,1)="4"),20&LEFT($I16,2),""))+1 -> 54 | N16: 양력 | O16: 한국 | P16: 010-4346-2311 | R16: 유 | S16: 45156 | T16: TBELL | V16: =QUOTIENT(SUMPRODUCT(LEFT($W16:$X16,FIND("년",$W16:$X16)-1)*12+MID($W16:$X16,FIND("년",$W16:$X16)+1,FIND("개월",$W16:$X16)-FIND("년",$W16:$X16)-1)),12)&"년"&MOD(SUMPRODUCT(LEFT($W16:$X16,FIND("년",$W16:$X16)-1)*12+MID($W16:$X16,FIND("년",$W16:$X16)+1,FIND("개월",$W16:$X16)-FIND("년",$W16:$X16)-1)),12)&"개월" -> 28년3개월 | W16: 21년 7개월 | X16: =DATEDIF($D16,TODAY(),"y")&"년"&DATEDIF($D16,TODAY(),"ym")&"개월" -> 6년8개월 | Y16: 유한전문대학교 | Z16: 전자계산과 | AA16: 전문학사 | AB16: 34733 | AC16: =VALUE(LEFT($V16,FIND("년",$V16)-1)) -> 28 | AD16: =IF($AA16="전문학사",IF($AC16<=8,"초급",IF($AC16<12,"중급",IF($AC16<15,"고급",IF($AC16>=15,"특급"))))) -> 특급 | AE16: =IF(ISNUMBER(SEARCH("산업기사",$AL16)),IF($AC16>=13,"특급",IF($AC16>=10,"고급",IF($AC16>=7,"중급","초급"))),IF(ISNUMBER(SEARCH("기사",$AJ16)),IF($AC16>=10,"특급",IF($AC16>=7,"고급",IF($AC16>=4,"중급","초급"))),"미해당")) -> 특급 | AJ16: 정보처리기사 | AK16: 34621 | AN16: SuccessFactors | AO16: 한국정보통신기술협회 한국산업인력공단 SAP | AP16: 1995 2016 | AQ16: IT기획 및 품질관리 | AR16: 테스팅 엔지니어 | AS16: 하나은행 | AT16: 160-910357-92807 | AU16: 처 | AV16: 010-3637-2439 | AW16: hj.cho@tbell.co.kr | AX16: 서울시 | AY16: 서대문구 | BA16: 문화촌길 6-24, 103동 510호(홍제동, 문화촌현대아파트) | BB16: =IFERROR(VLOOKUP($AY16,[1]프로젝트현황!Y:Z,2,0),"기타") -> 서북권 | BC16: =(IF(AX16="","",AX16&" "))&(IF(AY16="","",AY16&" "))&(IF(AZ16="","",AZ16&" "))&BA16 -> 서울시 서대문구 문화촌길 6-24, 103동 510호(홍제동, 문화촌현대아파트)
A17: =ROW()-2 -> 15 | B17: 190903 | C17: 이건혁 | D17: 43731 | E17: 43731 | F17: 45352 | H17: Lee, Gun Heyk | I17: 920215-1058330 | J17: =LEFT(I17,6) -> 920215 | K17: =MID($I17,3,2) -> 02 | L17: =IF(OR(MID($I17,8,1)="1",MID($I17,8,1)="3"),"남자",IF(OR(MID($I17,8,1)="2",MID($I17,8,1)="4"),"여자","")) -> 남자 | M17: =YEAR(TODAY())-IF(OR(MID($I17,8,1)="1",MID($I17,8,1)="2"),19&LEFT($I17,2),IF(OR(MID($I17,8,1)="3",MID($I17,8,1)="4"),20&LEFT($I17,2),""))+1 -> 35 | N17: 양력 | O17: 한국 | P17: 010-3795-0907 | R17: 무 | T17: TBELL | V17: =QUOTIENT(SUMPRODUCT(LEFT($W17:$X17,FIND("년",$W17:$X17)-1)*12+MID($W17:$X17,FIND("년",$W17:$X17)+1,FIND("개월",$W17:$X17)-FIND("년",$W17:$X17)-1)),12)&"년"&MOD(SUMPRODUCT(LEFT($W17:$X17,FIND("년",$W17:$X17)-1)*12+MID($W17:$X17,FIND("년",$W17:$X17)+1,FIND("개월",$W17:$X17)-FIND("년",$W17:$X17)-1)),12)&"개월" -> 7년4개월 | W17: 1년 0개월 | X17: =DATEDIF($D17,TODAY(),"y")&"년"&DATEDIF($D17,TODAY(),"ym")&"개월" -> 6년4개월 | Y17: 청강문화산업대학교 | Z17: E스포츠게임과 | AA17: 전문학사 | AB17: 42048 | AC17: =VALUE(LEFT($V17,FIND("년",$V17)-1)) -> 7 | AD17: =IF($AA17="전문학사",IF($AC17<=8,"초급",IF($AC17<12,"중급",IF($AC17<15,"고급",IF($AC17>=15,"특급"))))) -> 초급 | AE17: =IF(ISNUMBER(SEARCH("산업기사",$AL17)),IF($AC17>=13,"특급",IF($AC17>=10,"고급",IF($AC17>=7,"중급","초급"))),IF(ISNUMBER(SEARCH("기사",$AJ17)),IF($AC17>=10,"특급",IF($AC17>=7,"고급",IF($AC17>=4,"중급","초급"))),"미해당")) -> 미해당 | AH17: ISTQB | AI17: 2023.02 | AQ17: IT기획 및 품질관리 | AR17: 테스팅 엔지니어 | AS17: 기업은행 | AT17: 085-055231-01-011 | AU17: 모 | AV17: 010-5694-2308 | AW17: gh.lee@tbell.co.kr | AX17: 경기도 | AY17: 안양시 | AZ17: 동안구 | BA17: 관악대로263번길 67-8, 가동 101호(비산동, 화도맨션) | BB17: =IFERROR(VLOOKUP($AY17,[1]프로젝트현황!Y:Z,2,0),"기타") -> 서남권 | BC17: =(IF(AX17="","",AX17&" "))&(IF(AY17="","",AY17&" "))&(IF(AZ17="","",AZ17&" "))&BA17 -> 경기도 안양시 동안구 관악대로263번길 67-8, 가동 101호(비산동, 화도맨션)
A18: =ROW()-2 -> 16 | B18: 200901 | C18: 홍영실 | D18: 44075 | E18: 44075 | H18: Hong, Yeong Sil | I18: 990903-2233619 | J18: =LEFT(I18,6) -> 990903 | K18: =MID($I18,3,2) -> 09 | L18: =IF(OR(MID($I18,8,1)="1",MID($I18,8,1)="3"),"남자",IF(OR(MID($I18,8,1)="2",MID($I18,8,1)="4"),"여자","")) -> 여자 | M18: =YEAR(TODAY())-IF(OR(MID($I18,8,1)="1",MID($I18,8,1)="2"),19&LEFT($I18,2),IF(OR(MID($I18,8,1)="3",MID($I18,8,1)="4"),20&LEFT($I18,2),""))+1 -> 28 | N18: 양력 | O18: 한국 | P18: 010-9306-6493 | T18: TBELL | V18: =QUOTIENT(SUMPRODUCT(LEFT($W18:$X18,FIND("년",$W18:$X18)-1)*12+MID($W18:$X18,FIND("년",$W18:$X18)+1,FIND("개월",$W18:$X18)-FIND("년",$W18:$X18)-1)),12)&"년"&MOD(SUMPRODUCT(LEFT($W18:$X18,FIND("년",$W18:$X18)-1)*12+MID($W18:$X18,FIND("년",$W18:$X18)+1,FIND("개월",$W18:$X18)-FIND("년",$W18:$X18)-1)),12)&"개월" -> 5년5개월 | W18: 0년0개월 | X18: =DATEDIF($D18,TODAY(),"y")&"년"&DATEDIF($D18,TODAY(),"ym")&"개월" -> 5년5개월 | Y18: 인하공업전문대학교 | Z18: 컴퓨터시스템과 | AA18: 전문학사 | AB18: 44232 | AC18: =VALUE(LEFT($V18,FIND("년",$V18)-1)) -> 5 | AD18: =IF($AA18="전문학사",IF($AC18<=8,"초급",IF($AC18<12,"중급",IF($AC18<15,"고급",IF($AC18>=15,"특급"))))) -> 초급 | AE18: =IF(ISNUMBER(SEARCH("산업기사",$AL18)),IF($AC18>=13,"특급",IF($AC18>=10,"고급",IF($AC18>=7,"중급","초급"))),IF(ISNUMBER(SEARCH("기사",$AJ18)),IF($AC18>=10,"특급",IF($AC18>=7,"고급",IF($AC18>=4,"중급","초급"))),"미해당")) -> 미해당 | AQ18: IT기획 및 품질관리 | AR18: 테스팅 엔지니어 | AS18: 기업은행 | AT18: 508-038161-01-026 | AU18: 모 | AV18: 010-4742-6499 | AW18: ys.hong@tbell.co.kr | AX18: 경기도 | AY18: 파주시 | BA18: 파평면 배머리길 811-15 | BB18: =IFERROR(VLOOKUP($AY18,[1]프로젝트현황!Y:Z,2,0),"기타") -> 서북권 | BC18: =(IF(AX18="","",AX18&" "))&(IF(AY18="","",AY18&" "))&(IF(AZ18="","",AZ18&" "))&BA18 -> 경기도 파주시 파평면 배머리길 811-15
A19: =ROW()-2 -> 17 | B19: 201003 | C19: 임상욱 | D19: 44116 | E19: 44116 | H19: Lim Sang Wook | I19: 931106-1184719 | J19: =LEFT(I19,6) -> 931106 | K19: =MID($I19,3,2) -> 11 | L19: =IF(OR(MID($I19,8,1)="1",MID($I19,8,1)="3"),"남자",IF(OR(MID($I19,8,1)="2",MID($I19,8,1)="4"),"여자","")) -> 남자 | M19: =YEAR(TODAY())-IF(OR(MID($I19,8,1)="1",MID($I19,8,1)="2"),19&LEFT($I19,2),IF(OR(MID($I19,8,1)="3",MID($I19,8,1)="4"),20&LEFT($I19,2),""))+1 -> 34 | N19: 양력 | O19: 한국 | P19: 010-4059-3674 | T19: TBELL | V19: =QUOTIENT(SUMPRODUCT(LEFT($W19:$X19,FIND("년",$W19:$X19)-1)*12+MID($W19:$X19,FIND("년",$W19:$X19)+1,FIND("개월",$W19:$X19)-FIND("년",$W19:$X19)-1)),12)&"년"&MOD(SUMPRODUCT(LEFT($W19:$X19,FIND("년",$W19:$X19)-1)*12+MID($W19:$X19,FIND("년",$W19:$X19)+1,FIND("개월",$W19:$X19)-FIND("년",$W19:$X19)-1)),12)&"개월" -> 8년3개월 | W19: 3년0개월 | X19: =DATEDIF($D19,TODAY(),"y")&"년"&DATEDIF($D19,TODAY(),"ym")&"개월" -> 5년3개월 | Y19: 신구대학교 | Z19: 모바일IT전공 | AA19: 전문학사 | AB19: 42769 | AC19: =VALUE(LEFT($V19,FIND("년",$V19)-1)) -> 8 | AD19: =IF($AA19="전문학사",IF($AC19<=8,"초급",IF($AC19<12,"중급",IF($AC19<15,"고급",IF($AC19>=15,"특급"))))) -> 초급 | AE19: =IF(ISNUMBER(SEARCH("산업기사",$AL19)),IF($AC19>=13,"특급",IF($AC19>=10,"고급",IF($AC19>=7,"중급","초급"))),IF(ISNUMBER(SEARCH("기사",$AJ19)),IF($AC19>=10,"특급",IF($AC19>=7,"고급",IF($AC19>=4,"중급","초급"))),"미해당")) -> 미해당 | AQ19: IT기획 및 품질관리 | AR19: 테스팅 엔지니어 | AS19: 기업은행 | AT19: 242-124483-01-015 | AU19: 모 | AV19: 010-4158-3674 | AW19: sw.lim@tbell.co.kr | AX19: 경기도 | AY19: 광주시 | BA19: 송정로 59-26, 2층 | BB19: =IFERROR(VLOOKUP($AY19,[1]프로젝트현황!Y:Z,2,0),"기타") -> 동남권 | BC19: =(IF(AX19="","",AX19&" "))&(IF(AY19="","",AY19&" "))&(IF(AZ19="","",AZ19&" "))&BA19 -> 경기도 광주시 송정로 59-26, 2층
A20: =ROW()-2 -> 18 | B20: 210301 | C20: 조우성 | D20: 44257 | E20: 44257 | H20: Cho Woo Sung | I20: 950306-1388224 | J20: =LEFT(I20,6) -> 950306 | K20: =MID($I20,3,2) -> 03 | L20: =IF(OR(MID($I20,8,1)="1",MID($I20,8,1)="3"),"남자",IF(OR(MID($I20,8,1)="2",MID($I20,8,1)="4"),"여자","")) -> 남자 | M20: =YEAR(TODAY())-IF(OR(MID($I20,8,1)="1",MID($I20,8,1)="2"),19&LEFT($I20,2),IF(OR(MID($I20,8,1)="3",MID($I20,8,1)="4"),20&LEFT($I20,2),""))+1 -> 32 | N20: 양력 | O20: 한국 | P20: 010-7215-4947 | T20: TBELL | U20: 曹 佑 誠 | V20: =QUOTIENT(SUMPRODUCT(LEFT($W20:$X20,FIND("년",$W20:$X20)-1)*12+MID($W20:$X20,FIND("년",$W20:$X20)+1,FIND("개월",$W20:$X20)-FIND("년",$W20:$X20)-1)),12)&"년"&MOD(SUMPRODUCT(LEFT($W20:$X20,FIND("년",$W20:$X20)-1)*12+MID($W20:$X20,FIND("년",$W20:$X20)+1,FIND("개월",$W20:$X20)-FIND("년",$W20:$X20)-1)),12)&"개월" -> 6년8개월 | W20: 1년 9개월 | X20: =DATEDIF($D20,TODAY(),"y")&"년"&DATEDIF($D20,TODAY(),"ym")&"개월" -> 4년11개월 | Y20: 안산대학교 | Z20: 인터넷정보과 | AA20: 전문학사 | AB20: 43511 | AC20: =VALUE(LEFT($V20,FIND("년",$V20)-1)) -> 6 | AD20: =IF($AA20="전문학사",IF($AC20<=8,"초급",IF($AC20<12,"중급",IF($AC20<15,"고급",IF($AC20>=15,"특급"))))) -> 초급 | AE20: =IF(ISNUMBER(SEARCH("산업기사",$AL20)),IF($AC20>=13,"특급",IF($AC20>=10,"고급",IF($AC20>=7,"중급","초급"))),IF(ISNUMBER(SEARCH("기사",$AJ20)),IF($AC20>=10,"특급",IF($AC20>=7,"고급",IF($AC20>=4,"중급","초급"))),"미해당")) -> 미해당 | AQ20: IT기획 및 품질관리 | AR20: 테스팅 엔지니어 | AS20: 기업은행 | AT20: 345-148269-01-013 | AU20: 모 | AV20: 010-5450-4947 | AW20: ws.cho@tbell.co.kr | AX20: 경기도 | AY20: 수원시 | AZ20: 권선구 | BA20: 세류동 97-20 201호 | BB20: =IFERROR(VLOOKUP($AY20,[1]프로젝트현황!Y:Z,2,0),"기타") -> 동남권 | BC20: =(IF(AX20="","",AX20&" "))&(IF(AY20="","",AY20&" "))&(IF(AZ20="","",AZ20&" "))&BA20 -> 경기도 수원시 권선구 세류동 97-20 201호
A21: =ROW()-2 -> 19 | B21: 210303 | C21: 김대현 | D21: 44273 | E21: 44273 | H21: Kim Dae Hyun | I21: 810323-1055111 | J21: =LEFT(I21,6) -> 810323 | K21: =MID($I21,3,2) -> 03 | L21: =IF(OR(MID($I21,8,1)="1",MID($I21,8,1)="3"),"남자",IF(OR(MID($I21,8,1)="2",MID($I21,8,1)="4"),"여자","")) -> 남자 | M21: =YEAR(TODAY())-IF(OR(MID($I21,8,1)="1",MID($I21,8,1)="2"),19&LEFT($I21,2),IF(OR(MID($I21,8,1)="3",MID($I21,8,1)="4"),20&LEFT($I21,2),""))+1 -> 46 | N21: 양력 | O21: 한국 | P21: 010-3021-9812 | T21: TBELL | U21: 金 大 鉉 | V21: =QUOTIENT(SUMPRODUCT(LEFT($W21:$X21,FIND("년",$W21:$X21)-1)*12+MID($W21:$X21,FIND("년",$W21:$X21)+1,FIND("개월",$W21:$X21)-FIND("년",$W21:$X21)-1)),12)&"년"&MOD(SUMPRODUCT(LEFT($W21:$X21,FIND("년",$W21:$X21)-1)*12+MID($W21:$X21,FIND("년",$W21:$X21)+1,FIND("개월",$W21:$X21)-FIND("년",$W21:$X21)-1)),12)&"개월" -> 16년1개월 | W21: 11년 3개월 | X21: =DATEDIF($D21,TODAY(),"y")&"년"&DATEDIF($D21,TODAY(),"ym")&"개월" -> 4년10개월 | Y21: 선문대학교 | Z21: 러시어학과 | AA21: 학사 | AB21: 39493 | AC21: =VALUE(LEFT($V21,FIND("년",$V21)-1)) -> 16 | AD21: =IF($AA21="학사",IF($AC21<=5,"초급",IF($AC21<9,"중급",IF($AC21<12,"고급",IF($AC21>=12,"특급"))))) -> 특급 | AE21: =IF(ISNUMBER(SEARCH("산업기사",$AL21)),IF($AC21>=13,"특급",IF($AC21>=10,"고급",IF($AC21>=7,"중급","초급"))),IF(ISNUMBER(SEARCH("기사",$AJ21)),IF($AC21>=10,"특급",IF($AC21>=7,"고급",IF($AC21>=4,"중급","초급"))),"미해당")) -> 미해당 | AQ21: IT기획 및 품질관리 | AR21: 테스팅 엔지니어 | AS21: 기업은행 | AT21: 389-122625-01-017 | AU21: 모 | AV21: 010-4337-9812 | AW21: dh.kim@tbell.co.kr | AX21: 경기도 | AY21: 성남시 | AZ21: 분당구 | BA21: 분당로 190 101동 102호(분당동, 샛별마을) | BB21: =IFERROR(VLOOKUP($AY21,[1]프로젝트현황!Y:Z,2,0),"기타") -> 동남권 | BC21: =(IF(AX21="","",AX21&" "))&(IF(AY21="","",AY21&" "))&(IF(AZ21="","",AZ21&" "))&BA21 -> 경기도 성남시 분당구 분당로 190 101동 102호(분당동, 샛별마을)
A22: =ROW()-2 -> 20 | B22: 210401 | C22: 이혜진 | D22: 44287 | E22: 44287 | H22: Lee Hae Jin | I22: 740122-2235035 | J22: =LEFT(I22,6) -> 740122 | K22: =MID($I22,3,2) -> 01 | L22: =IF(OR(MID($I22,8,1)="1",MID($I22,8,1)="3"),"남자",IF(OR(MID($I22,8,1)="2",MID($I22,8,1)="4"),"여자","")) -> 여자 | M22: =YEAR(TODAY())-IF(OR(MID($I22,8,1)="1",MID($I22,8,1)="2"),19&LEFT($I22,2),IF(OR(MID($I22,8,1)="3",MID($I22,8,1)="4"),20&LEFT($I22,2),""))+1 -> 53 | N22: 양력 | O22: 한국 | P22: 010-6218-3405 | R22: 유 | S22: 45047 | T22: TBELL | U22: 李 惠 眞 | V22: =QUOTIENT(SUMPRODUCT(LEFT($W22:$X22,FIND("년",$W22:$X22)-1)*12+MID($W22:$X22,FIND("년",$W22:$X22)+1,FIND("개월",$W22:$X22)-FIND("년",$W22:$X22)-1)),12)&"년"&MOD(SUMPRODUCT(LEFT($W22:$X22,FIND("년",$W22:$X22)-1)*12+MID($W22:$X22,FIND("년",$W22:$X22)+1,FIND("개월",$W22:$X22)-FIND("년",$W22:$X22)-1)),12)&"개월" -> 27년7개월 | W22: 22년 9개월 | X22: =DATEDIF($D22,TODAY(),"y")&"년"&DATEDIF($D22,TODAY(),"ym")&"개월" -> 4년10개월 | Y22: 고려대학교 | Z22: 소프트웨어공학과 | AA22: 석사 | AB22: 41145 | AC22: =VALUE(LEFT($V22,FIND("년",$V22)-1)) -> 27 | AD22: =IF($AA22="석사",IF($AC22<=2,"초급",IF($AC22<6,"중급",IF($AC22<9,"고급",IF($AC22>=9,"특급"))))) -> 특급 | AE22: =IF(ISNUMBER(SEARCH("산업기사",$AL22)),IF($AC22>=13,"특급",IF($AC22>=10,"고급",IF($AC22>=7,"중급","초급"))),IF(ISNUMBER(SEARCH("기사",$AJ22)),IF($AC22>=10,"특급",IF($AC22>=7,"고급",IF($AC22>=4,"중급","초급"))),"미해당")) -> 특급 | AH22: ISTQB | AI22: 44443 | AJ22: 정보처리기사 | AK22: 39237 | AN22: 컴퓨터그래픽스운용기능사 | AO22: 한국산업인력공단 한국산업인력공단 KSTQB | AP22: 2007.06 2000.08 2021.09.04 | AQ22: IT기획 및 품질관리 | AR22: 테스팅 엔지니어 | AS22: 기업은행 | AT22: 064-054748-02-017 | AU22: 배우자 | AV22: 010-4595-3461 | AW22: hj.lee@tbell.co.kr | AX22: 경기도 | AY22: 성남시 | AZ22: 분당구 | BA22: 서판교로29 918동 1804호 | BB22: =IFERROR(VLOOKUP($AY22,[1]프로젝트현황!Y:Z,2,0),"기타") -> 동남권 | BC22: =(IF(AX22="","",AX22&" "))&(IF(AY22="","",AY22&" "))&(IF(AZ22="","",AZ22&" "))&BA22 -> 경기도 성남시 분당구 서판교로29 918동 1804호
A23: =ROW()-2 -> 21 | B23: 210403 | C23: 이수민 | D23: 44306 | E23: 44306 | H23: Lee Su Min | I23: 971214-2032011 | J23: =LEFT(I23,6) -> 971214 | K23: =MID($I23,3,2) -> 12 | L23: =IF(OR(MID($I23,8,1)="1",MID($I23,8,1)="3"),"남자",IF(OR(MID($I23,8,1)="2",MID($I23,8,1)="4"),"여자","")) -> 여자 | M23: =YEAR(TODAY())-IF(OR(MID($I23,8,1)="1",MID($I23,8,1)="2"),19&LEFT($I23,2),IF(OR(MID($I23,8,1)="3",MID($I23,8,1)="4"),20&LEFT($I23,2),""))+1 -> 30 | N23: 양력 | O23: 한국 | P23: 010-7626-1531 | T23: TBELL | U23: 李 秀 民 | V23: =QUOTIENT(SUMPRODUCT(LEFT($W23:$X23,FIND("년",$W23:$X23)-1)*12+MID($W23:$X23,FIND("년",$W23:$X23)+1,FIND("개월",$W23:$X23)-FIND("년",$W23:$X23)-1)),12)&"년"&MOD(SUMPRODUCT(LEFT($W23:$X23,FIND("년",$W23:$X23)-1)*12+MID($W23:$X23,FIND("년",$W23:$X23)+1,FIND("개월",$W23:$X23)-FIND("년",$W23:$X23)-1)),12)&"개월" -> 8년7개월 | W23: 3년 10개월 | X23: =DATEDIF($D23,TODAY(),"y")&"년"&DATEDIF($D23,TODAY(),"ym")&"개월" -> 4년9개월 | Y23: 수원정보과학고등학교 | Z23: IT산업디자인과 | AA23: 고졸 | AB23: 42404 | AC23: =VALUE(LEFT($V23,FIND("년",$V23)-1)) -> 8 | AD23: =IF($AA23="고졸",IF($AC23<=11,"초급",IF($AC23<=14,"중급",IF($AC23<=17,"고급",IF($AC23>=18,"특급"))))) -> 초급 | AE23: =IF(ISNUMBER(SEARCH("산업기사",$AL23)),IF($AC23>=13,"특급",IF($AC23>=10,"고급",IF($AC23>=7,"중급","초급"))),IF(ISNUMBER(SEARCH("기사",$AJ23)),IF($AC23>=10,"특급",IF($AC23>=7,"고급",IF($AC23>=4,"중급","초급"))),"미해당")) -> 미해당 | AQ23: IT기획 및 품질관리 | AR23: 테스팅 엔지니어 | AS23: 기업은행 | AT23: 111-205461-01-014 | AU23: 모 | AV23: 010-2222-1531 | AW23: sumin.lee@tbell.co.kr | AX23: 경기도 | AY23: 수원시 | AZ23: 팔달구 | BA23: 월드컵로369번길 13, 202호 (우만동, 보은맨션) | BB23: =IFERROR(VLOOKUP($AY23,[1]프로젝트현황!Y:Z,2,0),"기타") -> 동남권 | BC23: =(IF(AX23="","",AX23&" "))&(IF(AY23="","",AY23&" "))&(IF(AZ23="","",AZ23&" "))&BA23 -> 경기도 수원시 팔달구 월드컵로369번길 13, 202호 (우만동, 보은맨션)
A24: =ROW()-2 -> 22 | B24: 210503 | C24: 이철호 | D24: 44337 | E24: 44470 | H24: Lee Chul Ho | I24: 741221-1808712 | J24: =LEFT(I24,6) -> 741221 | K24: =MID($I24,3,2) -> 12 | L24: =IF(OR(MID($I24,8,1)="1",MID($I24,8,1)="3"),"남자",IF(OR(MID($I24,8,1)="2",MID($I24,8,1)="4"),"여자","")) -> 남자 | M24: =YEAR(TODAY())-IF(OR(MID($I24,8,1)="1",MID($I24,8,1)="2"),19&LEFT($I24,2),IF(OR(MID($I24,8,1)="3",MID($I24,8,1)="4"),20&LEFT($I24,2),""))+1 -> 53 | N24: 양력 | O24: 한국 | P24: 010-2278-9935 | R24: 무 | T24: TBELL | U24: 李 哲 豪 | V24: =QUOTIENT(SUMPRODUCT(LEFT($W24:$X24,FIND("년",$W24:$X24)-1)*12+MID($W24:$X24,FIND("년",$W24:$X24)+1,FIND("개월",$W24:$X24)-FIND("년",$W24:$X24)-1)),12)&"년"&MOD(SUMPRODUCT(LEFT($W24:$X24,FIND("년",$W24:$X24)-1)*12+MID($W24:$X24,FIND("년",$W24:$X24)+1,FIND("개월",$W24:$X24)-FIND("년",$W24:$X24)-1)),12)&"개월" -> 20년9개월 | W24: 16년 1개월 | X24: =DATEDIF($D24,TODAY(),"y")&"년"&DATEDIF($D24,TODAY(),"ym")&"개월" -> 4년8개월 | Y24: 장훈고등학교 | AA24: 고졸 | AB24: 34013 | AC24: =VALUE(LEFT($V24,FIND("년",$V24)-1)) -> 20 | AD24: =IF($AA24="고졸",IF($AC24<=11,"초급",IF($AC24<=14,"중급",IF($AC24<=17,"고급",IF($AC24>=18,"특급"))))) -> 특급 | AE24: =IF(ISNUMBER(SEARCH("산업기사",$AL24)),IF($AC24>=13,"특급",IF($AC24>=10,"고급",IF($AC24>=7,"중급","초급"))),IF(ISNUMBER(SEARCH("기사",$AJ24)),IF($AC24>=10,"특급",IF($AC24>=7,"고급",IF($AC24>=4,"중급","초급"))),"미해당")) -> 미해당 | AN24: 정보처리기능사 2급 | AO24: 한국산업인력공단 | AP24: 1991.1 | AQ24: IT기획 및 품질관리 | AR24: 테스팅 엔지니어 | AS24: 기업은행 | AT24: 076-097767-01-013 | AU24: 모 | AV24: 010-2431-9935 | AW24: ch.lee@tbell.co.kr | AX24: 서울시 | AY24: 영등포구 | BA24: 도신로 64가길 1 1층 | BB24: =IFERROR(VLOOKUP($AY24,[1]프로젝트현황!Y:Z,2,0),"기타") -> 서남권 | BC24: =(IF(AX24="","",AX24&" "))&(IF(AY24="","",AY24&" "))&(IF(AZ24="","",AZ24&" "))&BA24 -> 서울시 영등포구 도신로 64가길 1 1층
A25: =ROW()-2 -> 23 | B25: 210504 | C25: 이원택 | D25: 44347 | E25: 44347 | H25: Lee Won Taek | I25: 970415-1065515 | J25: =LEFT(I25,6) -> 970415 | K25: =MID($I25,3,2) -> 04 | L25: =IF(OR(MID($I25,8,1)="1",MID($I25,8,1)="3"),"남자",IF(OR(MID($I25,8,1)="2",MID($I25,8,1)="4"),"여자","")) -> 남자 | M25: =YEAR(TODAY())-IF(OR(MID($I25,8,1)="1",MID($I25,8,1)="2"),19&LEFT($I25,2),IF(OR(MID($I25,8,1)="3",MID($I25,8,1)="4"),20&LEFT($I25,2),""))+1 -> 30 | N25: 양력 | O25: 한국 | P25: 010-8936-5320 | R25: 무 | T25: TBELL | U25: 李 元 垞 | V25: =QUOTIENT(SUMPRODUCT(LEFT($W25:$X25,FIND("년",$W25:$X25)-1)*12+MID($W25:$X25,FIND("년",$W25:$X25)+1,FIND("개월",$W25:$X25)-FIND("년",$W25:$X25)-1)),12)&"년"&MOD(SUMPRODUCT(LEFT($W25:$X25,FIND("년",$W25:$X25)-1)*12+MID($W25:$X25,FIND("년",$W25:$X25)+1,FIND("개월",$W25:$X25)-FIND("년",$W25:$X25)-1)),12)&"개월" -> 4년8개월 | W25: 0년 0개월 | X25: =DATEDIF($D25,TODAY(),"y")&"년"&DATEDIF($D25,TODAY(),"ym")&"개월" -> 4년8개월 | Y25: 대림대학교 | Z25: 모바일인터넷과 | AA25: 전문학사 | AB25: 44243 | AC25: =VALUE(LEFT($V25,FIND("년",$V25)-1)) -> 4 | AD25: =IF($AA25="전문학사",IF($AC25<=8,"초급",IF($AC25<12,"중급",IF($AC25<15,"고급",IF($AC25>=15,"특급"))))) -> 초급 | AE25: =IF(ISNUMBER(SEARCH("산업기사",$AL25)),IF($AC25>=13,"특급",IF($AC25>=10,"고급",IF($AC25>=7,"중급","초급"))),IF(ISNUMBER(SEARCH("기사",$AJ25)),IF($AC25>=10,"특급",IF($AC25>=7,"고급",IF($AC25>=4,"중급","초급"))),"미해당")) -> 미해당 | AQ25: IT기획 및 품질관리 | AR25: 테스팅 엔지니어 | AS25: 기업은행 | AT25: 074-104301-01-010 | AU25: 모 | AV25: 010-8543-4320 | AW25: wt.lee@tbell.co.kr | AX25: 서울시 | AY25: 관악구 | BA25: 남부순환로 1430 신림푸르지오 114동 704호 | BB25: =IFERROR(VLOOKUP($AY25,[1]프로젝트현황!Y:Z,2,0),"기타") -> 서남권 | BC25: =(IF(AX25="","",AX25&" "))&(IF(AY25="","",AY25&" "))&(IF(AZ25="","",AZ25&" "))&BA25 -> 서울시 관악구 남부순환로 1430 신림푸르지오 114동 704호
A26: =ROW()-2 -> 24 | B26: 210703 | C26: 이유라 | D26: 44378 | E26: 44378 | H26: Lee, Yura | I26: 920917-2126213 | J26: =LEFT(I26,6) -> 920917 | K26: =MID($I26,3,2) -> 09 | L26: =IF(OR(MID($I26,8,1)="1",MID($I26,8,1)="3"),"남자",IF(OR(MID($I26,8,1)="2",MID($I26,8,1)="4"),"여자","")) -> 여자 | M26: =YEAR(TODAY())-IF(OR(MID($I26,8,1)="1",MID($I26,8,1)="2"),19&LEFT($I26,2),IF(OR(MID($I26,8,1)="3",MID($I26,8,1)="4"),20&LEFT($I26,2),""))+1 -> 35 | N26: 양력 | O26: 한국 | P26: 010-8828-0917 | R26: 유 | S26: 45072 | T26: TBELL | U26: 李 柔 羅 | V26: =QUOTIENT(SUMPRODUCT(LEFT($W26:$X26,FIND("년",$W26:$X26)-1)*12+MID($W26:$X26,FIND("년",$W26:$X26)+1,FIND("개월",$W26:$X26)-FIND("년",$W26:$X26)-1)),12)&"년"&MOD(SUMPRODUCT(LEFT($W26:$X26,FIND("년",$W26:$X26)-1)*12+MID($W26:$X26,FIND("년",$W26:$X26)+1,FIND("개월",$W26:$X26)-FIND("년",$W26:$X26)-1)),12)&"개월" -> 4년7개월 | W26: 0년 0개월 | X26: =DATEDIF($D26,TODAY(),"y")&"년"&DATEDIF($D26,TODAY(),"ym")&"개월" -> 4년7개월 | Y26: 연세대학교 | Z26: 독어독문학 | AA26: 학사 | AB26: 42429 | AC26: =VALUE(LEFT($V26,FIND("년",$V26)-1)) -> 4 | AD26: =IF($AA26="학사",IF($AC26<=5,"초급",IF($AC26<9,"중급",IF($AC26<12,"고급",IF($AC26>=12,"특급"))))) -> 초급 | AE26: =IF(ISNUMBER(SEARCH("산업기사",$AL26)),IF($AC26>=13,"특급",IF($AC26>=10,"고급",IF($AC26>=7,"중급","초급"))),IF(ISNUMBER(SEARCH("기사",$AJ26)),IF($AC26>=10,"특급",IF($AC26>=7,"고급",IF($AC26>=4,"중급","초급"))),"미해당")) -> 미해당 | AQ26: 응용SW개발 | AR26: AI 데이터 가공 및 검수 | AS26: 기업은행 | AT26: 194-133344-01-013 | AU26: 배우자 | AV26: 010-4873-2725 | AW26: yr.lee@tbell.co.kr | AX26: 서울시 | AY26: 영등포구 | BA26: 양평로30길 38, 103-1301 | BB26: =IFERROR(VLOOKUP($AY26,[1]프로젝트현황!Y:Z,2,0),"기타") -> 서남권 | BC26: =(IF(AX26="","",AX26&" "))&(IF(AY26="","",AY26&" "))&(IF(AZ26="","",AZ26&" "))&BA26 -> 서울시 영등포구 양평로30길 38, 103-1301
A27: =ROW()-2 -> 25 | B27: 210901 | C27: 신명욱 | D27: 44466 | E27: 44466 | H27: SHIN, Myungwook | I27: 880915-1155216 | J27: =LEFT(I27,6) -> 880915 | K27: =MID($I27,3,2) -> 09 | L27: =IF(OR(MID($I27,8,1)="1",MID($I27,8,1)="3"),"남자",IF(OR(MID($I27,8,1)="2",MID($I27,8,1)="4"),"여자","")) -> 남자 | M27: =YEAR(TODAY())-IF(OR(MID($I27,8,1)="1",MID($I27,8,1)="2"),19&LEFT($I27,2),IF(OR(MID($I27,8,1)="3",MID($I27,8,1)="4"),20&LEFT($I27,2),""))+1 -> 39 | N27: 양력 | O27: 한국 | P27: 010-8987-0894 | T27: TBELL | U27: 申 明 昱 | V27: =QUOTIENT(SUMPRODUCT(LEFT($W27:$X27,FIND("년",$W27:$X27)-1)*12+MID($W27:$X27,FIND("년",$W27:$X27)+1,FIND("개월",$W27:$X27)-FIND("년",$W27:$X27)-1)),12)&"년"&MOD(SUMPRODUCT(LEFT($W27:$X27,FIND("년",$W27:$X27)-1)*12+MID($W27:$X27,FIND("년",$W27:$X27)+1,FIND("개월",$W27:$X27)-FIND("년",$W27:$X27)-1)),12)&"개월" -> 8년9개월 | W27: 4년 5개월 | X27: =DATEDIF($D27,TODAY(),"y")&"년"&DATEDIF($D27,TODAY(),"ym")&"개월" -> 4년4개월 | Y27: 부광고등학교 | AA27: 고졸 | AB27: 39127 | AC27: =VALUE(LEFT($V27,FIND("년",$V27)-1)) -> 8 | AD27: =IF($AA27="고졸",IF($AC27<=11,"초급",IF($AC27<=14,"중급",IF($AC27<=17,"고급",IF($AC27>=18,"특급"))))) -> 초급 | AE27: =IF(ISNUMBER(SEARCH("산업기사",$AL27)),IF($AC27>=13,"특급",IF($AC27>=10,"고급",IF($AC27>=7,"중급","초급"))),IF(ISNUMBER(SEARCH("기사",$AJ27)),IF($AC27>=10,"특급",IF($AC27>=7,"고급",IF($AC27>=4,"중급","초급"))),"미해당")) -> 미해당 | AH27: ISTQB | AI27: 43301 | AO27: KSTQB | AP27: 2018.07.20 | AQ27: IT기획 및 품질관리 | AR27: 테스팅 엔지니어 | AS27: 기업은행 | AT27: 592-036328-01-011 | AU27: 형 | AV27: 010-9980-0914 | AW27: mu.shin@tbell.co.kr | AX27: 인천시 | AY27: 부평구 | BA27: 경원대로 1269, 117동 503호 (신곡동, 현대아파트) | BB27: =IFERROR(VLOOKUP($AY27,[1]프로젝트현황!Y:Z,2,0),"기타") -> 서남권 | BC27: =(IF(AX27="","",AX27&" "))&(IF(AY27="","",AY27&" "))&(IF(AZ27="","",AZ27&" "))&BA27 -> 인천시 부평구 경원대로 1269, 117동 503호 (신곡동, 현대아파트)
A28: =ROW()-2 -> 26 | B28: 220103 | C28: 이영선 | D28: 44578 | E28: 44578 | H28: LEE, YeongSun | I28: 950519-2249637 | J28: =LEFT(I28,6) -> 950519 | K28: =MID($I28,3,2) -> 05 | L28: =IF(OR(MID($I28,8,1)="1",MID($I28,8,1)="3"),"남자",IF(OR(MID($I28,8,1)="2",MID($I28,8,1)="4"),"여자","")) -> 여자 | M28: =YEAR(TODAY())-IF(OR(MID($I28,8,1)="1",MID($I28,8,1)="2"),19&LEFT($I28,2),IF(OR(MID($I28,8,1)="3",MID($I28,8,1)="4"),20&LEFT($I28,2),""))+1 -> 32 | N28: 양력 | O28: 한국 | P28: 010-6635-6908 | T28: TBELL | U28: 李 永 善 | V28: =QUOTIENT(SUMPRODUCT(LEFT($W28:$X28,FIND("년",$W28:$X28)-1)*12+MID($W28:$X28,FIND("년",$W28:$X28)+1,FIND("개월",$W28:$X28)-FIND("년",$W28:$X28)-1)),12)&"년"&MOD(SUMPRODUCT(LEFT($W28:$X28,FIND("년",$W28:$X28)-1)*12+MID($W28:$X28,FIND("년",$W28:$X28)+1,FIND("개월",$W28:$X28)-FIND("년",$W28:$X28)-1)),12)&"개월" -> 5년4개월 | W28: 1년 4개월 | X28: =DATEDIF($D28,TODAY(),"y")&"년"&DATEDIF($D28,TODAY(),"ym")&"개월" -> 4년0개월 | Y28: 한경대학교 | Z28: 컴퓨터공학과 | AA28: 학사 | AB28: 43882 | AC28: =VALUE(LEFT($V28,FIND("년",$V28)-1)) -> 5 | AD28: =IF($AA28="학사",IF($AC28<=5,"초급",IF($AC28<9,"중급",IF($AC28<12,"고급",IF($AC28>=12,"특급"))))) -> 초급 | AE28: =IF(ISNUMBER(SEARCH("산업기사",$AL28)),IF($AC28>=13,"특급",IF($AC28>=10,"고급",IF($AC28>=7,"중급","초급"))),IF(ISNUMBER(SEARCH("기사",$AJ28)),IF($AC28>=10,"특급",IF($AC28>=7,"고급",IF($AC28>=4,"중급","초급"))),"미해당")) -> 중급 | AH28: ISTQB | AI28: 44665 | AJ28: 정보처리기사 | AK28: 43791 | AO28: 한국산업인력공단 KSTQB | AP28: 2019.11.22 2022.04.14 | AQ28: IT기획 및 품질관리 | AR28: 테스팅 엔지니어 | AS28: 기업은행 | AT28: 468-081043-01-012 | AU28: 모 | AV28: 010-4072-6630 | AW28: ys.lee@tbell.co.kr | AX28: 경기도 | AY28: 화성시 | BA28: 병점노을1로 14, 101동 703호 | BB28: =IFERROR(VLOOKUP($AY28,[1]프로젝트현황!Y:Z,2,0),"기타") -> 서남권 | BC28: =(IF(AX28="","",AX28&" "))&(IF(AY28="","",AY28&" "))&(IF(AZ28="","",AZ28&" "))&BA28 -> 경기도 화성시 병점노을1로 14, 101동 703호
A29: =ROW()-2 -> 27 | B29: 220104 | C29: 양혜원 | D29: 44578 | E29: 44578 | H29: Yang, HyeWon | I29: 820319-2452712 | J29: =LEFT(I29,6) -> 820319 | K29: =MID($I29,3,2) -> 03 | L29: =IF(OR(MID($I29,8,1)="1",MID($I29,8,1)="3"),"남자",IF(OR(MID($I29,8,1)="2",MID($I29,8,1)="4"),"여자","")) -> 여자 | M29: =YEAR(TODAY())-IF(OR(MID($I29,8,1)="1",MID($I29,8,1)="2"),19&LEFT($I29,2),IF(OR(MID($I29,8,1)="3",MID($I29,8,1)="4"),20&LEFT($I29,2),""))+1 -> 45 | N29: 양력 | O29: 한국 | P29: 010-4028-1471 | T29: TBELL | V29: =QUOTIENT(SUMPRODUCT(LEFT($W29:$X29,FIND("년",$W29:$X29)-1)*12+MID($W29:$X29,FIND("년",$W29:$X29)+1,FIND("개월",$W29:$X29)-FIND("년",$W29:$X29)-1)),12)&"년"&MOD(SUMPRODUCT(LEFT($W29:$X29,FIND("년",$W29:$X29)-1)*12+MID($W29:$X29,FIND("년",$W29:$X29)+1,FIND("개월",$W29:$X29)-FIND("년",$W29:$X29)-1)),12)&"개월" -> 7년6개월 | W29: 3년 6개월 | X29: =DATEDIF($D29,TODAY(),"y")&"년"&DATEDIF($D29,TODAY(),"ym")&"개월" -> 4년0개월 | Y29: 배재대학교 | Z29: 일본학과일본학 | AA29: 학사 | AB29: 39135 | AC29: =VALUE(LEFT($V29,FIND("년",$V29)-1)) -> 7 | AD29: =IF($AA29="학사",IF($AC29<=5,"초급",IF($AC29<9,"중급",IF($AC29<12,"고급",IF($AC29>=12,"특급"))))) -> 중급 | AE29: =IF(ISNUMBER(SEARCH("산업기사",$AL29)),IF($AC29>=13,"특급",IF($AC29>=10,"고급",IF($AC29>=7,"중급","초급"))),IF(ISNUMBER(SEARCH("기사",$AJ29)),IF($AC29>=10,"특급",IF($AC29>=7,"고급",IF($AC29>=4,"중급","초급"))),"미해당")) -> 미해당 | AH29: ISTQB | AI29: 44443 | AN29: 워드프로세서 2급 JLPT 1급 | AO29: 대한상공회의소 국제교류기금 KSTQB | AP29: 2009.01 2007.02 2021.09.04 | AQ29: IT기획 및 품질관리 | AR29: 테스팅 엔지니어 | AS29: 기업은행 | AT29: 051-118083-01-019 | AU29: 자매 | AV29: 010-9526-1479 | AW29: hyewon.yang@tbell.co.kr | AX29: 서울시 | AY29: 성동구 | BA29: 마조로7길 15(행당동) | BB29: =IFERROR(VLOOKUP($AY29,[1]프로젝트현황!Y:Z,2,0),"기타") -> 동북권 | BC29: =(IF(AX29="","",AX29&" "))&(IF(AY29="","",AY29&" "))&(IF(AZ29="","",AZ29&" "))&BA29 -> 서울시 성동구 마조로7길 15(행당동)
A30: =ROW()-2 -> 28 | B30: 220404 | C30: 송재현 | D30: 44669 | E30: 44669 | H30: Song, Jae Hyeon | I30: 951109-1025913 | J30: =LEFT(I30,6) -> 951109 | K30: =MID($I30,3,2) -> 11 | L30: =IF(OR(MID($I30,8,1)="1",MID($I30,8,1)="3"),"남자",IF(OR(MID($I30,8,1)="2",MID($I30,8,1)="4"),"여자","")) -> 남자 | M30: =YEAR(TODAY())-IF(OR(MID($I30,8,1)="1",MID($I30,8,1)="2"),19&LEFT($I30,2),IF(OR(MID($I30,8,1)="3",MID($I30,8,1)="4"),20&LEFT($I30,2),""))+1 -> 32 | N30: 양력 | O30: 한국 | P30: 010-3910-6506 | T30: TBELL | U30: 宋宰弦 | V30: =QUOTIENT(SUMPRODUCT(LEFT($W30:$X30,FIND("년",$W30:$X30)-1)*12+MID($W30:$X30,FIND("년",$W30:$X30)+1,FIND("개월",$W30:$X30)-FIND("년",$W30:$X30)-1)),12)&"년"&MOD(SUMPRODUCT(LEFT($W30:$X30,FIND("년",$W30:$X30)-1)*12+MID($W30:$X30,FIND("년",$W30:$X30)+1,FIND("개월",$W30:$X30)-FIND("년",$W30:$X30)-1)),12)&"개월" -> 3년9개월 | W30: 0년 0개월 | X30: =DATEDIF($D30,TODAY(),"y")&"년"&DATEDIF($D30,TODAY(),"ym")&"개월" -> 3년9개월 | Y30: 서일대학교 | Z30: 컴퓨터응용전자과 | AA30: 전문학사 | AB30: 43872 | AC30: =VALUE(LEFT($V30,FIND("년",$V30)-1)) -> 3 | AD30: =IF($AA30="전문학사",IF($AC30<=8,"초급",IF($AC30<12,"중급",IF($AC30<15,"고급",IF($AC30>=15,"특급"))))) -> 초급 | AE30: =IF(ISNUMBER(SEARCH("산업기사",$AL30)),IF($AC30>=13,"특급",IF($AC30>=10,"고급",IF($AC30>=7,"중급","초급"))),IF(ISNUMBER(SEARCH("기사",$AJ30)),IF($AC30>=10,"특급",IF($AC30>=7,"고급",IF($AC30>=4,"중급","초급"))),"미해당")) -> 미해당 | AQ30: IT기획 및 품질관리 | AR30: 테스팅 엔지니어 | AS30: 기업은행 | AT30: 005-112710-01-012 | AU30: 모 | AV30: 010-6554-6506 | AW30: jh.song@tbell.co.kr | AX30: 서울시 | AY30: 강북구 | BA30: 삼양로27길 19, 215동 401호 (미아동,삼성래미안트리베라아파트) | BB30: =IFERROR(VLOOKUP($AY30,[1]프로젝트현황!Y:Z,2,0),"기타") -> 동북권 | BC30: =(IF(AX30="","",AX30&" "))&(IF(AY30="","",AY30&" "))&(IF(AZ30="","",AZ30&" "))&BA30 -> 서울시 강북구 삼양로27길 19, 215동 401호 (미아동,삼성래미안트리베라아파트)
A31: =ROW()-2 -> 29 | B31: 220501 | C31: 김준하 | D31: 44683 | E31: 44683 | H31: KIM, Junha | I31: 000206-3403929 | J31: =LEFT(I31,6) -> 000206 | K31: =MID($I31,3,2) -> 02 | L31: =IF(OR(MID($I31,8,1)="1",MID($I31,8,1)="3"),"남자",IF(OR(MID($I31,8,1)="2",MID($I31,8,1)="4"),"여자","")) -> 남자 | M31: =YEAR(TODAY())-IF(OR(MID($I31,8,1)="1",MID($I31,8,1)="2"),19&LEFT($I31,2),IF(OR(MID($I31,8,1)="3",MID($I31,8,1)="4"),20&LEFT($I31,2),""))+1 -> 27 | N31: 양력 | O31: 한국 | P31: 010-8559-7560 | T31: TBELL | U31: 金俊夏 | V31: =QUOTIENT(SUMPRODUCT(LEFT($W31:$X31,FIND("년",$W31:$X31)-1)*12+MID($W31:$X31,FIND("년",$W31:$X31)+1,FIND("개월",$W31:$X31)-FIND("년",$W31:$X31)-1)),12)&"년"&MOD(SUMPRODUCT(LEFT($W31:$X31,FIND("년",$W31:$X31)-1)*12+MID($W31:$X31,FIND("년",$W31:$X31)+1,FIND("개월",$W31:$X31)-FIND("년",$W31:$X31)-1)),12)&"개월" -> 3년9개월 | W31: 0년 0개월 | X31: =DATEDIF($D31,TODAY(),"y")&"년"&DATEDIF($D31,TODAY(),"ym")&"개월" -> 3년9개월 | Y31: 세종대학교(휴학) | Z31: 컴퓨터공학 | AA31: 학사 | AB31: 44622 | AC31: =VALUE(LEFT($V31,FIND("년",$V31)-1)) -> 3 | AD31: =IF($AA31="학사",IF($AC31<=5,"초급",IF($AC31<9,"중급",IF($AC31<12,"고급",IF($AC31>=12,"특급"))))) -> 초급 | AE31: =IF(ISNUMBER(SEARCH("산업기사",$AL31)),IF($AC31>=13,"특급",IF($AC31>=10,"고급",IF($AC31>=7,"중급","초급"))),IF(ISNUMBER(SEARCH("기사",$AJ31)),IF($AC31>=10,"특급",IF($AC31>=7,"고급",IF($AC31>=4,"중급","초급"))),"미해당")) -> 미해당 | AN31: 정보처리기능사 | AO31: 한국산업인력공단 | AP31: 2018.07.18 | AQ31: IT기획 및 품질관리 | AR31: 테스팅 엔지니어 | AS31: 기업은행 | AT31: 977-039689-01-013 | AU31: 모 | AV31: 010-6293-5956 | AW31: junha.kim@tbell.co.kr | AX31: 서울시 | AY31: 관악구 | BA31: 남부순환로 1527 (신림동) 502호 | BB31: =IFERROR(VLOOKUP($AY31,[1]프로젝트현황!Y:Z,2,0),"기타") -> 서남권 | BC31: =(IF(AX31="","",AX31&" "))&(IF(AY31="","",AY31&" "))&(IF(AZ31="","",AZ31&" "))&BA31 -> 서울시 관악구 남부순환로 1527 (신림동) 502호
A32: =ROW()-2 -> 30 | B32: 220602 | C32: 최세욱 | D32: 44719 | E32: 44719 | H32: CHOI, Sewook | I32: 920626-1005711 | J32: =LEFT(I32,6) -> 920626 | K32: =MID($I32,3,2) -> 06 | L32: =IF(OR(MID($I32,8,1)="1",MID($I32,8,1)="3"),"남자",IF(OR(MID($I32,8,1)="2",MID($I32,8,1)="4"),"여자","")) -> 남자 | M32: =YEAR(TODAY())-IF(OR(MID($I32,8,1)="1",MID($I32,8,1)="2"),19&LEFT($I32,2),IF(OR(MID($I32,8,1)="3",MID($I32,8,1)="4"),20&LEFT($I32,2),""))+1 -> 35 | N32: 양력 | O32: 한국 | P32: 010-6223-5999 | R32: 무 | T32: TBELL | U32: 崔世煜 | V32: =QUOTIENT(SUMPRODUCT(LEFT($W32:$X32,FIND("년",$W32:$X32)-1)*12+MID($W32:$X32,FIND("년",$W32:$X32)+1,FIND("개월",$W32:$X32)-FIND("년",$W32:$X32)-1)),12)&"년"&MOD(SUMPRODUCT(LEFT($W32:$X32,FIND("년",$W32:$X32)-1)*12+MID($W32:$X32,FIND("년",$W32:$X32)+1,FIND("개월",$W32:$X32)-FIND("년",$W32:$X32)-1)),12)&"개월" -> 3년8개월 | W32: 0년 0개월 | X32: =DATEDIF($D32,TODAY(),"y")&"년"&DATEDIF($D32,TODAY(),"ym")&"개월" -> 3년8개월 | Y32: 건국대학교사범대학부속고등학교 | Z32: 문과 | AA32: 고졸 | AB32: 40583 | AC32: =VALUE(LEFT($V32,FIND("년",$V32)-1)) -> 3 | AD32: =IF($AA32="고졸",IF($AC32<=11,"초급",IF($AC32<=14,"중급",IF($AC32<=17,"고급",IF($AC32>=18,"특급"))))) -> 초급 | AE32: =IF(ISNUMBER(SEARCH("산업기사",$AL32)),IF($AC32>=13,"특급",IF($AC32>=10,"고급",IF($AC32>=7,"중급","초급"))),IF(ISNUMBER(SEARCH("기사",$AJ32)),IF($AC32>=10,"특급",IF($AC32>=7,"고급",IF($AC32>=4,"중급","초급"))),"미해당")) -> 미해당 | AH32: ISTQB | AI32: 44728 | AO32: KSTQB | AP32: 2022.06.16 | AQ32: IT기획 및 품질관리 | AR32: 테스팅 엔지니어 | AS32: 기업은행 | AT32: 478-077654-02-014 | AU32: 모 | AV32: 010-8982-6702 | AW32: sw.choi@tbell.co.kr | AX32: 서울시 | AY32: 광진구 | BA32: 뚝섬로45길 40 (자양동) | BB32: =IFERROR(VLOOKUP($AY32,[1]프로젝트현황!Y:Z,2,0),"기타") -> 동북권 | BC32: =(IF(AX32="","",AX32&" "))&(IF(AY32="","",AY32&" "))&(IF(AZ32="","",AZ32&" "))&BA32 -> 서울시 광진구 뚝섬로45길 40 (자양동)
A33: =ROW()-2 -> 31 | B33: 220603 | C33: 신진철 | D33: 44719 | E33: 44719 | G33: 46038 | H33: SHIN, Jincheol | I33: 930923-1065825 | J33: =LEFT(I33,6) -> 930923 | K33: =MID($I33,3,2) -> 09 | L33: =IF(OR(MID($I33,8,1)="1",MID($I33,8,1)="3"),"남자",IF(OR(MID($I33,8,1)="2",MID($I33,8,1)="4"),"여자","")) -> 남자 | M33: =YEAR(TODAY())-IF(OR(MID($I33,8,1)="1",MID($I33,8,1)="2"),19&LEFT($I33,2),IF(OR(MID($I33,8,1)="3",MID($I33,8,1)="4"),20&LEFT($I33,2),""))+1 -> 34 | N33: 양력 | O33: 한국 | P33: 010-2802-2493 | T33: TBELL | U33: 申進澈 | V33: =QUOTIENT(SUMPRODUCT(LEFT($W33:$X33,FIND("년",$W33:$X33)-1)*12+MID($W33:$X33,FIND("년",$W33:$X33)+1,FIND("개월",$W33:$X33)-FIND("년",$W33:$X33)-1)),12)&"년"&MOD(SUMPRODUCT(LEFT($W33:$X33,FIND("년",$W33:$X33)-1)*12+MID($W33:$X33,FIND("년",$W33:$X33)+1,FIND("개월",$W33:$X33)-FIND("년",$W33:$X33)-1)),12)&"개월" -> 3년8개월 | W33: 0년 0개월 | X33: =DATEDIF($D33,TODAY(),"y")&"년"&DATEDIF($D33,TODAY(),"ym")&"개월" -> 3년8개월 | Y33: 대일고등학교 | Z33: 문과 | AA33: 고졸 | AB33: 40948 | AC33: =VALUE(LEFT($V33,FIND("년",$V33)-1)) -> 3 | AD33: =IF($AA33="고졸",IF($AC33<=11,"초급",IF($AC33<=14,"중급",IF($AC33<=17,"고급",IF($AC33>=18,"특급"))))) -> 초급 | AE33: =IF(ISNUMBER(SEARCH("산업기사",$AL33)),IF($AC33>=13,"특급",IF($AC33>=10,"고급",IF($AC33>=7,"중급","초급"))),IF(ISNUMBER(SEARCH("기사",$AJ33)),IF($AC33>=10,"특급",IF($AC33>=7,"고급",IF($AC33>=4,"중급","초급"))),"미해당")) -> 미해당 | AQ33: IT기획 및 품질관리 | AR33: 테스팅 엔지니어 | AS33: 기업은행 | AT33: 308-075006-01-011 | AU33: 부 | AV33: 010-5382-2493 | AW33: jc.shin@tbell.co.kr | AX33: 서울시 | AY33: 양천구 | BA33: 목동중앙북로22길 14-16 (목동) | BB33: =IFERROR(VLOOKUP($AY33,[1]프로젝트현황!Y:Z,2,0),"기타") -> 서남권 | BC33: =(IF(AX33="","",AX33&" "))&(IF(AY33="","",AY33&" "))&(IF(AZ33="","",AZ33&" "))&BA33 -> 서울시 양천구 목동중앙북로22길 14-16 (목동)
A34: =ROW()-2 -> 32 | B34: 220604 | C34: 김예경 | D34: 44732 | E34: 44732 | H34: KIM, Yekyeong | I34: 010420-4187419 | J34: =LEFT(I34,6) -> 010420 | K34: =MID($I34,3,2) -> 04 | L34: =IF(OR(MID($I34,8,1)="1",MID($I34,8,1)="3"),"남자",IF(OR(MID($I34,8,1)="2",MID($I34,8,1)="4"),"여자","")) -> 여자 | M34: =YEAR(TODAY())-IF(OR(MID($I34,8,1)="1",MID($I34,8,1)="2"),19&LEFT($I34,2),IF(OR(MID($I34,8,1)="3",MID($I34,8,1)="4"),20&LEFT($I34,2),""))+1 -> 26 | N34: 양력 | O34: 한국 | P34: 010-8854-1381 | R34: 무 | T34: TBELL | U34: 金禮京 | V34: =QUOTIENT(SUMPRODUCT(LEFT($W34:$X34,FIND("년",$W34:$X34)-1)*12+MID($W34:$X34,FIND("년",$W34:$X34)+1,FIND("개월",$W34:$X34)-FIND("년",$W34:$X34)-1)),12)&"년"&MOD(SUMPRODUCT(LEFT($W34:$X34,FIND("년",$W34:$X34)-1)*12+MID($W34:$X34,FIND("년",$W34:$X34)+1,FIND("개월",$W34:$X34)-FIND("년",$W34:$X34)-1)),12)&"개월" -> 4년7개월 | W34: 1년 0개월 | X34: =DATEDIF($D34,TODAY(),"y")&"년"&DATEDIF($D34,TODAY(),"ym")&"개월" -> 3년7개월 | Y34: 대림대학교 | Z34: 융합소프트웨어과 | AA34: 전문학사 | AB34: 44607 | AC34: =VALUE(LEFT($V34,FIND("년",$V34)-1)) -> 4 | AD34: =IF($AA34="전문학사",IF($AC34<=8,"초급",IF($AC34<12,"중급",IF($AC34<15,"고급",IF($AC34>=15,"특급"))))) -> 초급 | AE34: =IF(ISNUMBER(SEARCH("산업기사",$AL34)),IF($AC34>=13,"특급",IF($AC34>=10,"고급",IF($AC34>=7,"중급","초급"))),IF(ISNUMBER(SEARCH("기사",$AJ34)),IF($AC34>=10,"특급",IF($AC34>=7,"고급",IF($AC34>=4,"중급","초급"))),"미해당")) -> 미해당 | AQ34: IT기획 및 품질관리 | AR34: 테스팅 엔지니어 | AS34: 기업은행 | AT34: 167-153649-01-011 | AU34: 모 | AV34: 010-9262-1381 | AW34: yk.kim@tbell.co.kr | AX34: 경기도 | AY34: 광명시 | BA34: 광명로927번길 6-10, 302호(광명동, 보륭빌라) | BB34: =IFERROR(VLOOKUP($AY34,[1]프로젝트현황!Y:Z,2,0),"기타") -> 서남권 | BC34: =(IF(AX34="","",AX34&" "))&(IF(AY34="","",AY34&" "))&(IF(AZ34="","",AZ34&" "))&BA34 -> 경기도 광명시 광명로927번길 6-10, 302호(광명동, 보륭빌라)
A35: =ROW()-2 -> 33 | B35: 220702 | C35: 이동연 | D35: 44746 | E35: 44774 | H35: LEE, DongYeon | I35: 990317-1064119 | J35: =LEFT(I35,6) -> 990317 | K35: =MID($I35,3,2) -> 03 | L35: =IF(OR(MID($I35,8,1)="1",MID($I35,8,1)="3"),"남자",IF(OR(MID($I35,8,1)="2",MID($I35,8,1)="4"),"여자","")) -> 남자 | M35: =YEAR(TODAY())-IF(OR(MID($I35,8,1)="1",MID($I35,8,1)="2"),19&LEFT($I35,2),IF(OR(MID($I35,8,1)="3",MID($I35,8,1)="4"),20&LEFT($I35,2),""))+1 -> 28 | N35: 양력 | O35: 한국 | P35: 010-2021-9871 | T35: TBELL | U35: 李同淵 | V35: =QUOTIENT(SUMPRODUCT(LEFT($W35:$X35,FIND("년",$W35:$X35)-1)*12+MID($W35:$X35,FIND("년",$W35:$X35)+1,FIND("개월",$W35:$X35)-FIND("년",$W35:$X35)-1)),12)&"년"&MOD(SUMPRODUCT(LEFT($W35:$X35,FIND("년",$W35:$X35)-1)*12+MID($W35:$X35,FIND("년",$W35:$X35)+1,FIND("개월",$W35:$X35)-FIND("년",$W35:$X35)-1)),12)&"개월" -> 3년7개월 | W35: 0년 0개월 | X35: =DATEDIF($D35,TODAY(),"y")&"년"&DATEDIF($D35,TODAY(),"ym")&"개월" -> 3년7개월 | Y35: 인하공업전문대학교 | Z35: 컴퓨터시스템과 | AA35: 전문학사 | AB35: 44967 | AC35: =VALUE(LEFT($V35,FIND("년",$V35)-1)) -> 3 | AD35: =IF($AA35="전문학사",IF($AC35<=8,"초급",IF($AC35<12,"중급",IF($AC35<15,"고급",IF($AC35>=15,"특급"))))) -> 초급 | AE35: =IF(ISNUMBER(SEARCH("산업기사",$AL35)),IF($AC35>=13,"특급",IF($AC35>=10,"고급",IF($AC35>=7,"중급","초급"))),IF(ISNUMBER(SEARCH("기사",$AJ35)),IF($AC35>=10,"특급",IF($AC35>=7,"고급",IF($AC35>=4,"중급","초급"))),"미해당")) -> 미해당 | AH35: ISTQB | AI35: 45267 | AQ35: IT기획 및 품질관리 | AR35: 테스팅 엔지니어 | AS35: 기업은행 | AT35: 555-041722-01-011 | AU35: 모 | AV35: 010-3480-9870 | AW35: dongyeon.lee@tbell.co.kr | AX35: 경기도 | AY35: 김포시 | BA35: 전원로 28, 110동 1302호 (운양동,전원마을) | BB35: =IFERROR(VLOOKUP($AY35,[1]프로젝트현황!Y:Z,2,0),"기타") -> 서남권 | BC35: =(IF(AX35="","",AX35&" "))&(IF(AY35="","",AY35&" "))&(IF(AZ35="","",AZ35&" "))&BA35 -> 경기도 김포시 전원로 28, 110동 1302호 (운양동,전원마을)
A36: =ROW()-2 -> 34 | B36: 220703 | C36: 이태민 | D36: 44746 | E36: 44774 | H36: LEE, TaeMin | I36: 990724-1177415 | J36: =LEFT(I36,6) -> 990724 | K36: =MID($I36,3,2) -> 07 | L36: =IF(OR(MID($I36,8,1)="1",MID($I36,8,1)="3"),"남자",IF(OR(MID($I36,8,1)="2",MID($I36,8,1)="4"),"여자","")) -> 남자 | M36: =YEAR(TODAY())-IF(OR(MID($I36,8,1)="1",MID($I36,8,1)="2"),19&LEFT($I36,2),IF(OR(MID($I36,8,1)="3",MID($I36,8,1)="4"),20&LEFT($I36,2),""))+1 -> 28 | N36: 양력 | O36: 한국 | P36: 010-6540-0724 | T36: TBELL | U36: 李兌敏 | V36: =QUOTIENT(SUMPRODUCT(LEFT($W36:$X36,FIND("년",$W36:$X36)-1)*12+MID($W36:$X36,FIND("년",$W36:$X36)+1,FIND("개월",$W36:$X36)-FIND("년",$W36:$X36)-1)),12)&"년"&MOD(SUMPRODUCT(LEFT($W36:$X36,FIND("년",$W36:$X36)-1)*12+MID($W36:$X36,FIND("년",$W36:$X36)+1,FIND("개월",$W36:$X36)-FIND("년",$W36:$X36)-1)),12)&"개월" -> 3년7개월 | W36: 0년 0개월 | X36: =DATEDIF($D36,TODAY(),"y")&"년"&DATEDIF($D36,TODAY(),"ym")&"개월" -> 3년7개월 | Y36: 대림대학교 | Z36: 컴퓨터정보학부 | AA36: 전문학사 | AB36: 44971 | AC36: =VALUE(LEFT($V36,FIND("년",$V36)-1)) -> 3 | AD36: =IF($AA36="전문학사",IF($AC36<=8,"초급",IF($AC36<12,"중급",IF($AC36<15,"고급",IF($AC36>=15,"특급"))))) -> 초급 | AE36: =IF(ISNUMBER(SEARCH("산업기사",$AL36)),IF($AC36>=13,"특급",IF($AC36>=10,"고급",IF($AC36>=7,"중급","초급"))),IF(ISNUMBER(SEARCH("기사",$AJ36)),IF($AC36>=10,"특급",IF($AC36>=7,"고급",IF($AC36>=4,"중급","초급"))),"미해당")) -> 미해당 | AQ36: IT기획 및 품질관리 | AR36: 테스팅 엔지니어 | AS36: 기업은행 | AT36: 142-172595-01-018 | AU36: 모 | AV36: 010-4310-8574 | AW36: tm.lee@tbell.co.kr | AX36: 경기도 | AY36: 안양시 | AZ36: 만안구 | BA36: 만안구 경수대로 1193, 102동 1502호 (석수동,석수e편한세상아파트) | BB36: =IFERROR(VLOOKUP($AY36,[1]프로젝트현황!Y:Z,2,0),"기타") -> 서남권 | BC36: =(IF(AX36="","",AX36&" "))&(IF(AY36="","",AY36&" "))&(IF(AZ36="","",AZ36&" "))&BA36 -> 경기도 안양시 만안구 만안구 경수대로 1193, 102동 1502호 (석수동,석수e편한세상아파트)
A37: =ROW()-2 -> 35 | B37: 220705 | C37: 허용석 | D37: 44760 | E37: 44760 | H37: HEO, Yongseok | I37: 911116-1042127 | J37: =LEFT(I37,6) -> 911116 | K37: =MID($I37,3,2) -> 11 | L37: =IF(OR(MID($I37,8,1)="1",MID($I37,8,1)="3"),"남자",IF(OR(MID($I37,8,1)="2",MID($I37,8,1)="4"),"여자","")) -> 남자 | M37: =YEAR(TODAY())-IF(OR(MID($I37,8,1)="1",MID($I37,8,1)="2"),19&LEFT($I37,2),IF(OR(MID($I37,8,1)="3",MID($I37,8,1)="4"),20&LEFT($I37,2),""))+1 -> 36 | N37: 양력 | O37: 한국 | P37: 010-7930-6830 | T37: TBELL | U37: 許容碩 | V37: =QUOTIENT(SUMPRODUCT(LEFT($W37:$X37,FIND("년",$W37:$X37)-1)*12+MID($W37:$X37,FIND("년",$W37:$X37)+1,FIND("개월",$W37:$X37)-FIND("년",$W37:$X37)-1)),12)&"년"&MOD(SUMPRODUCT(LEFT($W37:$X37,FIND("년",$W37:$X37)-1)*12+MID($W37:$X37,FIND("년",$W37:$X37)+1,FIND("개월",$W37:$X37)-FIND("년",$W37:$X37)-1)),12)&"개월" -> 3년6개월 | W37: 0년 0개월 | X37: =DATEDIF($D37,TODAY(),"y")&"년"&DATEDIF($D37,TODAY(),"ym")&"개월" -> 3년6개월 | Y37: 강원대학교 | Z37: 건축공학과 | AA37: 학사 | AB37: 42419 | AC37: =VALUE(LEFT($V37,FIND("년",$V37)-1)) -> 3 | AD37: =IF($AA37="학사",IF($AC37<=5,"초급",IF($AC37<9,"중급",IF($AC37<12,"고급",IF($AC37>=12,"특급"))))) -> 초급 | AE37: =IF(ISNUMBER(SEARCH("산업기사",$AL37)),IF($AC37>=13,"특급",IF($AC37>=10,"고급",IF($AC37>=7,"중급","초급"))),IF(ISNUMBER(SEARCH("기사",$AJ37)),IF($AC37>=10,"특급",IF($AC37>=7,"고급",IF($AC37>=4,"중급","초급"))),"미해당")) -> 미해당 | AQ37: IT기획 및 품질관리 | AR37: 테스팅 엔지니어 | AS37: 기업은행 | AT37: 666-042363-01-011 | AU37: 모 | AV37: 010-2372-6830 | AW37: ys.heo@tbell.co.kr | AX37: 서울시 | AY37: 관악구 | BA37: 관천로 125-17 B03호(신림동) | BB37: =IFERROR(VLOOKUP($AY37,[1]프로젝트현황!Y:Z,2,0),"기타") -> 서남권 | BC37: =(IF(AX37="","",AX37&" "))&(IF(AY37="","",AY37&" "))&(IF(AZ37="","",AZ37&" "))&BA37 -> 서울시 관악구 관천로 125-17 B03호(신림동)
A38: =ROW()-2 -> 36 | B38: 220804 | C38: 장지원 | D38: 44774 | E38: 44986 | H38: JANGJiWon | I38: 990408-2149027 | J38: =LEFT(I38,6) -> 990408 | K38: =MID($I38,3,2) -> 04 | L38: =IF(OR(MID($I38,8,1)="1",MID($I38,8,1)="3"),"남자",IF(OR(MID($I38,8,1)="2",MID($I38,8,1)="4"),"여자","")) -> 여자 | M38: =YEAR(TODAY())-IF(OR(MID($I38,8,1)="1",MID($I38,8,1)="2"),19&LEFT($I38,2),IF(OR(MID($I38,8,1)="3",MID($I38,8,1)="4"),20&LEFT($I38,2),""))+1 -> 28 | N38: 양력 | O38: 한국 | P38: 010-4726-3021 | T38: TBELL | U38: 張知元 | V38: =QUOTIENT(SUMPRODUCT(LEFT($W38:$X38,FIND("년",$W38:$X38)-1)*12+MID($W38:$X38,FIND("년",$W38:$X38)+1,FIND("개월",$W38:$X38)-FIND("년",$W38:$X38)-1)),12)&"년"&MOD(SUMPRODUCT(LEFT($W38:$X38,FIND("년",$W38:$X38)-1)*12+MID($W38:$X38,FIND("년",$W38:$X38)+1,FIND("개월",$W38:$X38)-FIND("년",$W38:$X38)-1)),12)&"개월" -> 3년6개월 | W38: 0년 0개월 | X38: =DATEDIF($D38,TODAY(),"y")&"년"&DATEDIF($D38,TODAY(),"ym")&"개월" -> 3년6개월 | Y38: 배재대학교 | Z38: 정보통신공학과 | AA38: 학사 | AB38: 44973 | AC38: =VALUE(LEFT($V38,FIND("년",$V38)-1)) -> 3 | AD38: =IF($AA38="학사",IF($AC38<=5,"초급",IF($AC38<9,"중급",IF($AC38<12,"고급",IF($AC38>=12,"특급"))))) -> 초급 | AE38: =IF(ISNUMBER(SEARCH("산업기사",$AL38)),IF($AC38>=13,"특급",IF($AC38>=10,"고급",IF($AC38>=7,"중급","초급"))),IF(ISNUMBER(SEARCH("기사",$AJ38)),IF($AC38>=10,"특급",IF($AC38>=7,"고급",IF($AC38>=4,"중급","초급"))),"미해당")) -> 미해당 | AQ38: IT기획 및 품질관리 | AR38: 테스팅 엔지니어 | AS38: 기업은행 | AT38: 129-080922-02-017 | AU38: 모 | AV38: 010-4605-3118 | AW38: jw.jang@tbell.co.kr | AX38: 인천시 | AY38: 연수구 | BA38: 한나루로105번길 68, 408동 2103호(옥련동,현대아파트) | BB38: =IFERROR(VLOOKUP($AY38,[1]프로젝트현황!Y:Z,2,0),"기타") -> 서남권 | BC38: =(IF(AX38="","",AX38&" "))&(IF(AY38="","",AY38&" "))&(IF(AZ38="","",AZ38&" "))&BA38 -> 인천시 연수구 한나루로105번길 68, 408동 2103호(옥련동,현대아파트)
A39: =ROW()-2 -> 37 | B39: 220805 | C39: 유주상 | D39: 44774 | E39: 44774 | H39: YOU, JuSang | I39: 911231-1012210 | J39: =LEFT(I39,6) -> 911231 | K39: =MID($I39,3,2) -> 12 | L39: =IF(OR(MID($I39,8,1)="1",MID($I39,8,1)="3"),"남자",IF(OR(MID($I39,8,1)="2",MID($I39,8,1)="4"),"여자","")) -> 남자 | M39: =YEAR(TODAY())-IF(OR(MID($I39,8,1)="1",MID($I39,8,1)="2"),19&LEFT($I39,2),IF(OR(MID($I39,8,1)="3",MID($I39,8,1)="4"),20&LEFT($I39,2),""))+1 -> 36 | N39: 양력 | O39: 한국 | P39: 010-2041-4376 | T39: TBELL | U39: 劉周相 | V39: =QUOTIENT(SUMPRODUCT(LEFT($W39:$X39,FIND("년",$W39:$X39)-1)*12+MID($W39:$X39,FIND("년",$W39:$X39)+1,FIND("개월",$W39:$X39)-FIND("년",$W39:$X39)-1)),12)&"년"&MOD(SUMPRODUCT(LEFT($W39:$X39,FIND("년",$W39:$X39)-1)*12+MID($W39:$X39,FIND("년",$W39:$X39)+1,FIND("개월",$W39:$X39)-FIND("년",$W39:$X39)-1)),12)&"개월" -> 3년6개월 | W39: 0년 0개월 | X39: =DATEDIF($D39,TODAY(),"y")&"년"&DATEDIF($D39,TODAY(),"ym")&"개월" -> 3년6개월 | Y39: 송곡고등학교 | AA39: 고졸 | AB39: 40212 | AC39: =VALUE(LEFT($V39,FIND("년",$V39)-1)) -> 3 | AD39: =IF($AA39="고졸",IF($AC39<=11,"초급",IF($AC39<=14,"중급",IF($AC39<=17,"고급",IF($AC39>=18,"특급"))))) -> 초급 | AE39: =IF(ISNUMBER(SEARCH("산업기사",$AL39)),IF($AC39>=13,"특급",IF($AC39>=10,"고급",IF($AC39>=7,"중급","초급"))),IF(ISNUMBER(SEARCH("기사",$AJ39)),IF($AC39>=10,"특급",IF($AC39>=7,"고급",IF($AC39>=4,"중급","초급"))),"미해당")) -> 미해당 | AF39: CSTS | AG39: 45367 | AQ39: IT기획 및 품질관리 | AR39: 테스팅 엔지니어 | AS39: 기업은행 | AT39: 478-077875-02-010 | AU39: 부 | AV39: 010-9876-4376 | AW39: js.you@tbell.co.kr | AX39: 서울시 | AY39: 중랑구 | BA39: 상봉로16길 9-9 | BB39: =IFERROR(VLOOKUP($AY39,[1]프로젝트현황!Y:Z,2,0),"기타") -> 동북권 | BC39: =(IF(AX39="","",AX39&" "))&(IF(AY39="","",AY39&" "))&(IF(AZ39="","",AZ39&" "))&BA39 -> 서울시 중랑구 상봉로16길 9-9
A40: =ROW()-2 -> 38 | B40: 220901 | C40: 이호빈 | D40: 44805 | E40: 44896 | H40: LEE, HoBin | I40: 931208-1169524 | J40: =LEFT(I40,6) -> 931208 | K40: =MID($I40,3,2) -> 12 | L40: =IF(OR(MID($I40,8,1)="1",MID($I40,8,1)="3"),"남자",IF(OR(MID($I40,8,1)="2",MID($I40,8,1)="4"),"여자","")) -> 남자 | M40: =YEAR(TODAY())-IF(OR(MID($I40,8,1)="1",MID($I40,8,1)="2"),19&LEFT($I40,2),IF(OR(MID($I40,8,1)="3",MID($I40,8,1)="4"),20&LEFT($I40,2),""))+1 -> 34 | N40: 양력 | O40: 한국 | P40: 010-4047-9465 | T40: TBELL | U40: 李鎬彬 | V40: =QUOTIENT(SUMPRODUCT(LEFT($W40:$X40,FIND("년",$W40:$X40)-1)*12+MID($W40:$X40,FIND("년",$W40:$X40)+1,FIND("개월",$W40:$X40)-FIND("년",$W40:$X40)-1)),12)&"년"&MOD(SUMPRODUCT(LEFT($W40:$X40,FIND("년",$W40:$X40)-1)*12+MID($W40:$X40,FIND("년",$W40:$X40)+1,FIND("개월",$W40:$X40)-FIND("년",$W40:$X40)-1)),12)&"개월" -> 8년5개월 | W40: 5년 0개월 | X40: =DATEDIF($D40,TODAY(),"y")&"년"&DATEDIF($D40,TODAY(),"ym")&"개월" -> 3년5개월 | Y40: 용인예술대학교 | Z40: 정보통신과 | AA40: 전문학사 | AB40: 43336 | AC40: =VALUE(LEFT($V40,FIND("년",$V40)-1)) -> 8 | AD40: =IF($AA40="전문학사",IF($AC40<=8,"초급",IF($AC40<12,"중급",IF($AC40<15,"고급",IF($AC40>=15,"특급"))))) -> 초급 | AE40: =IF(ISNUMBER(SEARCH("산업기사",$AL40)),IF($AC40>=13,"특급",IF($AC40>=10,"고급",IF($AC40>=7,"중급","초급"))),IF(ISNUMBER(SEARCH("기사",$AJ40)),IF($AC40>=10,"특급",IF($AC40>=7,"고급",IF($AC40>=4,"중급","초급"))),"미해당")) -> 미해당 | AQ40: IT기획 및 품질관리 | AR40: 테스팅 엔지니어 | AS40: 기업은행 | AT40: 467-043392-01-011 | AU40: 모 | AV40: 010-3064-9465 | AW40: hb.lee@tbell.co.kr | AX40: 경기도 | AY40: 광주시 | BA40: 삼지곡길46,A동 202호 | BB40: =IFERROR(VLOOKUP($AY40,[1]프로젝트현황!Y:Z,2,0),"기타") -> 동남권 | BC40: =(IF(AX40="","",AX40&" "))&(IF(AY40="","",AY40&" "))&(IF(AZ40="","",AZ40&" "))&BA40 -> 경기도 광주시 삼지곡길46,A동 202호
A41: =ROW()-2 -> 39 | B41: 220905 | C41: 박성진 | D41: 44823 | E41: 44823 | H41: PARK, Seongjin | I41: 010511-3726618 | J41: =LEFT(I41,6) -> 010511 | K41: =MID($I41,3,2) -> 05 | L41: =IF(OR(MID($I41,8,1)="1",MID($I41,8,1)="3"),"남자",IF(OR(MID($I41,8,1)="2",MID($I41,8,1)="4"),"여자","")) -> 남자 | M41: =YEAR(TODAY())-IF(OR(MID($I41,8,1)="1",MID($I41,8,1)="2"),19&LEFT($I41,2),IF(OR(MID($I41,8,1)="3",MID($I41,8,1)="4"),20&LEFT($I41,2),""))+1 -> 26 | N41: 양력 | O41: 한국 | P41: 010-8519-1249 | T41: TBELL | U41: 朴晟鎭 | V41: =QUOTIENT(SUMPRODUCT(LEFT($W41:$X41,FIND("년",$W41:$X41)-1)*12+MID($W41:$X41,FIND("년",$W41:$X41)+1,FIND("개월",$W41:$X41)-FIND("년",$W41:$X41)-1)),12)&"년"&MOD(SUMPRODUCT(LEFT($W41:$X41,FIND("년",$W41:$X41)-1)*12+MID($W41:$X41,FIND("년",$W41:$X41)+1,FIND("개월",$W41:$X41)-FIND("년",$W41:$X41)-1)),12)&"개월" -> 3년4개월 | W41: 0년 0개월 | X41: =DATEDIF($D41,TODAY(),"y")&"년"&DATEDIF($D41,TODAY(),"ym")&"개월" -> 3년4개월 | Y41: 대림대학교 | Z41: 컴퓨터정보학부 | AA41: 전문학사 | AB41: 44971 | AC41: =VALUE(LEFT($V41,FIND("년",$V41)-1)) -> 3 | AD41: =IF($AA41="전문학사",IF($AC41<=8,"초급",IF($AC41<12,"중급",IF($AC41<15,"고급",IF($AC41>=15,"특급"))))) -> 초급 | AE41: =IF(ISNUMBER(SEARCH("산업기사",$AL41)),IF($AC41>=13,"특급",IF($AC41>=10,"고급",IF($AC41>=7,"중급","초급"))),IF(ISNUMBER(SEARCH("기사",$AJ41)),IF($AC41>=10,"특급",IF($AC41>=7,"고급",IF($AC41>=4,"중급","초급"))),"미해당")) -> 미해당 | AN41: 컴퓨터활용 2급 | AO41: 대한상공회의소 | AP41: 2021.07.30 | AQ41: IT기획 및 품질관리 | AR41: 테스팅 엔지니어 | AS41: 기업은행 | AT41: 974-052099-01-015 | AU41: 부 | AV41: 010-2530-9283 | AW41: sj.park@tbell.co.kr | AX41: 경기도 | AY41: 수원시 | AZ41: 권선구 | BA41: 일월천로4번길 74, 103동 901호 (구운동, 성원아파트) | BB41: =IFERROR(VLOOKUP($AY41,[1]프로젝트현황!Y:Z,2,0),"기타") -> 동남권 | BC41: =(IF(AX41="","",AX41&" "))&(IF(AY41="","",AY41&" "))&(IF(AZ41="","",AZ41&" "))&BA41 -> 경기도 수원시 권선구 일월천로4번길 74, 103동 901호 (구운동, 성원아파트)
A42: =ROW()-2 -> 40 | B42: 220906 | C42: 박유리안나 | D42: 44832 | E42: 44832 | H42: PARK, yulianna | I42: 941130-2055316 | J42: =LEFT(I42,6) -> 941130 | K42: =MID($I42,3,2) -> 11 | L42: =IF(OR(MID($I42,8,1)="1",MID($I42,8,1)="3"),"남자",IF(OR(MID($I42,8,1)="2",MID($I42,8,1)="4"),"여자","")) -> 여자 | M42: =YEAR(TODAY())-IF(OR(MID($I42,8,1)="1",MID($I42,8,1)="2"),19&LEFT($I42,2),IF(OR(MID($I42,8,1)="3",MID($I42,8,1)="4"),20&LEFT($I42,2),""))+1 -> 33 | N42: 양력 | O42: 한국 | P42: 010-9559-0259 | T42: TBELL | U42: 朴유리안나 | V42: =QUOTIENT(SUMPRODUCT(LEFT($W42:$X42,FIND("년",$W42:$X42)-1)*12+MID($W42:$X42,FIND("년",$W42:$X42)+1,FIND("개월",$W42:$X42)-FIND("년",$W42:$X42)-1)),12)&"년"&MOD(SUMPRODUCT(LEFT($W42:$X42,FIND("년",$W42:$X42)-1)*12+MID($W42:$X42,FIND("년",$W42:$X42)+1,FIND("개월",$W42:$X42)-FIND("년",$W42:$X42)-1)),12)&"개월" -> 3년4개월 | W42: 0년 0개월 | X42: =DATEDIF($D42,TODAY(),"y")&"년"&DATEDIF($D42,TODAY(),"ym")&"개월" -> 3년4개월 | Y42: 삼육대학교 | Z42: 유아교육과 | AA42: 학사 | AB42: 42965 | AC42: =VALUE(LEFT($V42,FIND("년",$V42)-1)) -> 3 | AD42: =IF($AA42="학사",IF($AC42<=5,"초급",IF($AC42<9,"중급",IF($AC42<12,"고급",IF($AC42>=12,"특급"))))) -> 초급 | AE42: =IF(ISNUMBER(SEARCH("산업기사",$AL42)),IF($AC42>=13,"특급",IF($AC42>=10,"고급",IF($AC42>=7,"중급","초급"))),IF(ISNUMBER(SEARCH("기사",$AJ42)),IF($AC42>=10,"특급",IF($AC42>=7,"고급",IF($AC42>=4,"중급","초급"))),"미해당")) -> 미해당 | AH42: ISTQB | AI42: 45302 | AQ42: IT기획 및 품질관리 | AR42: 테스팅 엔지니어 | AS42: 기업은행 | AT42: 129-081122-01-013 | AU42: 모 | AV42: 010-4280-3581 | AW42: yulianna.park@tbell.co.kr | AX42: 경기도 | AY42: 안산시 | AZ42: 단원구 | BA42: 광덕1로 80, 138동 203호 (초지동,호수마을아파트) | BB42: =IFERROR(VLOOKUP($AY42,[1]프로젝트현황!Y:Z,2,0),"기타") -> 서남권 | BC42: =(IF(AX42="","",AX42&" "))&(IF(AY42="","",AY42&" "))&(IF(AZ42="","",AZ42&" "))&BA42 -> 경기도 안산시 단원구 광덕1로 80, 138동 203호 (초지동,호수마을아파트)
A43: =ROW()-2 -> 41 | B43: 220907 | C43: 정홍근 | D43: 44832 | E43: 44832 | H43: JEONG, HongGeun | I43: 950717-1030716 | J43: =LEFT(I43,6) -> 950717 | K43: =MID($I43,3,2) -> 07 | L43: =IF(OR(MID($I43,8,1)="1",MID($I43,8,1)="3"),"남자",IF(OR(MID($I43,8,1)="2",MID($I43,8,1)="4"),"여자","")) -> 남자 | M43: =YEAR(TODAY())-IF(OR(MID($I43,8,1)="1",MID($I43,8,1)="2"),19&LEFT($I43,2),IF(OR(MID($I43,8,1)="3",MID($I43,8,1)="4"),20&LEFT($I43,2),""))+1 -> 32 | N43: 양력 | O43: 한국 | P43: 010-2618-1620 | R43: 무 | T43: TBELL | U43: 鄭弘根 | V43: =QUOTIENT(SUMPRODUCT(LEFT($W43:$X43,FIND("년",$W43:$X43)-1)*12+MID($W43:$X43,FIND("년",$W43:$X43)+1,FIND("개월",$W43:$X43)-FIND("년",$W43:$X43)-1)),12)&"년"&MOD(SUMPRODUCT(LEFT($W43:$X43,FIND("년",$W43:$X43)-1)*12+MID($W43:$X43,FIND("년",$W43:$X43)+1,FIND("개월",$W43:$X43)-FIND("년",$W43:$X43)-1)),12)&"개월" -> 3년4개월 | W43: 0년 0개월 | X43: =DATEDIF($D43,TODAY(),"y")&"년"&DATEDIF($D43,TODAY(),"ym")&"개월" -> 3년4개월 | Y43: 서인천고등학교 | AA43: 고졸 | AB43: 41677 | AC43: =VALUE(LEFT($V43,FIND("년",$V43)-1)) -> 3 | AD43: =IF($AA43="고졸",IF($AC43<=11,"초급",IF($AC43<=14,"중급",IF($AC43<=17,"고급",IF($AC43>=18,"특급"))))) -> 초급 | AE43: =IF(ISNUMBER(SEARCH("산업기사",$AL43)),IF($AC43>=13,"특급",IF($AC43>=10,"고급",IF($AC43>=7,"중급","초급"))),IF(ISNUMBER(SEARCH("기사",$AJ43)),IF($AC43>=10,"특급",IF($AC43>=7,"고급",IF($AC43>=4,"중급","초급"))),"미해당")) -> 미해당 | AQ43: IT기획 및 품질관리 | AR43: 테스팅 엔지니어 | AS43: 기업은행 | AT43: 351-126481-01-014 | AU43: 부 | AV43: 010-2560-1620 | AW43: hg.jeong@tbell.co.kr | AX43: 인천시 | AY43: 서구 | BA43: 대평로56번길 32 101동 202호(연희동,우성아파트) | BB43: =IFERROR(VLOOKUP($AY43,[1]프로젝트현황!Y:Z,2,0),"기타") -> 서남권 | BC43: =(IF(AX43="","",AX43&" "))&(IF(AY43="","",AY43&" "))&(IF(AZ43="","",AZ43&" "))&BA43 -> 인천시 서구 대평로56번길 32 101동 202호(연희동,우성아파트)
A44: =ROW()-2 -> 42 | B44: 221001 | C44: 구민준 | D44: 44838 | E44: 44838 | H44: GOO, Minjoon | I44: 941020-1861616 | J44: =LEFT(I44,6) -> 941020 | K44: =MID($I44,3,2) -> 10 | L44: =IF(OR(MID($I44,8,1)="1",MID($I44,8,1)="3"),"남자",IF(OR(MID($I44,8,1)="2",MID($I44,8,1)="4"),"여자","")) -> 남자 | M44: =YEAR(TODAY())-IF(OR(MID($I44,8,1)="1",MID($I44,8,1)="2"),19&LEFT($I44,2),IF(OR(MID($I44,8,1)="3",MID($I44,8,1)="4"),20&LEFT($I44,2),""))+1 -> 33 | N44: 양력 | O44: 한국 | P44: 010-5194-6772 | T44: TBELL | U44: 具民寯 | V44: =QUOTIENT(SUMPRODUCT(LEFT($W44:$X44,FIND("년",$W44:$X44)-1)*12+MID($W44:$X44,FIND("년",$W44:$X44)+1,FIND("개월",$W44:$X44)-FIND("년",$W44:$X44)-1)),12)&"년"&MOD(SUMPRODUCT(LEFT($W44:$X44,FIND("년",$W44:$X44)-1)*12+MID($W44:$X44,FIND("년",$W44:$X44)+1,FIND("개월",$W44:$X44)-FIND("년",$W44:$X44)-1)),12)&"개월" -> 3년4개월 | W44: 0년 0개월 | X44: =DATEDIF($D44,TODAY(),"y")&"년"&DATEDIF($D44,TODAY(),"ym")&"개월" -> 3년4개월 | Y44: 명지대학교 | Z44: 중어중문학과 | AA44: 학사 | AB44: 44062 | AC44: =VALUE(LEFT($V44,FIND("년",$V44)-1)) -> 3 | AD44: =IF($AA44="학사",IF($AC44<=5,"초급",IF($AC44<9,"중급",IF($AC44<12,"고급",IF($AC44>=12,"특급"))))) -> 초급 | AE44: =IF(ISNUMBER(SEARCH("산업기사",$AL44)),IF($AC44>=13,"특급",IF($AC44>=10,"고급",IF($AC44>=7,"중급","초급"))),IF(ISNUMBER(SEARCH("기사",$AJ44)),IF($AC44>=10,"특급",IF($AC44>=7,"고급",IF($AC44>=4,"중급","초급"))),"미해당")) -> 미해당 | AQ44: IT기획 및 품질관리 | AR44: 테스팅 엔지니어 | AS44: 기업은행 | AT44: 049-090142-01-012 | AU44: 제 | AV44: 010-3004-0115 | AW44: mj.goo@tbell.co.kr | AX44: 서울시 | AY44: 마포구 | BA44: 서강로 95, 102동 2002호(창전동, 창전동삼성아파트) | BB44: =IFERROR(VLOOKUP($AY44,[1]프로젝트현황!Y:Z,2,0),"기타") -> 서북권 | BC44: =(IF(AX44="","",AX44&" "))&(IF(AY44="","",AY44&" "))&(IF(AZ44="","",AZ44&" "))&BA44 -> 서울시 마포구 서강로 95, 102동 2002호(창전동, 창전동삼성아파트)
A45: =ROW()-2 -> 43 | B45: 221003 | C45: 사혜진 | D45: 44851 | E45: 44851 | H45: SA, Hyejin | I45: 920611-2184017 | J45: =LEFT(I45,6) -> 920611 | K45: =MID($I45,3,2) -> 06 | L45: =IF(OR(MID($I45,8,1)="1",MID($I45,8,1)="3"),"남자",IF(OR(MID($I45,8,1)="2",MID($I45,8,1)="4"),"여자","")) -> 여자 | M45: =YEAR(TODAY())-IF(OR(MID($I45,8,1)="1",MID($I45,8,1)="2"),19&LEFT($I45,2),IF(OR(MID($I45,8,1)="3",MID($I45,8,1)="4"),20&LEFT($I45,2),""))+1 -> 35 | N45: 양력 | O45: 한국 | P45: 010-6319-8402 | R45: 무 | T45: TBELL | U45: 史惠鎭 | V45: =QUOTIENT(SUMPRODUCT(LEFT($W45:$X45,FIND("년",$W45:$X45)-1)*12+MID($W45:$X45,FIND("년",$W45:$X45)+1,FIND("개월",$W45:$X45)-FIND("년",$W45:$X45)-1)),12)&"년"&MOD(SUMPRODUCT(LEFT($W45:$X45,FIND("년",$W45:$X45)-1)*12+MID($W45:$X45,FIND("년",$W45:$X45)+1,FIND("개월",$W45:$X45)-FIND("년",$W45:$X45)-1)),12)&"개월" -> 3년3개월 | W45: 0년 0개월 | X45: =DATEDIF($D45,TODAY(),"y")&"년"&DATEDIF($D45,TODAY(),"ym")&"개월" -> 3년3개월 | Y45: 고려직업전문학교 | Z45: 관광경영 | AA45: 전문학사 | AB45: 41326 | AC45: =VALUE(LEFT($V45,FIND("년",$V45)-1)) -> 3 | AD45: =IF($AA45="전문학사",IF($AC45<=8,"초급",IF($AC45<12,"중급",IF($AC45<15,"고급",IF($AC45>=15,"특급"))))) -> 초급 | AE45: =IF(ISNUMBER(SEARCH("산업기사",$AL45)),IF($AC45>=13,"특급",IF($AC45>=10,"고급",IF($AC45>=7,"중급","초급"))),IF(ISNUMBER(SEARCH("기사",$AJ45)),IF($AC45>=10,"특급",IF($AC45>=7,"고급",IF($AC45>=4,"중급","초급"))),"미해당")) -> 미해당 | AQ45: IT기획 및 품질관리 | AR45: 테스팅 엔지니어 | AS45: 기업은행 | AT45: 114-185045-01-010 | AU45: 모 | AV45: 010-5017-8402 | AW45: hj.sa@tbell.co.kr | AX45: 경기도 | AY45: 부천시 | BA45: 원미로77번길 20-2, A동 402호(원미동, 뜨란채A) | BB45: =IFERROR(VLOOKUP($AY45,[1]프로젝트현황!Y:Z,2,0),"기타") -> 서남권 | BC45: =(IF(AX45="","",AX45&" "))&(IF(AY45="","",AY45&" "))&(IF(AZ45="","",AZ45&" "))&BA45 -> 경기도 부천시 원미로77번길 20-2, A동 402호(원미동, 뜨란채A)
A46: =ROW()-2 -> 44 | B46: 221004 | C46: 김민주 | D46: 44851 | E46: 44851 | H46: Kim, Minju | I46: 921218-1709711 | J46: =LEFT(I46,6) -> 921218 | K46: =MID($I46,3,2) -> 12 | L46: =IF(OR(MID($I46,8,1)="1",MID($I46,8,1)="3"),"남자",IF(OR(MID($I46,8,1)="2",MID($I46,8,1)="4"),"여자","")) -> 남자 | M46: =YEAR(TODAY())-IF(OR(MID($I46,8,1)="1",MID($I46,8,1)="2"),19&LEFT($I46,2),IF(OR(MID($I46,8,1)="3",MID($I46,8,1)="4"),20&LEFT($I46,2),""))+1 -> 35 | N46: 양력 | O46: 한국 | P46: 010-6666-7742 | T46: TBELL | U46: 金民主 | V46: =QUOTIENT(SUMPRODUCT(LEFT($W46:$X46,FIND("년",$W46:$X46)-1)*12+MID($W46:$X46,FIND("년",$W46:$X46)+1,FIND("개월",$W46:$X46)-FIND("년",$W46:$X46)-1)),12)&"년"&MOD(SUMPRODUCT(LEFT($W46:$X46,FIND("년",$W46:$X46)-1)*12+MID($W46:$X46,FIND("년",$W46:$X46)+1,FIND("개월",$W46:$X46)-FIND("년",$W46:$X46)-1)),12)&"개월" -> 3년3개월 | W46: 0년 0개월 | X46: =DATEDIF($D46,TODAY(),"y")&"년"&DATEDIF($D46,TODAY(),"ym")&"개월" -> 3년3개월 | Y46: 대구대학교 | Z46: 멀티미디어공학 | AA46: 학사 | AB46: 43336 | AC46: =VALUE(LEFT($V46,FIND("년",$V46)-1)) -> 3 | AD46: =IF($AA46="학사",IF($AC46<=5,"초급",IF($AC46<9,"중급",IF($AC46<12,"고급",IF($AC46>=12,"특급"))))) -> 초급 | AE46: =IF(ISNUMBER(SEARCH("산업기사",$AL46)),IF($AC46>=13,"특급",IF($AC46>=10,"고급",IF($AC46>=7,"중급","초급"))),IF(ISNUMBER(SEARCH("기사",$AJ46)),IF($AC46>=10,"특급",IF($AC46>=7,"고급",IF($AC46>=4,"중급","초급"))),"미해당")) -> 미해당 | AQ46: IT기획 및 품질관리 | AR46: 테스팅 엔지니어 | AS46: 기업은행 | AT46: 023-145265-01-012 | AU46: 모 | AV46: 010-3701-3607 | AW46: mj.kim@tbell.co.kr | AX46: 서울시 | AY46: 중구 | BA46: 오장동 148-16 남산센트럴시티투웨니퍼스트 609호 | BB46: =IFERROR(VLOOKUP($AY46,[1]프로젝트현황!Y:Z,2,0),"기타") -> 서북권 | BC46: =(IF(AX46="","",AX46&" "))&(IF(AY46="","",AY46&" "))&(IF(AZ46="","",AZ46&" "))&BA46 -> 서울시 중구 오장동 148-16 남산센트럴시티투웨니퍼스트 609호
A47: =ROW()-2 -> 45 | B47: 221005 | C47: 이승록 | D47: 44851 | E47: 44851 | H47: LEE, Seungrok | I47: 950618-1188715 | J47: =LEFT(I47,6) -> 950618 | K47: =MID($I47,3,2) -> 06 | L47: =IF(OR(MID($I47,8,1)="1",MID($I47,8,1)="3"),"남자",IF(OR(MID($I47,8,1)="2",MID($I47,8,1)="4"),"여자","")) -> 남자 | M47: =YEAR(TODAY())-IF(OR(MID($I47,8,1)="1",MID($I47,8,1)="2"),19&LEFT($I47,2),IF(OR(MID($I47,8,1)="3",MID($I47,8,1)="4"),20&LEFT($I47,2),""))+1 -> 32 | N47: 양력 | O47: 한국 | P47: 010-2628-2650 | R47: 무 | T47: TBELL | U47: 李承祿 | V47: =QUOTIENT(SUMPRODUCT(LEFT($W47:$X47,FIND("년",$W47:$X47)-1)*12+MID($W47:$X47,FIND("년",$W47:$X47)+1,FIND("개월",$W47:$X47)-FIND("년",$W47:$X47)-1)),12)&"년"&MOD(SUMPRODUCT(LEFT($W47:$X47,FIND("년",$W47:$X47)-1)*12+MID($W47:$X47,FIND("년",$W47:$X47)+1,FIND("개월",$W47:$X47)-FIND("년",$W47:$X47)-1)),12)&"개월" -> 4년6개월 | W47: 1년 3개월 | X47: =DATEDIF($D47,TODAY(),"y")&"년"&DATEDIF($D47,TODAY(),"ym")&"개월" -> 3년3개월 | Y47: 광운대학교 | Z47: 문화콘텐츠 개발 | AA47: 학사 | AB47: 44069 | AC47: =VALUE(LEFT($V47,FIND("년",$V47)-1)) -> 4 | AD47: =IF($AA47="학사",IF($AC47<=5,"초급",IF($AC47<9,"중급",IF($AC47<12,"고급",IF($AC47>=12,"특급"))))) -> 초급 | AE47: =IF(ISNUMBER(SEARCH("산업기사",$AL47)),IF($AC47>=13,"특급",IF($AC47>=10,"고급",IF($AC47>=7,"중급","초급"))),IF(ISNUMBER(SEARCH("기사",$AJ47)),IF($AC47>=10,"특급",IF($AC47>=7,"고급",IF($AC47>=4,"중급","초급"))),"미해당")) -> 미해당 | AF47: CSTS | AG47: 45003 | AQ47: IT기획 및 품질관리 | AR47: 테스팅 엔지니어 | AS47: 기업은행 | AT47: 221-448847-01-018 | AU47: 모 | AV47: 010-3128-6274 | AW47: sr.lee@tbell.co.kr | AX47: 서울시 | AY47: 도봉구 | BA47: 시루봉로 260-7, B동 302호 (방학동, 한림그린맨숀) | BB47: =IFERROR(VLOOKUP($AY47,[1]프로젝트현황!Y:Z,2,0),"기타") -> 동북권 | BC47: =(IF(AX47="","",AX47&" "))&(IF(AY47="","",AY47&" "))&(IF(AZ47="","",AZ47&" "))&BA47 -> 서울시 도봉구 시루봉로 260-7, B동 302호 (방학동, 한림그린맨숀)
A48: =ROW()-2 -> 46 | B48: 221007 | C48: 진예은 | D48: 44865 | E48: 44865 | H48: JIN, Yeeun | I48: 991013-2177813 | J48: =LEFT(I48,6) -> 991013 | K48: =MID($I48,3,2) -> 10 | L48: =IF(OR(MID($I48,8,1)="1",MID($I48,8,1)="3"),"남자",IF(OR(MID($I48,8,1)="2",MID($I48,8,1)="4"),"여자","")) -> 여자 | M48: =YEAR(TODAY())-IF(OR(MID($I48,8,1)="1",MID($I48,8,1)="2"),19&LEFT($I48,2),IF(OR(MID($I48,8,1)="3",MID($I48,8,1)="4"),20&LEFT($I48,2),""))+1 -> 28 | N48: 양력 | O48: 한국 | P48: 010-4996-7256 | T48: TBELL | U48: 陳睿恩 | V48: =QUOTIENT(SUMPRODUCT(LEFT($W48:$X48,FIND("년",$W48:$X48)-1)*12+MID($W48:$X48,FIND("년",$W48:$X48)+1,FIND("개월",$W48:$X48)-FIND("년",$W48:$X48)-1)),12)&"년"&MOD(SUMPRODUCT(LEFT($W48:$X48,FIND("년",$W48:$X48)-1)*12+MID($W48:$X48,FIND("년",$W48:$X48)+1,FIND("개월",$W48:$X48)-FIND("년",$W48:$X48)-1)),12)&"개월" -> 3년3개월 | W48: 0년 0개월 | X48: =DATEDIF($D48,TODAY(),"y")&"년"&DATEDIF($D48,TODAY(),"ym")&"개월" -> 3년3개월 | Y48: 검정고시 | AA48: 고졸 | AB48: 42866 | AC48: =VALUE(LEFT($V48,FIND("년",$V48)-1)) -> 3 | AD48: =IF($AA48="고졸",IF($AC48<=11,"초급",IF($AC48<=14,"중급",IF($AC48<=17,"고급",IF($AC48>=18,"특급"))))) -> 초급 | AE48: =IF(ISNUMBER(SEARCH("산업기사",$AL48)),IF($AC48>=13,"특급",IF($AC48>=10,"고급",IF($AC48>=7,"중급","초급"))),IF(ISNUMBER(SEARCH("기사",$AJ48)),IF($AC48>=10,"특급",IF($AC48>=7,"고급",IF($AC48>=4,"중급","초급"))),"미해당")) -> 미해당 | AQ48: IT기획 및 품질관리 | AR48: 테스팅 엔지니어 | AS48: 기업은행 | AT48: 536-056248-02-012 | AU48: 부 | AV48: 010-5302-7256 | AW48: ye.jin@tbell.co.kr | AX48: 경기도 | AY48: 안양시 | AZ48: 만안구 | BA48: 현충로24번길 14, 1006호(안양동, 더베이프리미엄아파트) | BB48: =IFERROR(VLOOKUP($AY48,[1]프로젝트현황!Y:Z,2,0),"기타") -> 서남권 | BC48: =(IF(AX48="","",AX48&" "))&(IF(AY48="","",AY48&" "))&(IF(AZ48="","",AZ48&" "))&BA48 -> 경기도 안양시 만안구 현충로24번길 14, 1006호(안양동, 더베이프리미엄아파트)
A49: =ROW()-2 -> 47 | B49: 221008 | C49: 박선홍 | D49: 44865 | E49: 44865 | H49: PARK, Seonhong | I49: 990604-2246915 | J49: =LEFT(I49,6) -> 990604 | K49: =MID($I49,3,2) -> 06 | L49: =IF(OR(MID($I49,8,1)="1",MID($I49,8,1)="3"),"남자",IF(OR(MID($I49,8,1)="2",MID($I49,8,1)="4"),"여자","")) -> 여자 | M49: =YEAR(TODAY())-IF(OR(MID($I49,8,1)="1",MID($I49,8,1)="2"),19&LEFT($I49,2),IF(OR(MID($I49,8,1)="3",MID($I49,8,1)="4"),20&LEFT($I49,2),""))+1 -> 28 | N49: 양력 | O49: 한국 | P49: 010-8394-8882 | T49: TBELL | U49: 朴宣紅 | V49: =QUOTIENT(SUMPRODUCT(LEFT($W49:$X49,FIND("년",$W49:$X49)-1)*12+MID($W49:$X49,FIND("년",$W49:$X49)+1,FIND("개월",$W49:$X49)-FIND("년",$W49:$X49)-1)),12)&"년"&MOD(SUMPRODUCT(LEFT($W49:$X49,FIND("년",$W49:$X49)-1)*12+MID($W49:$X49,FIND("년",$W49:$X49)+1,FIND("개월",$W49:$X49)-FIND("년",$W49:$X49)-1)),12)&"개월" -> 3년3개월 | W49: 0년 0개월 | X49: =DATEDIF($D49,TODAY(),"y")&"년"&DATEDIF($D49,TODAY(),"ym")&"개월" -> 3년3개월 | Y49: 이현고등학교 | AA49: 고졸 | AB49: 43139 | AC49: =VALUE(LEFT($V49,FIND("년",$V49)-1)) -> 3 | AD49: =IF($AA49="고졸",IF($AC49<=11,"초급",IF($AC49<=14,"중급",IF($AC49<=17,"고급",IF($AC49>=18,"특급"))))) -> 초급 | AE49: =IF(ISNUMBER(SEARCH("산업기사",$AL49)),IF($AC49>=13,"특급",IF($AC49>=10,"고급",IF($AC49>=7,"중급","초급"))),IF(ISNUMBER(SEARCH("기사",$AJ49)),IF($AC49>=10,"특급",IF($AC49>=7,"고급",IF($AC49>=4,"중급","초급"))),"미해당")) -> 미해당 | AQ49: IT기획 및 품질관리 | AR49: 테스팅 엔지니어 | AS49: 기업은행 | AT49: 389-128779-01-017 | AU49: 부 | AV49: 010-7591-8882 | AW49: sh.park@tbell.co.kr | AX49: 서울시 | AY49: 관악구 | BA49: 신사로24길 4 | BB49: =IFERROR(VLOOKUP($AY49,[1]프로젝트현황!Y:Z,2,0),"기타") -> 서남권 | BC49: =(IF(AX49="","",AX49&" "))&(IF(AY49="","",AY49&" "))&(IF(AZ49="","",AZ49&" "))&BA49 -> 서울시 관악구 신사로24길 4
A50: =ROW()-2 -> 48 | B50: 221009 | C50: 강문혁 | D50: 44865 | E50: 44865 | H50: KANG, MoonHyeok | I50: 980109-1326217 | J50: =LEFT(I50,6) -> 980109 | K50: =MID($I50,3,2) -> 01 | L50: =IF(OR(MID($I50,8,1)="1",MID($I50,8,1)="3"),"남자",IF(OR(MID($I50,8,1)="2",MID($I50,8,1)="4"),"여자","")) -> 남자 | M50: =YEAR(TODAY())-IF(OR(MID($I50,8,1)="1",MID($I50,8,1)="2"),19&LEFT($I50,2),IF(OR(MID($I50,8,1)="3",MID($I50,8,1)="4"),20&LEFT($I50,2),""))+1 -> 29 | N50: 양력 | O50: 한국 | P50: 010-9658-6933 | T50: TBELL | U50: 康文赫 | V50: =QUOTIENT(SUMPRODUCT(LEFT($W50:$X50,FIND("년",$W50:$X50)-1)*12+MID($W50:$X50,FIND("년",$W50:$X50)+1,FIND("개월",$W50:$X50)-FIND("년",$W50:$X50)-1)),12)&"년"&MOD(SUMPRODUCT(LEFT($W50:$X50,FIND("년",$W50:$X50)-1)*12+MID($W50:$X50,FIND("년",$W50:$X50)+1,FIND("개월",$W50:$X50)-FIND("년",$W50:$X50)-1)),12)&"개월" -> 3년3개월 | W50: 0년 0개월 | X50: =DATEDIF($D50,TODAY(),"y")&"년"&DATEDIF($D50,TODAY(),"ym")&"개월" -> 3년3개월 | Y50: 인하공업전문대학교 | Z50: 컴퓨터시스템과 | AA50: 전문학사 | AB50: 44967 | AC50: =VALUE(LEFT($V50,FIND("년",$V50)-1)) -> 3 | AD50: =IF($ZE30="전문학사",IF($AC50<=8,"초급",IF($AC50<12,"중급",IF($AC50<15,"고급",IF($AC50>=15,"특급"))))) -> FALSE | AE50: =IF(ISNUMBER(SEARCH("산업기사",$AL50)),IF($AC50>=13,"특급",IF($AC50>=10,"고급",IF($AC50>=7,"중급","초급"))),IF(ISNUMBER(SEARCH("기사",$AJ50)),IF($AC50>=10,"특급",IF($AC50>=7,"고급",IF($AC50>=4,"중급","초급"))),"미해당")) -> 미해당 | AQ50: IT기획 및 품질관리 | AR50: 테스팅 엔지니어 | AS50: 기업은행 | AT50: 334-084747-01-014 | AU50: 모 | AV50: 010-3331-6933 | AW50: mh.kang@tbell.co.kr | AX50: 경기도 | AY50: 김포시 | BA50: 김포한강9로 11, 406동 902호 (김포한강 예미지) | BB50: =IFERROR(VLOOKUP($AY50,[1]프로젝트현황!Y:Z,2,0),"기타") -> 서남권 | BC50: =(IF(AX50="","",AX50&" "))&(IF(AY50="","",AY50&" "))&(IF(AZ50="","",AZ50&" "))&AZE30 -> 경기도 김포시
A51: =ROW()-2 -> 49 | B51: 221101 | C51: 김완수 | D51: 44866 | E51: 44866 | I51: 761015-1011948 | J51: =LEFT(I51,6) -> 761015 | K51: =MID($I51,3,2) -> 10 | L51: =IF(OR(MID($I51,8,1)="1",MID($I51,8,1)="3"),"남자",IF(OR(MID($I51,8,1)="2",MID($I51,8,1)="4"),"여자","")) -> 남자 | M51: =YEAR(TODAY())-IF(OR(MID($I51,8,1)="1",MID($I51,8,1)="2"),19&LEFT($I51,2),IF(OR(MID($I51,8,1)="3",MID($I51,8,1)="4"),20&LEFT($I51,2),""))+1 -> 51 | N51: 양력 | O51: 한국 | P51: 010-4604-2552 | R51: 유 | S51: 45024 | T51: TBELL | U51: 金完洙 | V51: =QUOTIENT(SUMPRODUCT(LEFT($W51:$X51,FIND("년",$W51:$X51)-1)*12+MID($W51:$X51,FIND("년",$W51:$X51)+1,FIND("개월",$W51:$X51)-FIND("년",$W51:$X51)-1)),12)&"년"&MOD(SUMPRODUCT(LEFT($W51:$X51,FIND("년",$W51:$X51)-1)*12+MID($W51:$X51,FIND("년",$W51:$X51)+1,FIND("개월",$W51:$X51)-FIND("년",$W51:$X51)-1)),12)&"개월" -> 22년10개월 | W51: 19년 7개월 | X51: =DATEDIF($D51,TODAY(),"y")&"년"&DATEDIF($D51,TODAY(),"ym")&"개월" -> 3년3개월 | Y51: 서울과학기술대학교 | Z51: 행정학과 | AA51: 학사 | AB51: 37673 | AC51: =VALUE(LEFT($V51,FIND("년",$V51)-1)) -> 22 | AD51: =IF(#REF!="학사",IF($AC51<=5,"초급",IF($AC51<9,"중급",IF($AC51<12,"고급",IF($AC51>=12,"특급"))))) -> #REF! | AE51: =IF(ISNUMBER(SEARCH("산업기사",$AL51)),IF($AC51>=13,"특급",IF($AC51>=10,"고급",IF($AC51>=7,"중급","초급"))),IF(ISNUMBER(SEARCH("기사",$AJ51)),IF($AC51>=10,"특급",IF($AC51>=7,"고급",IF($AC51>=4,"중급","초급"))),"미해당")) -> 미해당 | AQ51: 경영지원 | AR51: 경영지원 | AS51: 기업은행 | AT51: 257-073319-01-015 | AU51: 처 | AV51: 010-6416-9795 | AW51: ws.kim@tbell.co.kr | AX51: 서울시 | AY51: 중랑구 | BA51: 신내로 51, 105동 103호(신내동, 성원아파트) | BB51: =IFERROR(VLOOKUP($AY51,[1]프로젝트현황!Y:Z,2,0),"기타") -> 동북권 | BC51: =(IF(AX51="","",AX51&" "))&(IF(AY51="","",AY51&" "))&(IF(AZ51="","",AZ51&" "))&#REF! -> #REF!
A52: =ROW()-2 -> 50 | B52: 221204 | C52: 이유나 | D52: 44914 | E52: 44914 | H52: LEE, Yuna | I52: 921026-2012527 | J52: =LEFT(I52,6) -> 921026 | K52: =MID($I52,3,2) -> 10 | L52: =IF(OR(MID($I52,8,1)="1",MID($I52,8,1)="3"),"남자",IF(OR(MID($I52,8,1)="2",MID($I52,8,1)="4"),"여자","")) -> 여자 | M52: =YEAR(TODAY())-IF(OR(MID($I52,8,1)="1",MID($I52,8,1)="2"),19&LEFT($I52,2),IF(OR(MID($I52,8,1)="3",MID($I52,8,1)="4"),20&LEFT($I52,2),""))+1 -> 35 | N52: 양력 | O52: 한국 | P52: 010-4097-3509 | T52: TBELL | V52: =QUOTIENT(SUMPRODUCT(LEFT($W52:$X52,FIND("년",$W52:$X52)-1)*12+MID($W52:$X52,FIND("년",$W52:$X52)+1,FIND("개월",$W52:$X52)-FIND("년",$W52:$X52)-1)),12)&"년"&MOD(SUMPRODUCT(LEFT($W52:$X52,FIND("년",$W52:$X52)-1)*12+MID($W52:$X52,FIND("년",$W52:$X52)+1,FIND("개월",$W52:$X52)-FIND("년",$W52:$X52)-1)),12)&"개월" -> 3년1개월 | W52: 0년 0개월 | X52: =DATEDIF($D52,TODAY(),"y")&"년"&DATEDIF($D52,TODAY(),"ym")&"개월" -> 3년1개월 | Y52: 강원대학교 | Z52: 화학공학과 | AA52: 학사 | AB52: 42788 | AC52: =VALUE(LEFT($V52,FIND("년",$V52)-1)) -> 3 | AD52: =IF($ZE32="학사",IF($AC52<=5,"초급",IF($AC52<9,"중급",IF($AC52<12,"고급",IF($AC52>=12,"특급"))))) -> FALSE | AE52: =IF(ISNUMBER(SEARCH("산업기사",$AL52)),IF($AC52>=13,"특급",IF($AC52>=10,"고급",IF($AC52>=7,"중급","초급"))),IF(ISNUMBER(SEARCH("기사",$AJ52)),IF($AC52>=10,"특급",IF($AC52>=7,"고급",IF($AC52>=4,"중급","초급"))),"미해당")) -> 미해당 | AQ52: IT기획 및 품질관리 | AR52: 테스팅 엔지니어 | AS52: 기업은행 | AT52: 667-048034-01-010 | AU52: 모 | AV52: 010-3766-3509 | AW52: yn.lee@tbell.co.kr | AX52: 경기도 | AY52: 남양주시 | BA52: 호평로94, 2106동 1201호(호평동,호평마을 금강아파트) | BB52: =IFERROR(VLOOKUP($AY52,[1]프로젝트현황!Y:Z,2,0),"기타") -> 동북권 | BC52: =(IF(AX52="","",AX52&" "))&(IF(AY52="","",AY52&" "))&(IF(AZ52="","",AZ52&" "))&AZE32 -> 경기도 남양주시
A53: =ROW()-2 -> 51 | B53: 230102 | C53: 이여솔 | D53: 44928 | E53: 44928 | H53: LEE, Yesol | I53: 970613-2065811 | J53: =LEFT(I53,6) -> 970613 | K53: =MID($I53,3,2) -> 06 | L53: =IF(OR(MID($I53,8,1)="1",MID($I53,8,1)="3"),"남자",IF(OR(MID($I53,8,1)="2",MID($I53,8,1)="4"),"여자","")) -> 여자 | M53: =YEAR(TODAY())-IF(OR(MID($I53,8,1)="1",MID($I53,8,1)="2"),19&LEFT($I53,2),IF(OR(MID($I53,8,1)="3",MID($I53,8,1)="4"),20&LEFT($I53,2),""))+1 -> 30 | N53: 양력 | O53: 한국 | P53: 010-8781-2342 | T53: TBELL | V53: =QUOTIENT(SUMPRODUCT(LEFT($W53:$X53,FIND("년",$W53:$X53)-1)*12+MID($W53:$X53,FIND("년",$W53:$X53)+1,FIND("개월",$W53:$X53)-FIND("년",$W53:$X53)-1)),12)&"년"&MOD(SUMPRODUCT(LEFT($W53:$X53,FIND("년",$W53:$X53)-1)*12+MID($W53:$X53,FIND("년",$W53:$X53)+1,FIND("개월",$W53:$X53)-FIND("년",$W53:$X53)-1)),12)&"개월" -> 3년1개월 | W53: 0년 0개월 | X53: =DATEDIF($D53,TODAY(),"y")&"년"&DATEDIF($D53,TODAY(),"ym")&"개월" -> 3년1개월 | Y53: 한양여자대학교 | Z53: 도예과 | AA53: 전문학사 | AB53: 43496 | AC53: =VALUE(LEFT($V53,FIND("년",$V53)-1)) -> 3 | AD53: =IF($ZE33="전문학사",IF($AC53<=8,"초급",IF($AC53<12,"중급",IF($AC53<15,"고급",IF($AC53>=15,"특급"))))) -> FALSE | AE53: =IF(ISNUMBER(SEARCH("산업기사",$AL53)),IF($AC53>=13,"특급",IF($AC53>=10,"고급",IF($AC53>=7,"중급","초급"))),IF(ISNUMBER(SEARCH("기사",$AJ53)),IF($AC53>=10,"특급",IF($AC53>=7,"고급",IF($AC53>=4,"중급","초급"))),"미해당")) -> 미해당 | AH53: ISTQB | AI53: 45589 | AQ53: IT기획 및 품질관리 | AR53: 테스팅 엔지니어 | AS53: 기업은행 | AT53: 051-125488-01-014 | AU53: 모 | AV53: 010-5328-1513 | AW53: yeosol.lee@tbell.co.kr | AX53: 서울시 | AY53: 양천구 | BA53: 목동중앙북로8길 138-11 A동 401호 (목동,서원아트빌) | BB53: =IFERROR(VLOOKUP($AY53,[1]프로젝트현황!Y:Z,2,0),"기타") -> 서남권 | BC53: =(IF(AX53="","",AX53&" "))&(IF(AY53="","",AY53&" "))&(IF(AZ53="","",AZ53&" "))&AZE33 -> 서울시 양천구
A54: =ROW()-2 -> 52 | B54: 230105 | C54: 김진섭 | D54: 44951 | E54: 44951 | H54: KIM, Jinseop | I54: 900607-1178211 | J54: =LEFT(I54,6) -> 900607 | K54: =MID($I54,3,2) -> 06 | L54: =IF(OR(MID($I54,8,1)="1",MID($I54,8,1)="3"),"남자",IF(OR(MID($I54,8,1)="2",MID($I54,8,1)="4"),"여자","")) -> 남자 | M54: =YEAR(TODAY())-IF(OR(MID($I54,8,1)="1",MID($I54,8,1)="2"),19&LEFT($I54,2),IF(OR(MID($I54,8,1)="3",MID($I54,8,1)="4"),20&LEFT($I54,2),""))+1 -> 37 | N54: 양력 | O54: 한국 | P54: 010-7280-8229 | R54: 무 | T54: TBELL | V54: =QUOTIENT(SUMPRODUCT(LEFT($W54:$X54,FIND("년",$W54:$X54)-1)*12+MID($W54:$X54,FIND("년",$W54:$X54)+1,FIND("개월",$W54:$X54)-FIND("년",$W54:$X54)-1)),12)&"년"&MOD(SUMPRODUCT(LEFT($W54:$X54,FIND("년",$W54:$X54)-1)*12+MID($W54:$X54,FIND("년",$W54:$X54)+1,FIND("개월",$W54:$X54)-FIND("년",$W54:$X54)-1)),12)&"개월" -> 10년8개월 | W54: 7년 8개월 | X54: =DATEDIF($D54,TODAY(),"y")&"년"&DATEDIF($D54,TODAY(),"ym")&"개월" -> 3년0개월 | Y54: 남서울대학교 | Z54: 정보통신공학과 | AA54: 학사 | AB54: 42045 | AC54: =VALUE(LEFT($V54,FIND("년",$V54)-1)) -> 10 | AD54: =IF($ZE34="학사",IF($AC54<=5,"초급",IF($AC54<9,"중급",IF($AC54<12,"고급",IF($AC54>=12,"특급"))))) -> FALSE | AE54: =IF(ISNUMBER(SEARCH("산업기사",$AL54)),IF($AC54>=13,"특급",IF($AC54>=10,"고급",IF($AC54>=7,"중급","초급"))),IF(ISNUMBER(SEARCH("기사",$AJ54)),IF($AC54>=10,"특급",IF($AC54>=7,"고급",IF($AC54>=4,"중급","초급"))),"미해당")) -> 미해당 | AH54: ISTQB | AI54: 42423 | AO54: KSTQB | AP54: 2016.02.23 | AQ54: IT기획 및 품질관리 | AR54: 테스팅 엔지니어 | AS54: 기업은행 | AT54: 481-062761-02-013 | AU54: 부 | AV54: 010-5386-9119 | AW54: js.kim@tbell.co.kr | AX54: 경기도 | AY54: 용인시 | AZ54: 수지구 | BA54: 현암로125번길 11, 716동 2202호(죽전동, 새터마을죽전힐스테이트) | BB54: =IFERROR(VLOOKUP($AY54,[1]프로젝트현황!Y:Z,2,0),"기타") -> 동남권 | BC54: =(IF(AX54="","",AX54&" "))&(IF(AY54="","",AY54&" "))&(IF(AZ54="","",AZ54&" "))&AZE34 -> 경기도 용인시 수지구
A55: =ROW()-2 -> 53 | B55: 230201 | C55: 이수현 | D55: 44958 | E55: 44958 | H55: LEE, Suhyeon | I55: 041221-4068911 | J55: =LEFT(I55,6) -> 041221 | K55: =MID($I55,3,2) -> 12 | L55: =IF(OR(MID($I55,8,1)="1",MID($I55,8,1)="3"),"남자",IF(OR(MID($I55,8,1)="2",MID($I55,8,1)="4"),"여자","")) -> 여자 | M55: =YEAR(TODAY())-IF(OR(MID($I55,8,1)="1",MID($I55,8,1)="2"),19&LEFT($I55,2),IF(OR(MID($I55,8,1)="3",MID($I55,8,1)="4"),20&LEFT($I55,2),""))+1 -> 23 | N55: 양력 | O55: 한국 | P55: 010-7705-9510 | T55: TBELL | V55: =QUOTIENT(SUMPRODUCT(LEFT($W55:$X55,FIND("년",$W55:$X55)-1)*12+MID($W55:$X55,FIND("년",$W55:$X55)+1,FIND("개월",$W55:$X55)-FIND("년",$W55:$X55)-1)),12)&"년"&MOD(SUMPRODUCT(LEFT($W55:$X55,FIND("년",$W55:$X55)-1)*12+MID($W55:$X55,FIND("년",$W55:$X55)+1,FIND("개월",$W55:$X55)-FIND("년",$W55:$X55)-1)),12)&"개월" -> 3년0개월 | W55: 0년 0개월 | X55: =DATEDIF($D55,TODAY(),"y")&"년"&DATEDIF($D55,TODAY(),"ym")&"개월" -> 3년0개월 | Y55: 서울디지텍고등학교 | Z55: IOT(사물인터넷)과 | AA55: 고졸 | AB55: 44936 | AC55: =VALUE(LEFT($V55,FIND("년",$V55)-1)) -> 3 | AD55: =IF($ZE35="고졸",IF($AC55<=11,"초급",IF($AC55<=14,"중급",IF($AC55<=17,"고급",IF($AC55>=18,"특급"))))) -> FALSE | AE55: =IF(ISNUMBER(SEARCH("산업기사",$AL55)),IF($AC55>=13,"특급",IF($AC55>=10,"고급",IF($AC55>=7,"중급","초급"))),IF(ISNUMBER(SEARCH("기사",$AJ55)),IF($AC55>=10,"특급",IF($AC55>=7,"고급",IF($AC55>=4,"중급","초급"))),"미해당")) -> 미해당 | AQ55: IT기획 및 품질관리 | AR55: 테스팅 엔지니어 | AS55: 기업은행 | AT55: 071-119776-02-014 | AU55: 모 | AV55: 010-8973-9000 | AW55: sh.lee@tbell.co.kr | AX55: 서울시 | AY55: 동작구 | BA55: 여의대방로44길 10, 111동 1902호(대방동, 대림아파트) | BB55: =IFERROR(VLOOKUP($AY55,[1]프로젝트현황!Y:Z,2,0),"기타") -> 서남권 | BC55: =(IF(AX55="","",AX55&" "))&(IF(AY55="","",AY55&" "))&(IF(AZ55="","",AZ55&" "))&AZE35 -> 서울시 동작구
A56: =ROW()-2 -> 54 | B56: 230204 | C56: 김다인 | D56: 44958 | E56: 44958 | H56: KIM, Dain | I56: 011016-4183021 | J56: =LEFT(I56,6) -> 011016 | K56: =MID($I56,3,2) -> 10 | L56: =IF(OR(MID($I56,8,1)="1",MID($I56,8,1)="3"),"남자",IF(OR(MID($I56,8,1)="2",MID($I56,8,1)="4"),"여자","")) -> 여자 | M56: =YEAR(TODAY())-IF(OR(MID($I56,8,1)="1",MID($I56,8,1)="2"),19&LEFT($I56,2),IF(OR(MID($I56,8,1)="3",MID($I56,8,1)="4"),20&LEFT($I56,2),""))+1 -> 26 | N56: 양력 | O56: 한국 | P56: 010-6223-2301 | T56: TBELL | V56: =QUOTIENT(SUMPRODUCT(LEFT($W56:$X56,FIND("년",$W56:$X56)-1)*12+MID($W56:$X56,FIND("년",$W56:$X56)+1,FIND("개월",$W56:$X56)-FIND("년",$W56:$X56)-1)),12)&"년"&MOD(SUMPRODUCT(LEFT($W56:$X56,FIND("년",$W56:$X56)-1)*12+MID($W56:$X56,FIND("년",$W56:$X56)+1,FIND("개월",$W56:$X56)-FIND("년",$W56:$X56)-1)),12)&"개월" -> 3년0개월 | W56: 0년 0개월 | X56: =DATEDIF($D56,TODAY(),"y")&"년"&DATEDIF($D56,TODAY(),"ym")&"개월" -> 3년0개월 | Y56: 배화여자대학교 | Z56: 정보보호과 | AA56: 학사 | AB56: 45338 | AC56: =VALUE(LEFT($V56,FIND("년",$V56)-1)) -> 3 | AD56: =IF(#REF!="학사",IF($AC56<=5,"초급",IF($AC56<9,"중급",IF($AC56<12,"고급",IF($AC56>=12,"특급"))))) -> #REF! | AE56: =IF(ISNUMBER(SEARCH("산업기사",$AL56)),IF($AC56>=13,"특급",IF($AC56>=10,"고급",IF($AC56>=7,"중급","초급"))),IF(ISNUMBER(SEARCH("기사",$AJ56)),IF($AC56>=10,"특급",IF($AC56>=7,"고급",IF($AC56>=4,"중급","초급"))),"미해당")) -> 미해당 | AQ56: IT기획 및 품질관리 | AR56: 테스팅 엔지니어 | AS56: 기업은행 | AT56: 403-097774-01-017 | AU56: 모 | AV56: 010-2480-2300 | AW56: di.kim@tbell.co.kr | AX56: 인천시 | AY56: 계양구 | BA56: 도두리로 52, 502동 305호(작전동, 도두리마을동보아파트) | BB56: =IFERROR(VLOOKUP($AY56,[1]프로젝트현황!Y:Z,2,0),"기타") -> 서남권 | BC56: =(IF(AX56="","",AX56&" "))&(IF(AY56="","",AY56&" "))&(IF(AZ56="","",AZ56&" "))&#REF! -> #REF!
A57: =ROW()-2 -> 55 | B57: 230205 | C57: 송다겸 | D57: 44958 | E57: 44958 | H57: SONG, Dagyum | I57: 960903-2035121 | J57: =LEFT(I57,6) -> 960903 | K57: =MID($I57,3,2) -> 09 | L57: =IF(OR(MID($I57,8,1)="1",MID($I57,8,1)="3"),"남자",IF(OR(MID($I57,8,1)="2",MID($I57,8,1)="4"),"여자","")) -> 여자 | M57: =YEAR(TODAY())-IF(OR(MID($I57,8,1)="1",MID($I57,8,1)="2"),19&LEFT($I57,2),IF(OR(MID($I57,8,1)="3",MID($I57,8,1)="4"),20&LEFT($I57,2),""))+1 -> 31 | N57: 양력 | O57: 한국 | P57: 010-2055-9815 | T57: TBELL | V57: =QUOTIENT(SUMPRODUCT(LEFT($W57:$X57,FIND("년",$W57:$X57)-1)*12+MID($W57:$X57,FIND("년",$W57:$X57)+1,FIND("개월",$W57:$X57)-FIND("년",$W57:$X57)-1)),12)&"년"&MOD(SUMPRODUCT(LEFT($W57:$X57,FIND("년",$W57:$X57)-1)*12+MID($W57:$X57,FIND("년",$W57:$X57)+1,FIND("개월",$W57:$X57)-FIND("년",$W57:$X57)-1)),12)&"개월" -> 3년0개월 | W57: 0년 0개월 | X57: =DATEDIF($D57,TODAY(),"y")&"년"&DATEDIF($D57,TODAY(),"ym")&"개월" -> 3년0개월 | Y57: 대진대학교 | Z57: 전자공학과 | AA57: 학사 | AB57: 43511 | AC57: =VALUE(LEFT($V57,FIND("년",$V57)-1)) -> 3 | AD57: =IF($ZE37="학사",IF($AC57<=5,"초급",IF($AC57<9,"중급",IF($AC57<12,"고급",IF($AC57>=12,"특급"))))) -> FALSE | AE57: =IF(ISNUMBER(SEARCH("산업기사",$AL57)),IF($AC57>=13,"특급",IF($AC57>=10,"고급",IF($AC57>=7,"중급","초급"))),IF(ISNUMBER(SEARCH("기사",$AJ57)),IF($AC57>=10,"특급",IF($AC57>=7,"고급",IF($AC57>=4,"중급","초급"))),"미해당")) -> 초급 | AF57: CSTS | AG57: 44730 | AH57: ISTQB | AI57: 45533 | AJ57: 정보처리기사 | AK57: 44806 | AN57: 컴퓨터활용1급 | AQ57: IT기획 및 품질관리 | AR57: 테스팅 엔지니어 | AS57: 기업은행 | AT57: 621-021178-01-018 | AU57: 모 | AV57: 010-8867-0815 | AW57: dg.song@tbell.co.kr | AX57: 서울시 | AY57: 성북구 | BA57: 한천로 713, 507동 8층 804호 (장위동, 래미안장위퍼스트하이) | BB57: =IFERROR(VLOOKUP($AY57,[1]프로젝트현황!Y:Z,2,0),"기타") -> 동북권 | BC57: =(IF(AX57="","",AX57&" "))&(IF(AY57="","",AY57&" "))&(IF(AZ57="","",AZ57&" "))&AZE37 -> 서울시 성북구
A58: =ROW()-2 -> 56 | B58: 230206 | C58: 박정민 | D58: 44958 | E58: 44958 | H58: PARK, Jeongmin | I58: 950629-1095013 | J58: =LEFT(I58,6) -> 950629 | K58: =MID($I58,3,2) -> 06 | L58: =IF(OR(MID($I58,8,1)="1",MID($I58,8,1)="3"),"남자",IF(OR(MID($I58,8,1)="2",MID($I58,8,1)="4"),"여자","")) -> 남자 | M58: =YEAR(TODAY())-IF(OR(MID($I58,8,1)="1",MID($I58,8,1)="2"),19&LEFT($I58,2),IF(OR(MID($I58,8,1)="3",MID($I58,8,1)="4"),20&LEFT($I58,2),""))+1 -> 32 | N58: 양력 | O58: 한국 | P58: 010-7556-2329 | T58: TBELL | V58: =QUOTIENT(SUMPRODUCT(LEFT($W58:$X58,FIND("년",$W58:$X58)-1)*12+MID($W58:$X58,FIND("년",$W58:$X58)+1,FIND("개월",$W58:$X58)-FIND("년",$W58:$X58)-1)),12)&"년"&MOD(SUMPRODUCT(LEFT($W58:$X58,FIND("년",$W58:$X58)-1)*12+MID($W58:$X58,FIND("년",$W58:$X58)+1,FIND("개월",$W58:$X58)-FIND("년",$W58:$X58)-1)),12)&"개월" -> 3년0개월 | W58: 0년 0개월 | X58: =DATEDIF($D58,TODAY(),"y")&"년"&DATEDIF($D58,TODAY(),"ym")&"개월" -> 3년0개월 | Y58: 국가평생교육진흥원 | Z58: 사회복지 | AA58: 전문학사 | AB58: 42424 | AC58: =VALUE(LEFT($V58,FIND("년",$V58)-1)) -> 3 | AD58: =IF($ZE38="전문학사",IF($AC58<=8,"초급",IF($AC58<12,"중급",IF($AC58<15,"고급",IF($AC58>=15,"특급"))))) -> FALSE | AE58: =IF(ISNUMBER(SEARCH("산업기사",$AL58)),IF($AC58>=13,"특급",IF($AC58>=10,"고급",IF($AC58>=7,"중급","초급"))),IF(ISNUMBER(SEARCH("기사",$AJ58)),IF($AC58>=10,"특급",IF($AC58>=7,"고급",IF($AC58>=4,"중급","초급"))),"미해당")) -> 미해당 | AQ58: IT기획 및 품질관리 | AR58: 테스팅 엔지니어 | AS58: 기업은행 | AT58: 168-032246-01-017 | AU58: 부 | AV58: 010-4665-0165 | AW58: jm.park@tbell.co.kr | AX58: 경기도 | AY58: 군포시 | BA58: 산본로 299, 220동 904호(금정동, 주공아파트) | BB58: =IFERROR(VLOOKUP($AY58,[1]프로젝트현황!Y:Z,2,0),"기타") -> 서남권 | BC58: =(IF(AX58="","",AX58&" "))&(IF(AY58="","",AY58&" "))&(IF(AZ58="","",AZ58&" "))&AZE38 -> 경기도 군포시
A59: =ROW()-2 -> 57 | B59: 230207 | C59: 양하영 | D59: 44958 | E59: 44958 | H59: YANG, Ha yeong | I59: 980312-2216129 | J59: =LEFT(I59,6) -> 980312 | K59: =MID($I59,3,2) -> 03 | L59: =IF(OR(MID($I59,8,1)="1",MID($I59,8,1)="3"),"남자",IF(OR(MID($I59,8,1)="2",MID($I59,8,1)="4"),"여자","")) -> 여자 | M59: =YEAR(TODAY())-IF(OR(MID($I59,8,1)="1",MID($I59,8,1)="2"),19&LEFT($I59,2),IF(OR(MID($I59,8,1)="3",MID($I59,8,1)="4"),20&LEFT($I59,2),""))+1 -> 29 | N59: 양력 | O59: 한국 | P59: 010-3382-0869 | T59: TBELL | V59: =QUOTIENT(SUMPRODUCT(LEFT($W59:$X59,FIND("년",$W59:$X59)-1)*12+MID($W59:$X59,FIND("년",$W59:$X59)+1,FIND("개월",$W59:$X59)-FIND("년",$W59:$X59)-1)),12)&"년"&MOD(SUMPRODUCT(LEFT($W59:$X59,FIND("년",$W59:$X59)-1)*12+MID($W59:$X59,FIND("년",$W59:$X59)+1,FIND("개월",$W59:$X59)-FIND("년",$W59:$X59)-1)),12)&"개월" -> 3년0개월 | W59: 0년 0개월 | X59: =DATEDIF($D59,TODAY(),"y")&"년"&DATEDIF($D59,TODAY(),"ym")&"개월" -> 3년0개월 | Y59: 배화여자대학교 | Z59: 스마트IT과 | AA59: 전문학사 | AB59: 44974 | AC59: =VALUE(LEFT($V59,FIND("년",$V59)-1)) -> 3 | AD59: =IF($ZE39="전문학사",IF($AC59<=8,"초급",IF($AC59<12,"중급",IF($AC59<15,"고급",IF($AC59>=15,"특급"))))) -> FALSE | AE59: =IF(ISNUMBER(SEARCH("산업기사",$AL59)),IF($AC59>=13,"특급",IF($AC59>=10,"고급",IF($AC59>=7,"중급","초급"))),IF(ISNUMBER(SEARCH("기사",$AJ59)),IF($AC59>=10,"특급",IF($AC59>=7,"고급",IF($AC59>=4,"중급","초급"))),"미해당")) -> 미해당 | AF59: CSTS | AG59: 2023.03 | AQ59: IT기획 및 품질관리 | AR59: 테스팅 엔지니어 | AS59: 기업은행 | AT59: 660-005996-01-018 | AU59: 모 | AV59: 010-2869-2524 | AW59: ha.yang@tbell.co.kr | AX59: 경기도 | AY59: 용인시 | AZ59: 기흥구 | BA59: 덕영대로2077번길 8, 103동 402호(영덕동, 두진아파트) | BB59: =IFERROR(VLOOKUP($AY59,[1]프로젝트현황!Y:Z,2,0),"기타") -> 동남권 | BC59: =(IF(AX59="","",AX59&" "))&(IF(AY59="","",AY59&" "))&(IF(AZ59="","",AZ59&" "))&AZE39 -> 경기도 용인시 기흥구
A60: =ROW()-2 -> 58 | B60: 230208 | C60: 서보람 | D60: 44959 | E60: 44959 | H60: SEO, Boram | I60: 770716-1006218 | J60: =LEFT(I60,6) -> 770716 | K60: =MID($I60,3,2) -> 07 | L60: =IF(OR(MID($I60,8,1)="1",MID($I60,8,1)="3"),"남자",IF(OR(MID($I60,8,1)="2",MID($I60,8,1)="4"),"여자","")) -> 남자 | M60: =YEAR(TODAY())-IF(OR(MID($I60,8,1)="1",MID($I60,8,1)="2"),19&LEFT($I60,2),IF(OR(MID($I60,8,1)="3",MID($I60,8,1)="4"),20&LEFT($I60,2),""))+1 -> 50 | N60: 양력 | O60: 한국 | P60: 010-9059-5833 | R60: 유 | S60: 45270 | T60: TBELL | V60: =QUOTIENT(SUMPRODUCT(LEFT($W60:$X60,FIND("년",$W60:$X60)-1)*12+MID($W60:$X60,FIND("년",$W60:$X60)+1,FIND("개월",$W60:$X60)-FIND("년",$W60:$X60)-1)),12)&"년"&MOD(SUMPRODUCT(LEFT($W60:$X60,FIND("년",$W60:$X60)-1)*12+MID($W60:$X60,FIND("년",$W60:$X60)+1,FIND("개월",$W60:$X60)-FIND("년",$W60:$X60)-1)),12)&"개월" -> 23년5개월 | W60: 20년 5개월 | X60: =DATEDIF($D60,TODAY(),"y")&"년"&DATEDIF($D60,TODAY(),"ym")&"개월" -> 3년0개월 | Y60: 수원과학대학교 | Z60: 전기과 | AA60: 전문학사 | AB60: 35853 | AC60: =VALUE(LEFT($V60,FIND("년",$V60)-1)) -> 23 | AD60: =IF($AA60="전문학사",IF($AC60<=8,"초급",IF($AC60<12,"중급",IF($AC60<15,"고급",IF($AC60>=15,"특급"))))) -> 특급 | AE60: =IF(ISNUMBER(SEARCH("산업기사",$AL60)),IF($AC60>=13,"특급",IF($AC60>=10,"고급",IF($AC60>=7,"중급","초급"))),IF(ISNUMBER(SEARCH("기사",$AJ60)),IF($AC60>=10,"특급",IF($AC60>=7,"고급",IF($AC60>=4,"중급","초급"))),"미해당")) -> 미해당 | AN60: 네트워크관리사 컴퓨터그래픽스운용기능사 사무자동화산업기사 | AQ60: IT기획 및 품질관리 | AR60: 테스팅 엔지니어 | AS60: 기업은행 | AT60: 137-095120-01-016 | AU60: 처 | AV60: 010-8776-7408 | AW60: br.seo@tbell.co.kr | AX60: 서울시 | AY60: 구로구 | BA60: 신도림로 87, 105동 401호(신도림동, 신도림1차동아아파트) | BB60: =IFERROR(VLOOKUP($AY60,[1]프로젝트현황!Y:Z,2,0),"기타") -> 서남권 | BC60: =(IF(AX60="","",AX60&" "))&(IF(AY60="","",AY60&" "))&(IF(AZ60="","",AZ60&" "))&BA60 -> 서울시 구로구 신도림로 87, 105동 401호(신도림동, 신도림1차동아아파트)
A61: =ROW()-2 -> 59 | B61: 230302 | C61: 고민지 | D61: 44991 | E61: 44991 | H61: KO, Minji | I61: 010104-4666018 | J61: =LEFT(I61,6) -> 010104 | K61: =MID($I61,3,2) -> 01 | L61: =IF(OR(MID($I61,8,1)="1",MID($I61,8,1)="3"),"남자",IF(OR(MID($I61,8,1)="2",MID($I61,8,1)="4"),"여자","")) -> 여자 | M61: =YEAR(TODAY())-IF(OR(MID($I61,8,1)="1",MID($I61,8,1)="2"),19&LEFT($I61,2),IF(OR(MID($I61,8,1)="3",MID($I61,8,1)="4"),20&LEFT($I61,2),""))+1 -> 26 | N61: 양력 | O61: 한국 | P61: 010-2204-6592 | T61: TBELL | V61: =QUOTIENT(SUMPRODUCT(LEFT($W61:$X61,FIND("년",$W61:$X61)-1)*12+MID($W61:$X61,FIND("년",$W61:$X61)+1,FIND("개월",$W61:$X61)-FIND("년",$W61:$X61)-1)),12)&"년"&MOD(SUMPRODUCT(LEFT($W61:$X61,FIND("년",$W61:$X61)-1)*12+MID($W61:$X61,FIND("년",$W61:$X61)+1,FIND("개월",$W61:$X61)-FIND("년",$W61:$X61)-1)),12)&"개월" -> 2년11개월 | W61: 0년 0개월 | X61: =DATEDIF($D61,TODAY(),"y")&"년"&DATEDIF($D61,TODAY(),"ym")&"개월" -> 2년11개월 | Y61: 배화여자대학교 | Z61: 스마트IT과 | AA61: 학사 | AB61: 45338 | AC61: =VALUE(LEFT($V61,FIND("년",$V61)-1)) -> 2 | AD61: =IF($AA61="학사",IF($AC61<=5,"초급",IF($AC61<9,"중급",IF($AC61<12,"고급",IF($AC61>=12,"특급"))))) -> 초급 | AE61: =IF(ISNUMBER(SEARCH("산업기사",$AL61)),IF($AC61>=13,"특급",IF($AC61>=10,"고급",IF($AC61>=7,"중급","초급"))),IF(ISNUMBER(SEARCH("기사",$AJ61)),IF($AC61>=10,"특급",IF($AC61>=7,"고급",IF($AC61>=4,"중급","초급"))),"미해당")) -> 미해당 | AQ61: IT기획 및 품질관리 | AR61: 테스팅 엔지니어 | AS61: 기업은행 | AT61: 289-113313-01-011 | AU61: 모 | AV61: 010-7769-8115 | AW61: mj.ko@tbell.co.kr | AX61: 경기도 | AY61: 파주시 | BA61: 시청로 85, 209동 1202호 (아동동, 신안실크밸리2차아파트) | BB61: =IFERROR(VLOOKUP($AY61,[1]프로젝트현황!Y:Z,2,0),"기타") -> 서북권 | BC61: =(IF(AX61="","",AX61&" "))&(IF(AY61="","",AY61&" "))&(IF(AZ61="","",AZ61&" "))&BA61 -> 경기도 파주시 시청로 85, 209동 1202호 (아동동, 신안실크밸리2차아파트)
A62: =ROW()-2 -> 60 | B62: 230306 | C62: 김성현 | D62: 44991 | E62: 44991 | H62: KIM, Seonghyun | I62: 960201-1064916 | J62: =LEFT(I62,6) -> 960201 | K62: =MID($I62,3,2) -> 02 | L62: =IF(OR(MID($I62,8,1)="1",MID($I62,8,1)="3"),"남자",IF(OR(MID($I62,8,1)="2",MID($I62,8,1)="4"),"여자","")) -> 남자 | M62: =YEAR(TODAY())-IF(OR(MID($I62,8,1)="1",MID($I62,8,1)="2"),19&LEFT($I62,2),IF(OR(MID($I62,8,1)="3",MID($I62,8,1)="4"),20&LEFT($I62,2),""))+1 -> 31 | N62: 양력 | O62: 한국 | P62: 010-7676-5593 | R62: 유 | T62: TBELL | V62: =QUOTIENT(SUMPRODUCT(LEFT($W62:$X62,FIND("년",$W62:$X62)-1)*12+MID($W62:$X62,FIND("년",$W62:$X62)+1,FIND("개월",$W62:$X62)-FIND("년",$W62:$X62)-1)),12)&"년"&MOD(SUMPRODUCT(LEFT($W62:$X62,FIND("년",$W62:$X62)-1)*12+MID($W62:$X62,FIND("년",$W62:$X62)+1,FIND("개월",$W62:$X62)-FIND("년",$W62:$X62)-1)),12)&"개월" -> 4년2개월 | W62: 1년 3개월 | X62: =DATEDIF($D62,TODAY(),"y")&"년"&DATEDIF($D62,TODAY(),"ym")&"개월" -> 2년11개월 | Y62: 동양미래대학교 | Z62: 컴퓨터소프트웨어공학과 | AA62: 전문학사 | AB62: 44246 | AC62: =VALUE(LEFT($V62,FIND("년",$V62)-1)) -> 4 | AD62: =IF($AA62="전문학사",IF($AC62<=8,"초급",IF($AC62<12,"중급",IF($AC62<15,"고급",IF($AC62>=15,"특급"))))) -> 초급 | AE62: =IF(ISNUMBER(SEARCH("산업기사",$AL62)),IF($AC62>=13,"특급",IF($AC62>=10,"고급",IF($AC62>=7,"중급","초급"))),IF(ISNUMBER(SEARCH("기사",$AJ62)),IF($AC62>=10,"특급",IF($AC62>=7,"고급",IF($AC62>=4,"중급","초급"))),"미해당")) -> 미해당 | AH62: ISTQB | AI62: 45407 | AQ62: IT기획 및 품질관리 | AR62: 테스팅 엔지니어 | AS62: 기업은행 | AT62: 525-020665-01-013 | AU62: 처 | AV62: 010-2552-2450 | AW62: sh.kim@tbell.co.kr | AX62: 경기도 | AY62: 광주시 | BA62: 새말길 174-3, 202호 (신현동, 신촌하우스) | BB62: =IFERROR(VLOOKUP($AY62,[1]프로젝트현황!Y:Z,2,0),"기타") -> 동남권 | BC62: =(IF(AX62="","",AX62&" "))&(IF(AY62="","",AY62&" "))&(IF(AZ62="","",AZ62&" "))&BA62 -> 경기도 광주시 새말길 174-3, 202호 (신현동, 신촌하우스)
A63: =ROW()-2 -> 61 | B63: 230308 | C63: 온주환 | D63: 44991 | E63: 44991 | H63: ON, Joohwan | I63: 941219-1077313 | J63: =LEFT(I63,6) -> 941219 | K63: =MID($I63,3,2) -> 12 | L63: =IF(OR(MID($I63,8,1)="1",MID($I63,8,1)="3"),"남자",IF(OR(MID($I63,8,1)="2",MID($I63,8,1)="4"),"여자","")) -> 남자 | M63: =YEAR(TODAY())-IF(OR(MID($I63,8,1)="1",MID($I63,8,1)="2"),19&LEFT($I63,2),IF(OR(MID($I63,8,1)="3",MID($I63,8,1)="4"),20&LEFT($I63,2),""))+1 -> 33 | N63: 양력 | O63: 한국 | P63: 010-4006-8991 | T63: TBELL | V63: =QUOTIENT(SUMPRODUCT(LEFT($W63:$X63,FIND("년",$W63:$X63)-1)*12+MID($W63:$X63,FIND("년",$W63:$X63)+1,FIND("개월",$W63:$X63)-FIND("년",$W63:$X63)-1)),12)&"년"&MOD(SUMPRODUCT(LEFT($W63:$X63,FIND("년",$W63:$X63)-1)*12+MID($W63:$X63,FIND("년",$W63:$X63)+1,FIND("개월",$W63:$X63)-FIND("년",$W63:$X63)-1)),12)&"개월" -> 2년11개월 | W63: 0년 0개월 | X63: =DATEDIF($D63,TODAY(),"y")&"년"&DATEDIF($D63,TODAY(),"ym")&"개월" -> 2년11개월 | Y63: 단국대학교사범대학부속고등학교 | AA63: 고졸 | AB63: 41311 | AC63: =VALUE(LEFT($V63,FIND("년",$V63)-1)) -> 2 | AD63: =IF($AA63="고졸",IF($AC63<=11,"초급",IF($AC63<=14,"중급",IF($AC63<=17,"고급",IF($AC63>=18,"특급"))))) -> 초급 | AE63: =IF(ISNUMBER(SEARCH("산업기사",$AL63)),IF($AC63>=13,"특급",IF($AC63>=10,"고급",IF($AC63>=7,"중급","초급"))),IF(ISNUMBER(SEARCH("기사",$AJ63)),IF($AC63>=10,"특급",IF($AC63>=7,"고급",IF($AC63>=4,"중급","초급"))),"미해당")) -> 미해당 | AQ63: IT기획 및 품질관리 | AR63: 테스팅 엔지니어 | AS63: 기업은행 | AT63: 478-078831-02-011 | AU63: 모 | AV63: 010-9077-5684 | AW63: jh.on@tbell.co.kr | AX63: 경기도 | AY63: 용인시 | AZ63: 수지구 | BA63: 죽전로 121, 105동 1301호(죽전동, 꽃메마을아이파크) | BB63: =IFERROR(VLOOKUP($AY63,[1]프로젝트현황!Y:Z,2,0),"기타") -> 동남권 | BC63: =(IF(AX63="","",AX63&" "))&(IF(AY63="","",AY63&" "))&(IF(AZ63="","",AZ63&" "))&BA63 -> 경기도 용인시 수지구 죽전로 121, 105동 1301호(죽전동, 꽃메마을아이파크)
A64: =ROW()-2 -> 62 | B64: 230310 | C64: 안소현 | D64: 44991 | E64: 44991 | H64: AHN, Sohyun | I64: 940127-2051215 | J64: =LEFT(I64,6) -> 940127 | K64: =MID($I64,3,2) -> 01 | L64: =IF(OR(MID($I64,8,1)="1",MID($I64,8,1)="3"),"남자",IF(OR(MID($I64,8,1)="2",MID($I64,8,1)="4"),"여자","")) -> 여자 | M64: =YEAR(TODAY())-IF(OR(MID($I64,8,1)="1",MID($I64,8,1)="2"),19&LEFT($I64,2),IF(OR(MID($I64,8,1)="3",MID($I64,8,1)="4"),20&LEFT($I64,2),""))+1 -> 33 | N64: 양력 | O64: 한국 | P64: 010-8256-0355 | T64: TBELL | V64: =QUOTIENT(SUMPRODUCT(LEFT($W64:$X64,FIND("년",$W64:$X64)-1)*12+MID($W64:$X64,FIND("년",$W64:$X64)+1,FIND("개월",$W64:$X64)-FIND("년",$W64:$X64)-1)),12)&"년"&MOD(SUMPRODUCT(LEFT($W64:$X64,FIND("년",$W64:$X64)-1)*12+MID($W64:$X64,FIND("년",$W64:$X64)+1,FIND("개월",$W64:$X64)-FIND("년",$W64:$X64)-1)),12)&"개월" -> 2년11개월 | W64: 0년 0개월 | X64: =DATEDIF($D64,TODAY(),"y")&"년"&DATEDIF($D64,TODAY(),"ym")&"개월" -> 2년11개월 | Y64: 한성여자고등학교 | AA64: 고졸 | AB64: 40948 | AC64: =VALUE(LEFT($V64,FIND("년",$V64)-1)) -> 2 | AD64: =IF($AA64="고졸",IF($AC64<=11,"초급",IF($AC64<=14,"중급",IF($AC64<=17,"고급",IF($AC64>=18,"특급"))))) -> 초급 | AE64: =IF(ISNUMBER(SEARCH("산업기사",$AL64)),IF($AC64>=13,"특급",IF($AC64>=10,"고급",IF($AC64>=7,"중급","초급"))),IF(ISNUMBER(SEARCH("기사",$AJ64)),IF($AC64>=10,"특급",IF($AC64>=7,"고급",IF($AC64>=4,"중급","초급"))),"미해당")) -> 초급 | AL64: 정보처리산업기사 | AM64: 44918 | AQ64: IT기획 및 품질관리 | AR64: 테스팅 엔지니어 | AS64: 기업은행 | AT64: 022-116892-01-012 | AU64: 모 | AV64: 010-8756-0355 | AW64: sh.ahn@tbell.co.kr | AX64: 서울시 | AY64: 종로구 | BA64: 지봉로14길 8-1, 4층(숭인동) | BB64: =IFERROR(VLOOKUP($AY64,[1]프로젝트현황!Y:Z,2,0),"기타") -> 서북권 | BC64: =(IF(AX64="","",AX64&" "))&(IF(AY64="","",AY64&" "))&(IF(AZ64="","",AZ64&" "))&BA64 -> 서울시 종로구 지봉로14길 8-1, 4층(숭인동)
A65: =ROW()-2 -> 63 | B65: 230312 | C65: 여지은 | D65: 44991 | E65: 44991 | H65: YEO, Jieun | I65: 820530-2011749 | J65: =LEFT(I65,6) -> 820530 | K65: =MID($I65,3,2) -> 05 | L65: =IF(OR(MID($I65,8,1)="1",MID($I65,8,1)="3"),"남자",IF(OR(MID($I65,8,1)="2",MID($I65,8,1)="4"),"여자","")) -> 여자 | M65: =YEAR(TODAY())-IF(OR(MID($I65,8,1)="1",MID($I65,8,1)="2"),19&LEFT($I65,2),IF(OR(MID($I65,8,1)="3",MID($I65,8,1)="4"),20&LEFT($I65,2),""))+1 -> 45 | N65: 양력 | O65: 한국 | P65: 010-2049-1328 | R65: 유 | T65: TBELL | V65: =QUOTIENT(SUMPRODUCT(LEFT($W65:$X65,FIND("년",$W65:$X65)-1)*12+MID($W65:$X65,FIND("년",$W65:$X65)+1,FIND("개월",$W65:$X65)-FIND("년",$W65:$X65)-1)),12)&"년"&MOD(SUMPRODUCT(LEFT($W65:$X65,FIND("년",$W65:$X65)-1)*12+MID($W65:$X65,FIND("년",$W65:$X65)+1,FIND("개월",$W65:$X65)-FIND("년",$W65:$X65)-1)),12)&"개월" -> 2년11개월 | W65: 0년 0개월 | X65: =DATEDIF($D65,TODAY(),"y")&"년"&DATEDIF($D65,TODAY(),"ym")&"개월" -> 2년11개월 | Y65: 광운대학교 | Z65: 일본학과 | AA65: 학사 | AB65: 39315 | AC65: =VALUE(LEFT($V65,FIND("년",$V65)-1)) -> 2 | AD65: =IF($AA65="학사",IF($AC65<=5,"초급",IF($AC65<9,"중급",IF($AC65<12,"고급",IF($AC65>=12,"특급"))))) -> 초급 | AE65: =IF(ISNUMBER(SEARCH("산업기사",$AL65)),IF($AC65>=13,"특급",IF($AC65>=10,"고급",IF($AC65>=7,"중급","초급"))),IF(ISNUMBER(SEARCH("기사",$AJ65)),IF($AC65>=10,"특급",IF($AC65>=7,"고급",IF($AC65>=4,"중급","초급"))),"미해당")) -> 초급 | AJ65: 정보처리기사 | AK65: 37963 | AN65: 컴퓨터활용2급 | AQ65: IT기획 및 품질관리 | AR65: 테스팅 엔지니어 | AS65: 기업은행 | AT65: 216-116905-01-017 | AU65: 배우자 | AV65: 010-8845-4717 | AW65: je.yeo@tbell.co.kr | AX65: 서울시 | AY65: 중랑구 | BA65: 사가정로72길 26, 107동 303호 (면목동, 한양수자인사가정파트) | BB65: =IFERROR(VLOOKUP($AY65,[1]프로젝트현황!Y:Z,2,0),"기타") -> 동북권 | BC65: =(IF(AX65="","",AX65&" "))&(IF(AY65="","",AY65&" "))&(IF(AZ65="","",AZ65&" "))&BA65 -> 서울시 중랑구 사가정로72길 26, 107동 303호 (면목동, 한양수자인사가정파트)
A66: =ROW()-2 -> 64 | B66: 230314 | C66: 홍원정 | D66: 44991 | E66: 44991 | H66: HONG, Wonjeong | I66: 951225-2203311 | J66: =LEFT(I66,6) -> 951225 | K66: =MID($I66,3,2) -> 12 | L66: =IF(OR(MID($I66,8,1)="1",MID($I66,8,1)="3"),"남자",IF(OR(MID($I66,8,1)="2",MID($I66,8,1)="4"),"여자","")) -> 여자 | M66: =YEAR(TODAY())-IF(OR(MID($I66,8,1)="1",MID($I66,8,1)="2"),19&LEFT($I66,2),IF(OR(MID($I66,8,1)="3",MID($I66,8,1)="4"),20&LEFT($I66,2),""))+1 -> 32 | N66: 양력 | O66: 한국 | P66: 010-2867-9578 | T66: TBELL | V66: =QUOTIENT(SUMPRODUCT(LEFT($W66:$X66,FIND("년",$W66:$X66)-1)*12+MID($W66:$X66,FIND("년",$W66:$X66)+1,FIND("개월",$W66:$X66)-FIND("년",$W66:$X66)-1)),12)&"년"&MOD(SUMPRODUCT(LEFT($W66:$X66,FIND("년",$W66:$X66)-1)*12+MID($W66:$X66,FIND("년",$W66:$X66)+1,FIND("개월",$W66:$X66)-FIND("년",$W66:$X66)-1)),12)&"개월" -> 2년11개월 | W66: 0년 0개월 | X66: =DATEDIF($D66,TODAY(),"y")&"년"&DATEDIF($D66,TODAY(),"ym")&"개월" -> 2년11개월 | Y66: 한양여자대학교 | Z66: 실무일본어학과 | AA66: 학사 | AB66: 43861 | AC66: =VALUE(LEFT($V66,FIND("년",$V66)-1)) -> 2 | AD66: =IF($AA66="학사",IF($AC66<=5,"초급",IF($AC66<9,"중급",IF($AC66<12,"고급",IF($AC66>=12,"특급"))))) -> 초급 | AE66: =IF(ISNUMBER(SEARCH("산업기사",$AL66)),IF($AC66>=13,"특급",IF($AC66>=10,"고급",IF($AC66>=7,"중급","초급"))),IF(ISNUMBER(SEARCH("기사",$AJ66)),IF($AC66>=10,"특급",IF($AC66>=7,"고급",IF($AC66>=4,"중급","초급"))),"미해당")) -> 초급 | AH66: ISTQB | AI66: 2024-01-11 | AL66: 정보처리산업기사 | AM66: 44147 | AQ66: IT기획 및 품질관리 | AR66: 테스팅 엔지니어 | AS66: 기업은행 | AT66: 216-106135-01-013 | AU66: 모 | AV66: 010-5638-8597 | AW66: wj.hong@tbell.co.kr | AX66: 경기도 | AY66: 화성시 | BA66: 병점노을1로 14, 화정병점주택 104동 603호 | BB66: =IFERROR(VLOOKUP($AY66,[1]프로젝트현황!Y:Z,2,0),"기타") -> 서남권 | BC66: =(IF(AX66="","",AX66&" "))&(IF(AY66="","",AY66&" "))&(IF(AZ66="","",AZ66&" "))&BA66 -> 경기도 화성시 병점노을1로 14, 화정병점주택 104동 603호
A67: =ROW()-2 -> 65 | B67: 230316 | C67: 박명일 | D67: 45012 | E67: 45012 | H67: PARK, Myoungil | I67: 820919-1067731 | J67: =LEFT(I67,6) -> 820919 | K67: =MID($I67,3,2) -> 09 | L67: =IF(OR(MID($I67,8,1)="1",MID($I67,8,1)="3"),"남자",IF(OR(MID($I67,8,1)="2",MID($I67,8,1)="4"),"여자","")) -> 남자 | M67: =YEAR(TODAY())-IF(OR(MID($I67,8,1)="1",MID($I67,8,1)="2"),19&LEFT($I67,2),IF(OR(MID($I67,8,1)="3",MID($I67,8,1)="4"),20&LEFT($I67,2),""))+1 -> 45 | N67: 양력 | O67: 한국 | P67: 010-9140-9921 | T67: TBELL | V67: =QUOTIENT(SUMPRODUCT(LEFT($W67:$X67,FIND("년",$W67:$X67)-1)*12+MID($W67:$X67,FIND("년",$W67:$X67)+1,FIND("개월",$W67:$X67)-FIND("년",$W67:$X67)-1)),12)&"년"&MOD(SUMPRODUCT(LEFT($W67:$X67,FIND("년",$W67:$X67)-1)*12+MID($W67:$X67,FIND("년",$W67:$X67)+1,FIND("개월",$W67:$X67)-FIND("년",$W67:$X67)-1)),12)&"개월" -> 17년8개월 | W67: 14년 10개월 | X67: =DATEDIF($D67,TODAY(),"y")&"년"&DATEDIF($D67,TODAY(),"ym")&"개월" -> 2년10개월 | Y67: 서초전자공업고등하교 | Z67: 전자과 | AA67: 고졸 | AB67: 36935 | AC67: =VALUE(LEFT($V67,FIND("년",$V67)-1)) -> 17 | AD67: =IF($AA67="고졸",IF($AC67<=11,"초급",IF($AC67<=14,"중급",IF($AC67<=17,"고급",IF($AC67>=18,"특급"))))) -> 고급 | AE67: =IF(ISNUMBER(SEARCH("산업기사",$AL67)),IF($AC67>=13,"특급",IF($AC67>=10,"고급",IF($AC67>=7,"중급","초급"))),IF(ISNUMBER(SEARCH("기사",$AJ67)),IF($AC67>=10,"특급",IF($AC67>=7,"고급",IF($AC67>=4,"중급","초급"))),"미해당")) -> 미해당 | AQ67: IT기획 및 품질관리 | AR67: 테스팅 엔지니어 | AS67: 기업은행 | AT67: 478-078936-01-012 | AU67: 모 | AV67: 010-8268-1737 | AW67: mi.park@tbell.co.kr | AX67: 서울시 | AY67: 관악구 | BA67: 관악로37길 20, 201동 508호(봉천동, 봉천동아아파트) | BB67: =IFERROR(VLOOKUP($AY67,[1]프로젝트현황!Y:Z,2,0),"기타") -> 서남권 | BC67: =(IF(AX67="","",AX67&" "))&(IF(AY67="","",AY67&" "))&(IF(AZ67="","",AZ67&" "))&BA67 -> 서울시 관악구 관악로37길 20, 201동 508호(봉천동, 봉천동아아파트)
A68: =ROW()-2 -> 66 | B68: 230401 | C68: 정재형 | D68: 45019 | E68: 45019 | H68: JEONG, Jaehyeong | I68: 930212-1012212 | J68: =LEFT(I68,6) -> 930212 | K68: =MID($I68,3,2) -> 02 | L68: =IF(OR(MID($I68,8,1)="1",MID($I68,8,1)="3"),"남자",IF(OR(MID($I68,8,1)="2",MID($I68,8,1)="4"),"여자","")) -> 남자 | M68: =YEAR(TODAY())-IF(OR(MID($I68,8,1)="1",MID($I68,8,1)="2"),19&LEFT($I68,2),IF(OR(MID($I68,8,1)="3",MID($I68,8,1)="4"),20&LEFT($I68,2),""))+1 -> 34 | N68: 양력 | O68: 한국 | P68: 010-9364-6881 | T68: TBELL | V68: =QUOTIENT(SUMPRODUCT(LEFT($W68:$X68,FIND("년",$W68:$X68)-1)*12+MID($W68:$X68,FIND("년",$W68:$X68)+1,FIND("개월",$W68:$X68)-FIND("년",$W68:$X68)-1)),12)&"년"&MOD(SUMPRODUCT(LEFT($W68:$X68,FIND("년",$W68:$X68)-1)*12+MID($W68:$X68,FIND("년",$W68:$X68)+1,FIND("개월",$W68:$X68)-FIND("년",$W68:$X68)-1)),12)&"개월" -> 5년0개월 | W68: 2년 2개월 | X68: =DATEDIF($D68,TODAY(),"y")&"년"&DATEDIF($D68,TODAY(),"ym")&"개월" -> 2년10개월 | Y68: 서일대학교 | Z68: 정보통신과 | AA68: 전문학사 | AB68: 43139 | AC68: =VALUE(LEFT($V68,FIND("년",$V68)-1)) -> 5 | AD68: =IF($AA68="전문학사",IF($AC68<=8,"초급",IF($AC68<12,"중급",IF($AC68<15,"고급",IF($AC68>=15,"특급"))))) -> 초급 | AE68: =IF(ISNUMBER(SEARCH("산업기사",$AL68)),IF($AC68>=13,"특급",IF($AC68>=10,"고급",IF($AC68>=7,"중급","초급"))),IF(ISNUMBER(SEARCH("기사",$AJ68)),IF($AC68>=10,"특급",IF($AC68>=7,"고급",IF($AC68>=4,"중급","초급"))),"미해당")) -> 미해당 | AQ68: IT기획 및 품질관리 | AR68: 테스팅 엔지니어 | AS68: 기업은행 | AT68: 014-139504-02-016 | AU68: 모 | AV68: 010-8711-6881 | AW68: jh.jeong@tbell.co.kr | AX68: 서울시 | AY68: 중랑구 | BA68: 상봉로1길 31-6(면목동) | BB68: =IFERROR(VLOOKUP($AY68,[1]프로젝트현황!Y:Z,2,0),"기타") -> 동북권 | BC68: =(IF(AX68="","",AX68&" "))&(IF(AY68="","",AY68&" "))&(IF(AZ68="","",AZ68&" "))&BA68 -> 서울시 중랑구 상봉로1길 31-6(면목동)
A69: =ROW()-2 -> 67 | B69: 230404 | C69: 신혜은 | D69: 45019 | E69: 45019 | H69: SHIN, Hyeeun | I69: 990904-2932415 | J69: =LEFT(I69,6) -> 990904 | K69: =MID($I69,3,2) -> 09 | L69: =IF(OR(MID($I69,8,1)="1",MID($I69,8,1)="3"),"남자",IF(OR(MID($I69,8,1)="2",MID($I69,8,1)="4"),"여자","")) -> 여자 | M69: =YEAR(TODAY())-IF(OR(MID($I69,8,1)="1",MID($I69,8,1)="2"),19&LEFT($I69,2),IF(OR(MID($I69,8,1)="3",MID($I69,8,1)="4"),20&LEFT($I69,2),""))+1 -> 28 | N69: 양력 | O69: 한국 | P69: 010-3078-4232 | T69: TBELL | V69: =QUOTIENT(SUMPRODUCT(LEFT($W69:$X69,FIND("년",$W69:$X69)-1)*12+MID($W69:$X69,FIND("년",$W69:$X69)+1,FIND("개월",$W69:$X69)-FIND("년",$W69:$X69)-1)),12)&"년"&MOD(SUMPRODUCT(LEFT($W69:$X69,FIND("년",$W69:$X69)-1)*12+MID($W69:$X69,FIND("년",$W69:$X69)+1,FIND("개월",$W69:$X69)-FIND("년",$W69:$X69)-1)),12)&"개월" -> 3년6개월 | W69: 0년 8개월 | X69: =DATEDIF($D69,TODAY(),"y")&"년"&DATEDIF($D69,TODAY(),"ym")&"개월" -> 2년10개월 | Y69: 목표대학교 | Z69: 융합소프트웨어학과 | AA69: 학사 | AB69: 44979 | AC69: =VALUE(LEFT($V69,FIND("년",$V69)-1)) -> 3 | AD69: =IF($AA69="학사",IF($AC69<=5,"초급",IF($AC69<9,"중급",IF($AC69<12,"고급",IF($AC69>=12,"특급"))))) -> 초급 | AE69: =IF(ISNUMBER(SEARCH("산업기사",$AL69)),IF($AC69>=13,"특급",IF($AC69>=10,"고급",IF($AC69>=7,"중급","초급"))),IF(ISNUMBER(SEARCH("기사",$AJ69)),IF($AC69>=10,"특급",IF($AC69>=7,"고급",IF($AC69>=4,"중급","초급"))),"미해당")) -> 미해당 | AQ69: IT기획 및 품질관리 | AR69: 테스팅 엔지니어 | AS69: 기업은행 | AT69: 315-085677-02-014 | AU69: 모 | AV69: 010-3697-4232 | AW69: he.shin@tbell.co.kr | AX69: 서울시 | AY69: 동작구 | BA69: 동작대로9다길 24(사당동) | BB69: =IFERROR(VLOOKUP($AY69,[1]프로젝트현황!Y:Z,2,0),"기타") -> 서남권 | BC69: =(IF(AX69="","",AX69&" "))&(IF(AY69="","",AY69&" "))&(IF(AZ69="","",AZ69&" "))&BA69 -> 서울시 동작구 동작대로9다길 24(사당동)
A70: =ROW()-2 -> 68 | B70: 230502 | C70: 이성미 | D70: 45064 | E70: 45064 | H70: LEE, Sungmi | I70: 770123-2768218 | J70: =LEFT(I70,6) -> 770123 | K70: =MID($I70,3,2) -> 01 | L70: =IF(OR(MID($I70,8,1)="1",MID($I70,8,1)="3"),"남자",IF(OR(MID($I70,8,1)="2",MID($I70,8,1)="4"),"여자","")) -> 여자 | M70: =YEAR(TODAY())-IF(OR(MID($I70,8,1)="1",MID($I70,8,1)="2"),19&LEFT($I70,2),IF(OR(MID($I70,8,1)="3",MID($I70,8,1)="4"),20&LEFT($I70,2),""))+1 -> 50 | N70: 양력 | O70: 한국 | P70: 010-9372-8244 | T70: TBELL | V70: =QUOTIENT(SUMPRODUCT(LEFT($W70:$X70,FIND("년",$W70:$X70)-1)*12+MID($W70:$X70,FIND("년",$W70:$X70)+1,FIND("개월",$W70:$X70)-FIND("년",$W70:$X70)-1)),12)&"년"&MOD(SUMPRODUCT(LEFT($W70:$X70,FIND("년",$W70:$X70)-1)*12+MID($W70:$X70,FIND("년",$W70:$X70)+1,FIND("개월",$W70:$X70)-FIND("년",$W70:$X70)-1)),12)&"개월" -> 14년2개월 | W70: 11년 6개월 | X70: =DATEDIF($D70,TODAY(),"y")&"년"&DATEDIF($D70,TODAY(),"ym")&"개월" -> 2년8개월 | Y70: 경북대학교 | Z70: 정보통신공학전공 | AA70: 학사 | AB70: 36581 | AC70: =VALUE(LEFT($V70,FIND("년",$V70)-1)) -> 14 | AD70: =IF($AA70="학사",IF($AC70<=5,"초급",IF($AC70<9,"중급",IF($AC70<12,"고급",IF($AC70>=12,"특급"))))) -> 특급 | AE70: =IF(ISNUMBER(SEARCH("산업기사",$AL70)),IF($AC70>=13,"특급",IF($AC70>=10,"고급",IF($AC70>=7,"중급","초급"))),IF(ISNUMBER(SEARCH("기사",$AJ70)),IF($AC70>=10,"특급",IF($AC70>=7,"고급",IF($AC70>=4,"중급","초급"))),"미해당")) -> 미해당 | AH70: ISTQB | AI70: 45029 | AQ70: IT기획 및 품질관리 | AR70: 테스팅 엔지니어 | AS70: 기업은행 | AT70: 421-048358-01-017 | AU70: 배우자 | AV70: 010-3080-8244 | AW70: sm.lee@tbell.co.kr | AX70: 경기도 | AY70: 용인시 | AZ70: 수지구 | BA70: 진산로 24, 119동 803호 (상현동, 진산마을성원상떼빌아파트) | BB70: =IFERROR(VLOOKUP($AY70,[1]프로젝트현황!Y:Z,2,0),"기타") -> 동남권 | BC70: =(IF(AX70="","",AX70&" "))&(IF(AY70="","",AY70&" "))&(IF(AZ70="","",AZ70&" "))&BA70 -> 경기도 용인시 수지구 진산로 24, 119동 803호 (상현동, 진산마을성원상떼빌아파트)
A71: =ROW()-2 -> 69 | B71: 230503 | C71: 노미숙 | D71: 45076 | E71: 45076 | H71: NOH, Misook | I71: 790206-2031810 | J71: =LEFT(I71,6) -> 790206 | K71: =MID($I71,3,2) -> 02 | L71: =IF(OR(MID($I71,8,1)="1",MID($I71,8,1)="3"),"남자",IF(OR(MID($I71,8,1)="2",MID($I71,8,1)="4"),"여자","")) -> 여자 | M71: =YEAR(TODAY())-IF(OR(MID($I71,8,1)="1",MID($I71,8,1)="2"),19&LEFT($I71,2),IF(OR(MID($I71,8,1)="3",MID($I71,8,1)="4"),20&LEFT($I71,2),""))+1 -> 48 | N71: 양력 | O71: 한국 | P71: 010-3015-1128 | T71: TBELL | V71: =QUOTIENT(SUMPRODUCT(LEFT($W71:$X71,FIND("년",$W71:$X71)-1)*12+MID($W71:$X71,FIND("년",$W71:$X71)+1,FIND("개월",$W71:$X71)-FIND("년",$W71:$X71)-1)),12)&"년"&MOD(SUMPRODUCT(LEFT($W71:$X71,FIND("년",$W71:$X71)-1)*12+MID($W71:$X71,FIND("년",$W71:$X71)+1,FIND("개월",$W71:$X71)-FIND("년",$W71:$X71)-1)),12)&"개월" -> 2년8개월 | W71: 0년 0개월 | X71: =DATEDIF($D71,TODAY(),"y")&"년"&DATEDIF($D71,TODAY(),"ym")&"개월" -> 2년8개월 | Y71: 한양여자대학교 | Z71: 전산정보처리과 | AA71: 전문학사 | AB71: 36203 | AC71: =VALUE(LEFT($V71,FIND("년",$V71)-1)) -> 2 | AD71: =IF($AA71="전문학사",IF($AC71<=8,"초급",IF($AC71<12,"중급",IF($AC71<15,"고급",IF($AC71>=15,"특급"))))) -> 초급 | AE71: =IF(ISNUMBER(SEARCH("산업기사",$AL71)),IF($AC71>=13,"특급",IF($AC71>=10,"고급",IF($AC71>=7,"중급","초급"))),IF(ISNUMBER(SEARCH("기사",$AJ71)),IF($AC71>=10,"특급",IF($AC71>=7,"고급",IF($AC71>=4,"중급","초급"))),"미해당")) -> 미해당 | AF71: CSTS | AG71: 45157 | AQ71: IT기획 및 품질관리 | AR71: 테스팅 엔지니어 | AS71: 기업은행 | AT71: 540-030488-01-014 | AU71: 배우자 | AV71: 010-3014-1117 | AW71: ms.noh@tbell.co.kr | AX71: 경기도 | AY71: 김포시 | BA71: 태장로845,135동 1302호(장기동, 한강센트럴자이) | BB71: =IFERROR(VLOOKUP($AY71,[1]프로젝트현황!Y:Z,2,0),"기타") -> 서남권 | BC71: =(IF(AX71="","",AX71&" "))&(IF(AY71="","",AY71&" "))&(IF(AZ71="","",AZ71&" "))&BA71 -> 경기도 김포시 태장로845,135동 1302호(장기동, 한강센트럴자이)
A72: =ROW()-2 -> 70 | B72: 230504 | C72: 김의원 | D72: 45076 | E72: 45076 | H72: KIM, Euiwon | I72: 910809-1066810 | J72: =LEFT(I72,6) -> 910809 | K72: =MID($I72,3,2) -> 08 | L72: =IF(OR(MID($I72,8,1)="1",MID($I72,8,1)="3"),"남자",IF(OR(MID($I72,8,1)="2",MID($I72,8,1)="4"),"여자","")) -> 남자 | M72: =YEAR(TODAY())-IF(OR(MID($I72,8,1)="1",MID($I72,8,1)="2"),19&LEFT($I72,2),IF(OR(MID($I72,8,1)="3",MID($I72,8,1)="4"),20&LEFT($I72,2),""))+1 -> 36 | N72: 양력 | O72: 한국 | P72: 010-3342-8663 | T72: TBELL | V72: =QUOTIENT(SUMPRODUCT(LEFT($W72:$X72,FIND("년",$W72:$X72)-1)*12+MID($W72:$X72,FIND("년",$W72:$X72)+1,FIND("개월",$W72:$X72)-FIND("년",$W72:$X72)-1)),12)&"년"&MOD(SUMPRODUCT(LEFT($W72:$X72,FIND("년",$W72:$X72)-1)*12+MID($W72:$X72,FIND("년",$W72:$X72)+1,FIND("개월",$W72:$X72)-FIND("년",$W72:$X72)-1)),12)&"개월" -> 7년1개월 | W72: 4년 5개월 | X72: =DATEDIF($D72,TODAY(),"y")&"년"&DATEDIF($D72,TODAY(),"ym")&"개월" -> 2년8개월 | Y72: 강원대학교 | Z72: 신소재공학과 | AA72: 학사 | AB72: 42788 | AC72: =VALUE(LEFT($V72,FIND("년",$V72)-1)) -> 7 | AD72: =IF($AA72="학사",IF($AC72<=5,"초급",IF($AC72<9,"중급",IF($AC72<12,"고급",IF($AC72>=12,"특급"))))) -> 중급 | AE72: =IF(ISNUMBER(SEARCH("산업기사",$AL72)),IF($AC72>=13,"특급",IF($AC72>=10,"고급",IF($AC72>=7,"중급","초급"))),IF(ISNUMBER(SEARCH("기사",$AJ72)),IF($AC72>=10,"특급",IF($AC72>=7,"고급",IF($AC72>=4,"중급","초급"))),"미해당")) -> 미해당 | AH72: ISTQB | AI72: 45267 | AQ72: IT기획 및 품질관리 | AR72: 테스팅 엔지니어 | AS72: 기업은행 | AT72: 078-200820-01-017 | AU72: 모 | AV72: 010-5501-8663 | AW72: ew.kim@tbell.co.kr | AX72: 경기도 | AY72: 남양주시 | BA72: 경춘로1015번길 26-5, 103동 108호 (금곡동, 한림주택) | BB72: =IFERROR(VLOOKUP($AY72,[1]프로젝트현황!Y:Z,2,0),"기타") -> 동북권 | BC72: =(IF(AX72="","",AX72&" "))&(IF(AY72="","",AY72&" "))&(IF(AZ72="","",AZ72&" "))&BA72 -> 경기도 남양주시 경춘로1015번길 26-5, 103동 108호 (금곡동, 한림주택)
A73: =ROW()-2 -> 71 | B73: 230604 | C73: 박서현 | D73: 45084 | E73: 45084 | H73: PARK, Seohyun | I73: 960124-2150011 | J73: =LEFT(I73,6) -> 960124 | K73: =MID($I73,3,2) -> 01 | L73: =IF(OR(MID($I73,8,1)="1",MID($I73,8,1)="3"),"남자",IF(OR(MID($I73,8,1)="2",MID($I73,8,1)="4"),"여자","")) -> 여자 | M73: =YEAR(TODAY())-IF(OR(MID($I73,8,1)="1",MID($I73,8,1)="2"),19&LEFT($I73,2),IF(OR(MID($I73,8,1)="3",MID($I73,8,1)="4"),20&LEFT($I73,2),""))+1 -> 31 | N73: 양력 | O73: 한국 | P73: 010-4160-5753 | T73: TBELL | V73: =QUOTIENT(SUMPRODUCT(LEFT($W73:$X73,FIND("년",$W73:$X73)-1)*12+MID($W73:$X73,FIND("년",$W73:$X73)+1,FIND("개월",$W73:$X73)-FIND("년",$W73:$X73)-1)),12)&"년"&MOD(SUMPRODUCT(LEFT($W73:$X73,FIND("년",$W73:$X73)-1)*12+MID($W73:$X73,FIND("년",$W73:$X73)+1,FIND("개월",$W73:$X73)-FIND("년",$W73:$X73)-1)),12)&"개월" -> 3년7개월 | W73: 0년 11개월 | X73: =DATEDIF($D73,TODAY(),"y")&"년"&DATEDIF($D73,TODAY(),"ym")&"개월" -> 2년8개월 | Y73: 인천재능대학교 | Z73: 정보통신과 | AA73: 전문학사 | AB73: 43144 | AC73: =VALUE(LEFT($V73,FIND("년",$V73)-1)) -> 3 | AD73: =IF($AA73="전문학사",IF($AC73<=8,"초급",IF($AC73<12,"중급",IF($AC73<15,"고급",IF($AC73>=15,"특급"))))) -> 초급 | AE73: =IF(ISNUMBER(SEARCH("산업기사",$AL73)),IF($AC73>=13,"특급",IF($AC73>=10,"고급",IF($AC73>=7,"중급","초급"))),IF(ISNUMBER(SEARCH("기사",$AJ73)),IF($AC73>=10,"특급",IF($AC73>=7,"고급",IF($AC73>=4,"중급","초급"))),"미해당")) -> 미해당 | AQ73: IT기획 및 품질관리 | AR73: 테스팅 엔지니어 | AS73: 기업은행 | AT73: 955-021115-01-018 | AU73: 모 | AV73: 010-4093-5753 | AW73: seohyun.park@tbell.co.kr | AX73: 인천시 | AY73: 서구 | BA73: 청라한울로 95, 310동 2402호(청라동, 청라제일풍경채) | BB73: =IFERROR(VLOOKUP($AY73,[1]프로젝트현황!Y:Z,2,0),"기타") -> 서남권 | BC73: =(IF(AX73="","",AX73&" "))&(IF(AY73="","",AY73&" "))&(IF(AZ73="","",AZ73&" "))&BA73 -> 인천시 서구 청라한울로 95, 310동 2402호(청라동, 청라제일풍경채)
A74: =ROW()-2 -> 72 | B74: 230605 | C74: 최성주 | D74: 45089 | E74: 45089 | H74: CHOI, Sungju | I74: 951015-1173729 | J74: =LEFT(I74,6) -> 951015 | K74: =MID($I74,3,2) -> 10 | L74: =IF(OR(MID($I74,8,1)="1",MID($I74,8,1)="3"),"남자",IF(OR(MID($I74,8,1)="2",MID($I74,8,1)="4"),"여자","")) -> 남자 | M74: =YEAR(TODAY())-IF(OR(MID($I74,8,1)="1",MID($I74,8,1)="2"),19&LEFT($I74,2),IF(OR(MID($I74,8,1)="3",MID($I74,8,1)="4"),20&LEFT($I74,2),""))+1 -> 32 | N74: 양력 | O74: 한국 | P74: 010-9957-5119 | T74: TBELL | V74: =QUOTIENT(SUMPRODUCT(LEFT($W74:$X74,FIND("년",$W74:$X74)-1)*12+MID($W74:$X74,FIND("년",$W74:$X74)+1,FIND("개월",$W74:$X74)-FIND("년",$W74:$X74)-1)),12)&"년"&MOD(SUMPRODUCT(LEFT($W74:$X74,FIND("년",$W74:$X74)-1)*12+MID($W74:$X74,FIND("년",$W74:$X74)+1,FIND("개월",$W74:$X74)-FIND("년",$W74:$X74)-1)),12)&"개월" -> 2년7개월 | W74: 0년 0개월 | X74: =DATEDIF($D74,TODAY(),"y")&"년"&DATEDIF($D74,TODAY(),"ym")&"개월" -> 2년7개월 | Y74: 송현고등학교 | AA74: 고졸 | AB74: 41681 | AC74: =VALUE(LEFT($V74,FIND("년",$V74)-1)) -> 2 | AD74: =IF($AA74="고졸",IF($AC74<=11,"초급",IF($AC74<=14,"중급",IF($AC74<=17,"고급",IF($AC74>=18,"특급"))))) -> 초급 | AE74: =IF(ISNUMBER(SEARCH("산업기사",$AL74)),IF($AC74>=13,"특급",IF($AC74>=10,"고급",IF($AC74>=7,"중급","초급"))),IF(ISNUMBER(SEARCH("기사",$AJ74)),IF($AC74>=10,"특급",IF($AC74>=7,"고급",IF($AC74>=4,"중급","초급"))),"미해당")) -> 미해당 | AF74: CSTS | AG74: 45248 | AQ74: IT기획 및 품질관리 | AR74: 테스팅 엔지니어 | AS74: 기업은행 | AT74: 112-226241-02-012 | AU74: 모 | AV74: 010-5399-1015 | AW74: sj.choi@tbell.co.kr | AX74: 경기도 | AY74: 의정부시 | BA74: 장곡로226번길 83, 101동 401호(장암동,장암더샵포레스트) | BB74: =IFERROR(VLOOKUP($AY74,[1]프로젝트현황!Y:Z,2,0),"기타") -> 동북권 | BC74: =(IF(AX74="","",AX74&" "))&(IF(AY74="","",AY74&" "))&(IF(AZ74="","",AZ74&" "))&BA74 -> 경기도 의정부시 장곡로226번길 83, 101동 401호(장암동,장암더샵포레스트)
A75: =ROW()-2 -> 73 | B75: 230606 | C75: 문현지 | D75: 45089 | E75: 45089 | H75: Moon, Hyunji | I75: 970319-2933012 | J75: =LEFT(I75,6) -> 970319 | K75: =MID($I75,3,2) -> 03 | L75: =IF(OR(MID($I75,8,1)="1",MID($I75,8,1)="3"),"남자",IF(OR(MID($I75,8,1)="2",MID($I75,8,1)="4"),"여자","")) -> 여자 | M75: =YEAR(TODAY())-IF(OR(MID($I75,8,1)="1",MID($I75,8,1)="2"),19&LEFT($I75,2),IF(OR(MID($I75,8,1)="3",MID($I75,8,1)="4"),20&LEFT($I75,2),""))+1 -> 30 | N75: 양력 | O75: 한국 | P75: 010-9855-5696 | T75: TBELL | V75: =QUOTIENT(SUMPRODUCT(LEFT($W75:$X75,FIND("년",$W75:$X75)-1)*12+MID($W75:$X75,FIND("년",$W75:$X75)+1,FIND("개월",$W75:$X75)-FIND("년",$W75:$X75)-1)),12)&"년"&MOD(SUMPRODUCT(LEFT($W75:$X75,FIND("년",$W75:$X75)-1)*12+MID($W75:$X75,FIND("년",$W75:$X75)+1,FIND("개월",$W75:$X75)-FIND("년",$W75:$X75)-1)),12)&"개월" -> 2년7개월 | W75: 0년 0개월 | X75: =DATEDIF($D75,TODAY(),"y")&"년"&DATEDIF($D75,TODAY(),"ym")&"개월" -> 2년7개월 | Y75: 세화고등학교 | AA75: 고졸 | AB75: 42405 | AC75: =VALUE(LEFT($V75,FIND("년",$V75)-1)) -> 2 | AD75: =IF($AA75="고졸",IF($AC75<=11,"초급",IF($AC75<=14,"중급",IF($AC75<=17,"고급",IF($AC75>=18,"특급"))))) -> 초급 | AE75: =IF(ISNUMBER(SEARCH("산업기사",$AL75)),IF($AC75>=13,"특급",IF($AC75>=10,"고급",IF($AC75>=7,"중급","초급"))),IF(ISNUMBER(SEARCH("기사",$AJ75)),IF($AC75>=10,"특급",IF($AC75>=7,"고급",IF($AC75>=4,"중급","초급"))),"미해당")) -> 미해당 | AQ75: IT기획 및 품질관리 | AR75: 테스팅 엔지니어 | AS75: 기업은행 | AT75: 198-081450-01-010 | AU75: 부 | AV75: 010-4511-7350 | AW75: hj.moon@tbell.co.kr | AX75: 서울시 | AY75: 관악구 | BA75: 신림로58길 47 한아름마을 402호 | BB75: =IFERROR(VLOOKUP($AY75,[1]프로젝트현황!Y:Z,2,0),"기타") -> 서남권 | BC75: =(IF(AX75="","",AX75&" "))&(IF(AY75="","",AY75&" "))&(IF(AZ75="","",AZ75&" "))&BA75 -> 서울시 관악구 신림로58길 47 한아름마을 402호
A76: =ROW()-2 -> 74 | B76: 230610 | C76: 이가현 | D76: 45096 | E76: 45096 | H76: LEE, Gahyeon | I76: 000824-4535612 | J76: =LEFT(I76,6) -> 000824 | K76: =MID($I76,3,2) -> 08 | L76: =IF(OR(MID($I76,8,1)="1",MID($I76,8,1)="3"),"남자",IF(OR(MID($I76,8,1)="2",MID($I76,8,1)="4"),"여자","")) -> 여자 | M76: =YEAR(TODAY())-IF(OR(MID($I76,8,1)="1",MID($I76,8,1)="2"),19&LEFT($I76,2),IF(OR(MID($I76,8,1)="3",MID($I76,8,1)="4"),20&LEFT($I76,2),""))+1 -> 27 | N76: 양력 | O76: 한국 | P76: 010-2606-5733 | T76: TBELL | V76: =QUOTIENT(SUMPRODUCT(LEFT($W76:$X76,FIND("년",$W76:$X76)-1)*12+MID($W76:$X76,FIND("년",$W76:$X76)+1,FIND("개월",$W76:$X76)-FIND("년",$W76:$X76)-1)),12)&"년"&MOD(SUMPRODUCT(LEFT($W76:$X76,FIND("년",$W76:$X76)-1)*12+MID($W76:$X76,FIND("년",$W76:$X76)+1,FIND("개월",$W76:$X76)-FIND("년",$W76:$X76)-1)),12)&"개월" -> 3년6개월 | W76: 0년 11개월 | X76: =DATEDIF($D76,TODAY(),"y")&"년"&DATEDIF($D76,TODAY(),"ym")&"개월" -> 2년7개월 | Y76: 목포대학교 | Z76: 융합소프트웨어학과 | AA76: 학사 | AB76: 44979 | AC76: =VALUE(LEFT($V76,FIND("년",$V76)-1)) -> 3 | AD76: =IF($AA76="학사",IF($AC76<=5,"초급",IF($AC76<9,"중급",IF($AC76<12,"고급",IF($AC76>=12,"특급"))))) -> 초급 | AE76: =IF(ISNUMBER(SEARCH("산업기사",$AL76)),IF($AC76>=13,"특급",IF($AC76>=10,"고급",IF($AC76>=7,"중급","초급"))),IF(ISNUMBER(SEARCH("기사",$AJ76)),IF($AC76>=10,"특급",IF($AC76>=7,"고급",IF($AC76>=4,"중급","초급"))),"미해당")) -> 미해당 | AQ76: IT기획 및 품질관리 | AR76: 테스팅 엔지니어 | AS76: 기업은행 | AT76: 184-097512-02-018 | AU76: 동거인 | AV76: 010-7337-6704 | AW76: gahyeon.lee@tbell.co.kr | AX76: 서울시 | AY76: 동작구 | BA76: 매봉로 134 본동신동아아파트 6동 605호 | BB76: =IFERROR(VLOOKUP($AY76,[1]프로젝트현황!Y:Z,2,0),"기타") -> 서남권 | BC76: =(IF(AX76="","",AX76&" "))&(IF(AY76="","",AY76&" "))&(IF(AZ76="","",AZ76&" "))&BA76 -> 서울시 동작구 매봉로 134 본동신동아아파트 6동 605호
A77: =ROW()-2 -> 75 | B77: 230706 | C77: 이달문 | D77: 45110 | E77: 45110 | H77: LEE, Dalmoon | I77: 890123-1058329 | J77: =LEFT(I77,6) -> 890123 | K77: =MID($I77,3,2) -> 01 | L77: =IF(OR(MID($I77,8,1)="1",MID($I77,8,1)="3"),"남자",IF(OR(MID($I77,8,1)="2",MID($I77,8,1)="4"),"여자","")) -> 남자 | M77: =YEAR(TODAY())-IF(OR(MID($I77,8,1)="1",MID($I77,8,1)="2"),19&LEFT($I77,2),IF(OR(MID($I77,8,1)="3",MID($I77,8,1)="4"),20&LEFT($I77,2),""))+1 -> 38 | N77: 양력 | O77: 한국 | P77: 010-3178-2451 | T77: TBELL | V77: =QUOTIENT(SUMPRODUCT(LEFT($W77:$X77,FIND("년",$W77:$X77)-1)*12+MID($W77:$X77,FIND("년",$W77:$X77)+1,FIND("개월",$W77:$X77)-FIND("년",$W77:$X77)-1)),12)&"년"&MOD(SUMPRODUCT(LEFT($W77:$X77,FIND("년",$W77:$X77)-1)*12+MID($W77:$X77,FIND("년",$W77:$X77)+1,FIND("개월",$W77:$X77)-FIND("년",$W77:$X77)-1)),12)&"개월" -> 7년1개월 | W77: 4년 6개월 | X77: =DATEDIF($D77,TODAY(),"y")&"년"&DATEDIF($D77,TODAY(),"ym")&"개월" -> 2년7개월 | Y77: 한국폴리텍Ⅱ대학교 | Z77: 금형디자인과 | AA77: 전문학사 | AB77: 41318 | AC77: =VALUE(LEFT($V77,FIND("년",$V77)-1)) -> 7 | AD77: =IF($AA77="전문학사",IF($AC77<=8,"초급",IF($AC77<12,"중급",IF($AC77<15,"고급",IF($AC77>=15,"특급"))))) -> 초급 | AE77: =IF(ISNUMBER(SEARCH("산업기사",$AL77)),IF($AC77>=13,"특급",IF($AC77>=10,"고급",IF($AC77>=7,"중급","초급"))),IF(ISNUMBER(SEARCH("기사",$AJ77)),IF($AC77>=10,"특급",IF($AC77>=7,"고급",IF($AC77>=4,"중급","초급"))),"미해당")) -> 미해당 | AQ77: IT기획 및 품질관리 | AR77: 테스팅 엔지니어 | AS77: 기업은행 | AT77: 473-041419-01-014 | AU77: 모 | AV77: 010-9087-2323 | AW77: dm.lee@tbell.co.kr | AX77: 경기도 | AY77: 부천시 | BA77: 삼작로368번길 15-7, D동 201호(원종동, 백합빌라) | BB77: =IFERROR(VLOOKUP($AY77,[1]프로젝트현황!Y:Z,2,0),"기타") -> 서남권 | BC77: =(IF(AX77="","",AX77&" "))&(IF(AY77="","",AY77&" "))&(IF(AZ77="","",AZ77&" "))&BA77 -> 경기도 부천시 삼작로368번길 15-7, D동 201호(원종동, 백합빌라)
A78: =ROW()-2 -> 76 | B78: 230711 | C78: 김가은 | D78: 45131 | E78: 45131 | H78: KIM, Gaeun | I78: 001117-4483013 | J78: =LEFT(I78,6) -> 001117 | K78: =MID($I78,3,2) -> 11 | L78: =IF(OR(MID($I78,8,1)="1",MID($I78,8,1)="3"),"남자",IF(OR(MID($I78,8,1)="2",MID($I78,8,1)="4"),"여자","")) -> 여자 | M78: =YEAR(TODAY())-IF(OR(MID($I78,8,1)="1",MID($I78,8,1)="2"),19&LEFT($I78,2),IF(OR(MID($I78,8,1)="3",MID($I78,8,1)="4"),20&LEFT($I78,2),""))+1 -> 27 | N78: 양력 | O78: 한국 | P78: 010-5505-8900 | T78: TBELL | V78: =QUOTIENT(SUMPRODUCT(LEFT($W78:$X78,FIND("년",$W78:$X78)-1)*12+MID($W78:$X78,FIND("년",$W78:$X78)+1,FIND("개월",$W78:$X78)-FIND("년",$W78:$X78)-1)),12)&"년"&MOD(SUMPRODUCT(LEFT($W78:$X78,FIND("년",$W78:$X78)-1)*12+MID($W78:$X78,FIND("년",$W78:$X78)+1,FIND("개월",$W78:$X78)-FIND("년",$W78:$X78)-1)),12)&"개월" -> 3년5개월 | W78: 0년 11개월 | X78: =DATEDIF($D78,TODAY(),"y")&"년"&DATEDIF($D78,TODAY(),"ym")&"개월" -> 2년6개월 | Y78: 목포대학교 | Z78: 정보보호학과 | AA78: 학사 | AB78: 44979 | AC78: =VALUE(LEFT($V78,FIND("년",$V78)-1)) -> 3 | AD78: =IF($AA78="학사",IF($AC78<=5,"초급",IF($AC78<9,"중급",IF($AC78<12,"고급",IF($AC78>=12,"특급"))))) -> 초급 | AE78: =IF(ISNUMBER(SEARCH("산업기사",$AL78)),IF($AC78>=13,"특급",IF($AC78>=10,"고급",IF($AC78>=7,"중급","초급"))),IF(ISNUMBER(SEARCH("기사",$AJ78)),IF($AC78>=10,"특급",IF($AC78>=7,"고급",IF($AC78>=4,"중급","초급"))),"미해당")) -> 미해당 | AN78: 정보처리기능사 워드프로세서 컴퓨터활용 2급 | AP78: 2019-12-26 2019-02-01 2017-06-09 | AQ78: IT기획 및 품질관리 | AR78: 테스팅 엔지니어 | AS78: 기업은행 | AT78: 181-167865-01-014 | AU78: 모 | AV78: 010-6552-6700 | AW78: ge.kim@tbell.co.kr | AX78: 서울시 | AY78: 관악구 | BA78: 봉천로12길 25, 904호(신림동) | BB78: =IFERROR(VLOOKUP($AY78,[1]프로젝트현황!Y:Z,2,0),"기타") -> 서남권 | BC78: =(IF(AX78="","",AX78&" "))&(IF(AY78="","",AY78&" "))&(IF(AZ78="","",AZ78&" "))&BA78 -> 서울시 관악구 봉천로12길 25, 904호(신림동)
A79: =ROW()-2 -> 77 | B79: 230803 | C79: 이보람 | D79: 45139 | E79: 45139 | H79: LEE, Boram | I79: 820410-1065918 | J79: =LEFT(I79,6) -> 820410 | K79: =MID($I79,3,2) -> 04 | L79: =IF(OR(MID($I79,8,1)="1",MID($I79,8,1)="3"),"남자",IF(OR(MID($I79,8,1)="2",MID($I79,8,1)="4"),"여자","")) -> 남자 | M79: =YEAR(TODAY())-IF(OR(MID($I79,8,1)="1",MID($I79,8,1)="2"),19&LEFT($I79,2),IF(OR(MID($I79,8,1)="3",MID($I79,8,1)="4"),20&LEFT($I79,2),""))+1 -> 45 | N79: 양력 | O79: 한국 | P79: 010-3023-9409 | T79: TBELL | V79: =QUOTIENT(SUMPRODUCT(LEFT($W79:$X79,FIND("년",$W79:$X79)-1)*12+MID($W79:$X79,FIND("년",$W79:$X79)+1,FIND("개월",$W79:$X79)-FIND("년",$W79:$X79)-1)),12)&"년"&MOD(SUMPRODUCT(LEFT($W79:$X79,FIND("년",$W79:$X79)-1)*12+MID($W79:$X79,FIND("년",$W79:$X79)+1,FIND("개월",$W79:$X79)-FIND("년",$W79:$X79)-1)),12)&"개월" -> 3년6개월 | W79: 1년 00개월 | X79: =DATEDIF($D79,TODAY(),"y")&"년"&DATEDIF($D79,TODAY(),"ym")&"개월" -> 2년6개월 | Y79: 청주대학교 | Z79: 컴퓨터정보공학과 | AA79: 학사 | AB79: 39864 | AC79: =VALUE(LEFT($V79,FIND("년",$V79)-1)) -> 3 | AD79: =IF($AA79="학사",IF($AC79<=5,"초급",IF($AC79<9,"중급",IF($AC79<12,"고급",IF($AC79>=12,"특급"))))) -> 초급 | AE79: =IF(ISNUMBER(SEARCH("산업기사",$AL79)),IF($AC79>=13,"특급",IF($AC79>=10,"고급",IF($AC79>=7,"중급","초급"))),IF(ISNUMBER(SEARCH("기사",$AJ79)),IF($AC79>=10,"특급",IF($AC79>=7,"고급",IF($AC79>=4,"중급","초급"))),"미해당")) -> 미해당 | AQ79: IT기획 및 품질관리 | AR79: 테스팅 엔지니어 | AS79: 기업은행 | AT79: 389-096527-01-014 | AU79: 누나 | AV79: 010-3243-9409 | AW79: br.lee@tbell.co.kr | AX79: 경기도 | AY79: 성남시 | AZ79: 분당구 | BA79: 분당로201번길 17, 114동 702호(서현동, 효자촌) | BB79: =IFERROR(VLOOKUP($AY79,[1]프로젝트현황!Y:Z,2,0),"기타") -> 동남권 | BC79: =(IF(AX79="","",AX79&" "))&(IF(AY79="","",AY79&" "))&(IF(AZ79="","",AZ79&" "))&BA79 -> 경기도 성남시 분당구 분당로201번길 17, 114동 702호(서현동, 효자촌)
A80: =ROW()-2 -> 78 | B80: 230804 | C80: 이현직 | D80: 45139 | E80: 45170 | H80: LEE, Hyunjik | I80: 800909-1069918 | J80: =LEFT(I80,6) -> 800909 | K80: =MID($I80,3,2) -> 09 | L80: =IF(OR(MID($I80,8,1)="1",MID($I80,8,1)="3"),"남자",IF(OR(MID($I80,8,1)="2",MID($I80,8,1)="4"),"여자","")) -> 남자 | M80: =YEAR(TODAY())-IF(OR(MID($I80,8,1)="1",MID($I80,8,1)="2"),19&LEFT($I80,2),IF(OR(MID($I80,8,1)="3",MID($I80,8,1)="4"),20&LEFT($I80,2),""))+1 -> 47 | N80: 양력 | O80: 한국 | P80: 010-9496-2029 | T80: TBELL | V80: =QUOTIENT(SUMPRODUCT(LEFT($W80:$X80,FIND("년",$W80:$X80)-1)*12+MID($W80:$X80,FIND("년",$W80:$X80)+1,FIND("개월",$W80:$X80)-FIND("년",$W80:$X80)-1)),12)&"년"&MOD(SUMPRODUCT(LEFT($W80:$X80,FIND("년",$W80:$X80)-1)*12+MID($W80:$X80,FIND("년",$W80:$X80)+1,FIND("개월",$W80:$X80)-FIND("년",$W80:$X80)-1)),12)&"개월" -> 19년1개월 | W80: 16년 7개월 | X80: =DATEDIF($D80,TODAY(),"y")&"년"&DATEDIF($D80,TODAY(),"ym")&"개월" -> 2년6개월 | Y80: 전북대학교 | Z80: 정보통신학과 | AA80: 학사 | AB80: 38749 | AC80: =VALUE(LEFT($V80,FIND("년",$V80)-1)) -> 19 | AD80: =IF($AA80="학사",IF($AC80<=5,"초급",IF($AC80<9,"중급",IF($AC80<12,"고급",IF($AC80>=12,"특급"))))) -> 특급 | AE80: =IF(ISNUMBER(SEARCH("산업기사",$AL80)),IF($AC80>=13,"특급",IF($AC80>=10,"고급",IF($AC80>=7,"중급","초급"))),IF(ISNUMBER(SEARCH("기사",$AJ80)),IF($AC80>=10,"특급",IF($AC80>=7,"고급",IF($AC80>=4,"중급","초급"))),"미해당")) -> 미해당 | AQ80: 경영지원 총괄 | AR80: 경영지원 총괄 | AS80: 국민은행 | AT80: 234302-04-023497 | AU80: 배우자 | AV80: 010-9441-1032 | AW80: hyunjik.lee@tbell.co.kr | AX80: 경기도 | AY80: 광명시 | BA80: 철산로 57 1314동 1208호(철산3동,주공13단지) | BB80: =IFERROR(VLOOKUP($AY80,[1]프로젝트현황!Y:Z,2,0),"기타") -> 서남권 | BC80: 경기도 광명시 시청로 70 철산자이더헤리티지 105동 2001호
A81: =ROW()-2 -> 79 | B81: 230809 | C81: 김태은 | D81: 45145 | E81: 45145 | H81: KIM, Taeeun | I81: 941121-2222110 | J81: =LEFT(I81,6) -> 941121 | K81: =MID($I81,3,2) -> 11 | L81: =IF(OR(MID($I81,8,1)="1",MID($I81,8,1)="3"),"남자",IF(OR(MID($I81,8,1)="2",MID($I81,8,1)="4"),"여자","")) -> 여자 | M81: =YEAR(TODAY())-IF(OR(MID($I81,8,1)="1",MID($I81,8,1)="2"),19&LEFT($I81,2),IF(OR(MID($I81,8,1)="3",MID($I81,8,1)="4"),20&LEFT($I81,2),""))+1 -> 33 | N81: 양력 | O81: 한국 | P81: 010-6272-9313 | T81: TBELL | V81: =QUOTIENT(SUMPRODUCT(LEFT($W81:$X81,FIND("년",$W81:$X81)-1)*12+MID($W81:$X81,FIND("년",$W81:$X81)+1,FIND("개월",$W81:$X81)-FIND("년",$W81:$X81)-1)),12)&"년"&MOD(SUMPRODUCT(LEFT($W81:$X81,FIND("년",$W81:$X81)-1)*12+MID($W81:$X81,FIND("년",$W81:$X81)+1,FIND("개월",$W81:$X81)-FIND("년",$W81:$X81)-1)),12)&"개월" -> 3년1개월 | W81: 0년 7개월 | X81: =DATEDIF($D81,TODAY(),"y")&"년"&DATEDIF($D81,TODAY(),"ym")&"개월" -> 2년6개월 | Y81: 경민대학교 | Z81: 호텔외식조리 | AA81: 전문학사 | AB81: 42048 | AC81: =VALUE(LEFT($V81,FIND("년",$V81)-1)) -> 3 | AD81: =IF($AA81="전문학사",IF($AC81<=8,"초급",IF($AC81<12,"중급",IF($AC81<15,"고급",IF($AC81>=15,"특급"))))) -> 초급 | AE81: =IF(ISNUMBER(SEARCH("산업기사",$AL81)),IF($AC81>=13,"특급",IF($AC81>=10,"고급",IF($AC81>=7,"중급","초급"))),IF(ISNUMBER(SEARCH("기사",$AJ81)),IF($AC81>=10,"특급",IF($AC81>=7,"고급",IF($AC81>=4,"중급","초급"))),"미해당")) -> 미해당 | AQ81: IT기획 및 품질관리 | AR81: 테스팅 엔지니어 | AS81: 기업은행 | AT81: 242-134899-01-019 | AU81: 모 | AV81: 010-8296-9313 | AW81: te.kim@tbell.co.kr | AX81: 경기도 | AY81: 광주시 | BA81: 광주역8로 14, 202동 604호(역동, 경기광주역행복주택) | BB81: =IFERROR(VLOOKUP($AY81,[1]프로젝트현황!Y:Z,2,0),"기타") -> 동남권 | BC81: =(IF(AX81="","",AX81&" "))&(IF(AY81="","",AY81&" "))&(IF(AZ81="","",AZ81&" "))&BA81 -> 경기도 광주시 광주역8로 14, 202동 604호(역동, 경기광주역행복주택)
A82: =ROW()-2 -> 80 | B82: 230810 | C82: 선다운 | D82: 45145 | E82: 45145 | H82: SUN, Daun | I82: 961231-2057816 | J82: =LEFT(I82,6) -> 961231 | K82: =MID($I82,3,2) -> 12 | L82: =IF(OR(MID($I82,8,1)="1",MID($I82,8,1)="3"),"남자",IF(OR(MID($I82,8,1)="2",MID($I82,8,1)="4"),"여자","")) -> 여자 | M82: =YEAR(TODAY())-IF(OR(MID($I82,8,1)="1",MID($I82,8,1)="2"),19&LEFT($I82,2),IF(OR(MID($I82,8,1)="3",MID($I82,8,1)="4"),20&LEFT($I82,2),""))+1 -> 31 | N82: 양력 | O82: 한국 | P82: 010-7628-0464 | T82: TBELL | V82: =QUOTIENT(SUMPRODUCT(LEFT($W82:$X82,FIND("년",$W82:$X82)-1)*12+MID($W82:$X82,FIND("년",$W82:$X82)+1,FIND("개월",$W82:$X82)-FIND("년",$W82:$X82)-1)),12)&"년"&MOD(SUMPRODUCT(LEFT($W82:$X82,FIND("년",$W82:$X82)-1)*12+MID($W82:$X82,FIND("년",$W82:$X82)+1,FIND("개월",$W82:$X82)-FIND("년",$W82:$X82)-1)),12)&"개월" -> 7년11개월 | W82: 5년 5개월 | X82: =DATEDIF($D82,TODAY(),"y")&"년"&DATEDIF($D82,TODAY(),"ym")&"개월" -> 2년6개월 | Y82: 숭실원격생교육원대학교 | Z82: 정보통신공학과 | AA82: 학사 | AB82: 44617 | AC82: =VALUE(LEFT($V82,FIND("년",$V82)-1)) -> 7 | AD82: =IF($AA82="학사",IF($AC82<=5,"초급",IF($AC82<9,"중급",IF($AC82<12,"고급",IF($AC82>=12,"특급"))))) -> 중급 | AE82: =IF(ISNUMBER(SEARCH("산업기사",$AL82)),IF($AC82>=13,"특급",IF($AC82>=10,"고급",IF($AC82>=7,"중급","초급"))),IF(ISNUMBER(SEARCH("기사",$AJ82)),IF($AC82>=10,"특급",IF($AC82>=7,"고급",IF($AC82>=4,"중급","초급"))),"미해당")) -> 미해당 | AQ82: IT기획 및 품질관리 | AR82: 테스팅 엔지니어 | AS82: 기업은행 | AT82: 053-082341-02-022 | AU82: 모 | AV82: 010-7552-0464 | AW82: du.sun@tbell.co.kr | AX82: 서울시 | AY82: 영등포구 | BA82: 신길로40길 19(신길동) | BB82: =IFERROR(VLOOKUP($AY82,[1]프로젝트현황!Y:Z,2,0),"기타") -> 서남권 | BC82: =(IF(AX82="","",AX82&" "))&(IF(AY82="","",AY82&" "))&(IF(AZ82="","",AZ82&" "))&BA82 -> 서울시 영등포구 신길로40길 19(신길동)
A83: =ROW()-2 -> 81 | B83: 230812 | C83: 정선경 | D83: 45166 | E83: 45166 | H83: JUNG, Sunkyung | I83: 820723-2009218 | J83: =LEFT(I83,6) -> 820723 | K83: =MID($I83,3,2) -> 07 | L83: =IF(OR(MID($I83,8,1)="1",MID($I83,8,1)="3"),"남자",IF(OR(MID($I83,8,1)="2",MID($I83,8,1)="4"),"여자","")) -> 여자 | M83: =YEAR(TODAY())-IF(OR(MID($I83,8,1)="1",MID($I83,8,1)="2"),19&LEFT($I83,2),IF(OR(MID($I83,8,1)="3",MID($I83,8,1)="4"),20&LEFT($I83,2),""))+1 -> 45 | N83: 양력 | O83: 한국 | P83: 010-6669-2624 | T83: TBELL | V83: =QUOTIENT(SUMPRODUCT(LEFT($W83:$X83,FIND("년",$W83:$X83)-1)*12+MID($W83:$X83,FIND("년",$W83:$X83)+1,FIND("개월",$W83:$X83)-FIND("년",$W83:$X83)-1)),12)&"년"&MOD(SUMPRODUCT(LEFT($W83:$X83,FIND("년",$W83:$X83)-1)*12+MID($W83:$X83,FIND("년",$W83:$X83)+1,FIND("개월",$W83:$X83)-FIND("년",$W83:$X83)-1)),12)&"개월" -> 2년5개월 | W83: 0년 0개월 | X83: =DATEDIF($D83,TODAY(),"y")&"년"&DATEDIF($D83,TODAY(),"ym")&"개월" -> 2년5개월 | Y83: 한양여자대학교 | Z83: 경영과 | AA83: 전문학사 | AB83: 37667 | AC83: =VALUE(LEFT($V83,FIND("년",$V83)-1)) -> 2 | AD83: =IF($AA83="전문학사",IF($AC83<=8,"초급",IF($AC83<12,"중급",IF($AC83<15,"고급",IF($AC83>=15,"특급"))))) -> 초급 | AE83: =IF(ISNUMBER(SEARCH("산업기사",$AL83)),IF($AC83>=13,"특급",IF($AC83>=10,"고급",IF($AC83>=7,"중급","초급"))),IF(ISNUMBER(SEARCH("기사",$AJ83)),IF($AC83>=10,"특급",IF($AC83>=7,"고급",IF($AC83>=4,"중급","초급"))),"미해당")) -> 미해당 | AF83: CSTS | AG83: 45094 | AN83: 컴퓨터활용2급 | AO83: 대한상공회의소 | AP83: 44988 | AQ83: IT기획 및 품질관리 | AR83: 테스팅 엔지니어 | AS83: 기업은행 | AT83: 011-076779-01-026 | AU83: 배우자 | AV83: 010-3215-4597 | AW83: sk.jung@tbell.co.kr | AX83: 서울시 | AY83: 노원구 | BA83: 중계로 230, 508동 1001호(중계동, 주공아파트) | BB83: =IFERROR(VLOOKUP($AY83,[1]프로젝트현황!Y:Z,2,0),"기타") -> 동북권 | BC83: =(IF(AX83="","",AX83&" "))&(IF(AY83="","",AY83&" "))&(IF(AZ83="","",AZ83&" "))&BA83 -> 서울시 노원구 중계로 230, 508동 1001호(중계동, 주공아파트)
A84: =ROW()-2 -> 82 | B84: 230901 | C84: 성한솔 | D84: 45173 | E84: 45173 | H84: SUNG, Hansol | I84: 941015-2162617 | J84: =LEFT(I84,6) -> 941015 | K84: =MID($I84,3,2) -> 10 | L84: =IF(OR(MID($I84,8,1)="1",MID($I84,8,1)="3"),"남자",IF(OR(MID($I84,8,1)="2",MID($I84,8,1)="4"),"여자","")) -> 여자 | M84: =YEAR(TODAY())-IF(OR(MID($I84,8,1)="1",MID($I84,8,1)="2"),19&LEFT($I84,2),IF(OR(MID($I84,8,1)="3",MID($I84,8,1)="4"),20&LEFT($I84,2),""))+1 -> 33 | N84: 양력 | O84: 한국 | P84: 010-3455-5434 | T84: TBELL | V84: =QUOTIENT(SUMPRODUCT(LEFT($W84:$X84,FIND("년",$W84:$X84)-1)*12+MID($W84:$X84,FIND("년",$W84:$X84)+1,FIND("개월",$W84:$X84)-FIND("년",$W84:$X84)-1)),12)&"년"&MOD(SUMPRODUCT(LEFT($W84:$X84,FIND("년",$W84:$X84)-1)*12+MID($W84:$X84,FIND("년",$W84:$X84)+1,FIND("개월",$W84:$X84)-FIND("년",$W84:$X84)-1)),12)&"개월" -> 2년5개월 | W84: 0년 0개월 | X84: =DATEDIF($D84,TODAY(),"y")&"년"&DATEDIF($D84,TODAY(),"ym")&"개월" -> 2년5개월 | Y84: 성신여자대학교 | Z84: 의류학과 | AA84: 학사 | AB84: 43335 | AC84: =VALUE(LEFT($V84,FIND("년",$V84)-1)) -> 2 | AD84: =IF($AA84="학사",IF($AC84<=5,"초급",IF($AC84<9,"중급",IF($AC84<12,"고급",IF($AC84>=12,"특급"))))) -> 초급 | AE84: =IF(ISNUMBER(SEARCH("산업기사",$AL84)),IF($AC84>=13,"특급",IF($AC84>=10,"고급",IF($AC84>=7,"중급","초급"))),IF(ISNUMBER(SEARCH("기사",$AJ84)),IF($AC84>=10,"특급",IF($AC84>=7,"고급",IF($AC84>=4,"중급","초급"))),"미해당")) -> 미해당 | AH84: ISTQB | AI84: 45407 | AQ84: IT기획 및 품질관리 | AR84: 테스팅 엔지니어 | AS84: 기업은행 | AT84: 081-134349-02-014 | AU84: 모 | AV84: 010-7533-4570 | AW84: hs.sung@tbell.co.kr | AX84: 경기도 | AY84: 광명시 | BA84: 목감로 188, 301호(광명동, 신우빌라) | BB84: =IFERROR(VLOOKUP($AY84,[1]프로젝트현황!Y:Z,2,0),"기타") -> 서남권 | BC84: =(IF(AX84="","",AX84&" "))&(IF(AY84="","",AY84&" "))&(IF(AZ84="","",AZ84&" "))&BA84 -> 경기도 광명시 목감로 188, 301호(광명동, 신우빌라)
A85: =ROW()-2 -> 83 | B85: 230906 | C85: 송민주 | D85: 45188 | E85: 45188 | H85: SONG, Minju | I85: 001115-4483817 | J85: =LEFT(I85,6) -> 001115 | K85: =MID($I85,3,2) -> 11 | L85: =IF(OR(MID($I85,8,1)="1",MID($I85,8,1)="3"),"남자",IF(OR(MID($I85,8,1)="2",MID($I85,8,1)="4"),"여자","")) -> 여자 | M85: =YEAR(TODAY())-IF(OR(MID($I85,8,1)="1",MID($I85,8,1)="2"),19&LEFT($I85,2),IF(OR(MID($I85,8,1)="3",MID($I85,8,1)="4"),20&LEFT($I85,2),""))+1 -> 27 | N85: 양력 | O85: 한국 | P85: 010-7337-6704 | T85: TBELL | V85: =QUOTIENT(SUMPRODUCT(LEFT($W85:$X85,FIND("년",$W85:$X85)-1)*12+MID($W85:$X85,FIND("년",$W85:$X85)+1,FIND("개월",$W85:$X85)-FIND("년",$W85:$X85)-1)),12)&"년"&MOD(SUMPRODUCT(LEFT($W85:$X85,FIND("년",$W85:$X85)-1)*12+MID($W85:$X85,FIND("년",$W85:$X85)+1,FIND("개월",$W85:$X85)-FIND("년",$W85:$X85)-1)),12)&"개월" -> 3년0개월 | W85: 0년 8개월 | X85: =DATEDIF($D85,TODAY(),"y")&"년"&DATEDIF($D85,TODAY(),"ym")&"개월" -> 2년4개월 | Y85: 목포대학교 | Z85: 융합소프트웨어과 | AA85: 학사 | AB85: 44979 | AC85: =VALUE(LEFT($V85,FIND("년",$V85)-1)) -> 3 | AD85: =IF($AA85="학사",IF($AC85<=5,"초급",IF($AC85<9,"중급",IF($AC85<12,"고급",IF($AC85>=12,"특급"))))) -> 초급 | AE85: =IF(ISNUMBER(SEARCH("산업기사",$AL85)),IF($AC85>=13,"특급",IF($AC85>=10,"고급",IF($AC85>=7,"중급","초급"))),IF(ISNUMBER(SEARCH("기사",$AJ85)),IF($AC85>=10,"특급",IF($AC85>=7,"고급",IF($AC85>=4,"중급","초급"))),"미해당")) -> 미해당 | AQ85: IT기획 및 품질관리 | AR85: 테스팅 엔지니어 | AS85: 기업은행 | AT85: 184-097526-01-010 | AU85: 모 | AV85: 010-7211-6704 | AW85: mj.song@tbell.co.kr | AX85: 서울시 | AY85: 동작구 | BA85: 매봉로 134 신동아아파트 6동 605호 | BB85: =IFERROR(VLOOKUP($AY85,[1]프로젝트현황!Y:Z,2,0),"기타") -> 서남권 | BC85: =(IF(AX85="","",AX85&" "))&(IF(AY85="","",AY85&" "))&(IF(AZ85="","",AZ85&" "))&BA85 -> 서울시 동작구 매봉로 134 신동아아파트 6동 605호
A86: =ROW()-2 -> 84 | B86: 230911 | C86: 김현진 | D86: 45188 | E86: 45188 | H86: KIM, Hyunjin | I86: 980511-2151713 | J86: =LEFT(I86,6) -> 980511 | K86: =MID($I86,3,2) -> 05 | L86: =IF(OR(MID($I86,8,1)="1",MID($I86,8,1)="3"),"남자",IF(OR(MID($I86,8,1)="2",MID($I86,8,1)="4"),"여자","")) -> 여자 | M86: =YEAR(TODAY())-IF(OR(MID($I86,8,1)="1",MID($I86,8,1)="2"),19&LEFT($I86,2),IF(OR(MID($I86,8,1)="3",MID($I86,8,1)="4"),20&LEFT($I86,2),""))+1 -> 29 | N86: 양력 | O86: 한국 | P86: 010-8698-9802 | T86: TBELL | V86: =QUOTIENT(SUMPRODUCT(LEFT($W86:$X86,FIND("년",$W86:$X86)-1)*12+MID($W86:$X86,FIND("년",$W86:$X86)+1,FIND("개월",$W86:$X86)-FIND("년",$W86:$X86)-1)),12)&"년"&MOD(SUMPRODUCT(LEFT($W86:$X86,FIND("년",$W86:$X86)-1)*12+MID($W86:$X86,FIND("년",$W86:$X86)+1,FIND("개월",$W86:$X86)-FIND("년",$W86:$X86)-1)),12)&"개월" -> 6년4개월 | W86: 4년 0개월 | X86: =DATEDIF($D86,TODAY(),"y")&"년"&DATEDIF($D86,TODAY(),"ym")&"개월" -> 2년4개월 | Y86: 동서울대학교 | Z86: 게임콘텐츠과 | AA86: 전문학사 | AB86: 43511 | AC86: =VALUE(LEFT($V86,FIND("년",$V86)-1)) -> 6 | AD86: =IF($AA86="전문학사",IF($AC86<=8,"초급",IF($AC86<12,"중급",IF($AC86<15,"고급",IF($AC86>=15,"특급"))))) -> 초급 | AE86: =IF(ISNUMBER(SEARCH("산업기사",$AL86)),IF($AC86>=13,"특급",IF($AC86>=10,"고급",IF($AC86>=7,"중급","초급"))),IF(ISNUMBER(SEARCH("기사",$AJ86)),IF($AC86>=10,"특급",IF($AC86>=7,"고급",IF($AC86>=4,"중급","초급"))),"미해당")) -> 미해당 | AN86: KSTQB | AQ86: IT기획 및 품질관리 | AR86: 테스팅 엔지니어 | AS86: 기업은행 | AT86: 129-078305-01-010 | AU86: 모 | AV86: 010-6346-6933 | AW86: hyunjin.kim@tbell.co.kr | AX86: 서울시 | AY86: 관악구 | BA86: 법원단지길 158-8, B01호(신림동, 청림빌라) | BB86: =IFERROR(VLOOKUP($AY86,[1]프로젝트현황!Y:Z,2,0),"기타") -> 서남권 | BC86: =(IF(AX86="","",AX86&" "))&(IF(AY86="","",AY86&" "))&(IF(AZ86="","",AZ86&" "))&BA86 -> 서울시 관악구 법원단지길 158-8, B01호(신림동, 청림빌라)
A87: =ROW()-2 -> 85 | B87: 231005 | C87: 김지수 | D87: 45215 | E87: 45215 | H87: KIM, JiSoo | I87: 880901-2055036 | J87: =LEFT(I87,6) -> 880901 | K87: =MID($I87,3,2) -> 09 | L87: =IF(OR(MID($I87,8,1)="1",MID($I87,8,1)="3"),"남자",IF(OR(MID($I87,8,1)="2",MID($I87,8,1)="4"),"여자","")) -> 여자 | M87: =YEAR(TODAY())-IF(OR(MID($I87,8,1)="1",MID($I87,8,1)="2"),19&LEFT($I87,2),IF(OR(MID($I87,8,1)="3",MID($I87,8,1)="4"),20&LEFT($I87,2),""))+1 -> 39 | N87: 양력 | O87: 한국 | P87: 010-8756-9145 | T87: TBELL | V87: =QUOTIENT(SUMPRODUCT(LEFT($W87:$X87,FIND("년",$W87:$X87)-1)*12+MID($W87:$X87,FIND("년",$W87:$X87)+1,FIND("개월",$W87:$X87)-FIND("년",$W87:$X87)-1)),12)&"년"&MOD(SUMPRODUCT(LEFT($W87:$X87,FIND("년",$W87:$X87)-1)*12+MID($W87:$X87,FIND("년",$W87:$X87)+1,FIND("개월",$W87:$X87)-FIND("년",$W87:$X87)-1)),12)&"개월" -> 6년1개월 | W87: 3년 10개월 | X87: =DATEDIF($D87,TODAY(),"y")&"년"&DATEDIF($D87,TODAY(),"ym")&"개월" -> 2년3개월 | Y87: 목포대학교 | Z87: 금융보험학과 | AA87: 학사 | AB87: 42237 | AC87: =VALUE(LEFT($V87,FIND("년",$V87)-1)) -> 6 | AD87: =IF($AA87="학사",IF($AC87<=5,"초급",IF($AC87<9,"중급",IF($AC87<12,"고급",IF($AC87>=12,"특급"))))) -> 중급 | AE87: =IF(ISNUMBER(SEARCH("산업기사",$AL87)),IF($AC87>=13,"특급",IF($AC87>=10,"고급",IF($AC87>=7,"중급","초급"))),IF(ISNUMBER(SEARCH("기사",$AJ87)),IF($AC87>=10,"특급",IF($AC87>=7,"고급",IF($AC87>=4,"중급","초급"))),"미해당")) -> 미해당 | AF87: CSTS | AG87: 45157 | AQ87: IT기획 및 품질관리 | AR87: 테스팅 엔지니어 | AS87: 기업은행 | AT87: 191-126105-01-011 | AU87: 부 | AV87: 010-3666-9145 | AW87: jisoo.kim@tbell.co.kr | AX87: 서울시 | AY87: 송파구 | BA87: 양재대로68길 3, 301호(가락동,동방빌라) | BB87: =IFERROR(VLOOKUP($AY87,[1]프로젝트현황!Y:Z,2,0),"기타") -> 동남권 | BC87: =(IF(AX87="","",AX87&" "))&(IF(AY87="","",AY87&" "))&(IF(AZ87="","",AZ87&" "))&BA87 -> 서울시 송파구 양재대로68길 3, 301호(가락동,동방빌라)
A88: =ROW()-2 -> 86 | B88: 231006 | C88: 이한나래 | D88: 45215 | E88: 45215 | H88: LEE, HanNaRae | I88: 970203-2168621 | J88: =LEFT(I88,6) -> 970203 | K88: =MID($I88,3,2) -> 02 | L88: =IF(OR(MID($I88,8,1)="1",MID($I88,8,1)="3"),"남자",IF(OR(MID($I88,8,1)="2",MID($I88,8,1)="4"),"여자","")) -> 여자 | M88: =YEAR(TODAY())-IF(OR(MID($I88,8,1)="1",MID($I88,8,1)="2"),19&LEFT($I88,2),IF(OR(MID($I88,8,1)="3",MID($I88,8,1)="4"),20&LEFT($I88,2),""))+1 -> 30 | N88: 양력 | O88: 한국 | P88: 010-3805-9049 | T88: TBELL | V88: =QUOTIENT(SUMPRODUCT(LEFT($W88:$X88,FIND("년",$W88:$X88)-1)*12+MID($W88:$X88,FIND("년",$W88:$X88)+1,FIND("개월",$W88:$X88)-FIND("년",$W88:$X88)-1)),12)&"년"&MOD(SUMPRODUCT(LEFT($W88:$X88,FIND("년",$W88:$X88)-1)*12+MID($W88:$X88,FIND("년",$W88:$X88)+1,FIND("개월",$W88:$X88)-FIND("년",$W88:$X88)-1)),12)&"개월" -> 3년7개월 | W88: 1년 4개월 | X88: =DATEDIF($D88,TODAY(),"y")&"년"&DATEDIF($D88,TODAY(),"ym")&"개월" -> 2년3개월 | Y88: 동서울대학교 | Z88: 산업예술전문학사 | AA88: 전문학사 | AB88: 42783 | AC88: =VALUE(LEFT($V88,FIND("년",$V88)-1)) -> 3 | AD88: =IF($AA88="전문학사",IF($AC88<=8,"초급",IF($AC88<12,"중급",IF($AC88<15,"고급",IF($AC88>=15,"특급"))))) -> 초급 | AE88: =IF(ISNUMBER(SEARCH("산업기사",$AL88)),IF($AC88>=13,"특급",IF($AC88>=10,"고급",IF($AC88>=7,"중급","초급"))),IF(ISNUMBER(SEARCH("기사",$AJ88)),IF($AC88>=10,"특급",IF($AC88>=7,"고급",IF($AC88>=4,"중급","초급"))),"미해당")) -> 미해당 | AQ88: IT기획 및 품질관리 | AR88: 테스팅 엔지니어 | AS88: 기업은행 | AT88: 389-131615-01-013 | AU88: 부 | AV88: 010-8974-9049 | AW88: hnr.lee@tbell.co.kr | AX88: 경기도 | AY88: 성남시 | AZ88: 분당구 | BA88: 서현로 181, 208동 401호 | BB88: =IFERROR(VLOOKUP($AY88,[1]프로젝트현황!Y:Z,2,0),"기타") -> 동남권 | BC88: =(IF(AX88="","",AX88&" "))&(IF(AY88="","",AY88&" "))&(IF(AZ88="","",AZ88&" "))&BA88 -> 경기도 성남시 분당구 서현로 181, 208동 401호
A89: =ROW()-2 -> 87 | B89: 231009 | C89: 이현성 | D89: 45223 | E89: 45223 | H89: LEE, HyeonSeong | I89: 940131-1071318 | J89: =LEFT(I89,6) -> 940131 | K89: =MID($I89,3,2) -> 01 | L89: =IF(OR(MID($I89,8,1)="1",MID($I89,8,1)="3"),"남자",IF(OR(MID($I89,8,1)="2",MID($I89,8,1)="4"),"여자","")) -> 남자 | M89: =YEAR(TODAY())-IF(OR(MID($I89,8,1)="1",MID($I89,8,1)="2"),19&LEFT($I89,2),IF(OR(MID($I89,8,1)="3",MID($I89,8,1)="4"),20&LEFT($I89,2),""))+1 -> 33 | N89: 양력 | O89: 한국 | P89: 010-5650-1541 | T89: TBELL | V89: =QUOTIENT(SUMPRODUCT(LEFT($W89:$X89,FIND("년",$W89:$X89)-1)*12+MID($W89:$X89,FIND("년",$W89:$X89)+1,FIND("개월",$W89:$X89)-FIND("년",$W89:$X89)-1)),12)&"년"&MOD(SUMPRODUCT(LEFT($W89:$X89,FIND("년",$W89:$X89)-1)*12+MID($W89:$X89,FIND("년",$W89:$X89)+1,FIND("개월",$W89:$X89)-FIND("년",$W89:$X89)-1)),12)&"개월" -> 2년3개월 | W89: 0년 0개월 | X89: =DATEDIF($D89,TODAY(),"y")&"년"&DATEDIF($D89,TODAY(),"ym")&"개월" -> 2년3개월 | Y89: 경남정보대학교 | Z89: 컴퓨터정보전공과 | AA89: 전문학사 | AB89: 43320 | AC89: =VALUE(LEFT($V89,FIND("년",$V89)-1)) -> 2 | AD89: =IF($AA89="전문학사",IF($AC89<=8,"초급",IF($AC89<12,"중급",IF($AC89<15,"고급",IF($AC89>=15,"특급"))))) -> 초급 | AE89: =IF(ISNUMBER(SEARCH("산업기사",$AL89)),IF($AC89>=13,"특급",IF($AC89>=10,"고급",IF($AC89>=7,"중급","초급"))),IF(ISNUMBER(SEARCH("기사",$AJ89)),IF($AC89>=10,"특급",IF($AC89>=7,"고급",IF($AC89>=4,"중급","초급"))),"미해당")) -> 미해당 | AQ89: IT기획 및 품질관리 | AR89: 테스팅 엔지니어 | AS89: 기업은행 | AT89: 066-091585-01-018 | AU89: 부 | AV89: 010-2045-1335 | AW89: hyeonseong.lee@tbell.co.kr | AX89: 서울시 | AY89: 금천구 | BA89: 시흥대로153길 17 | BB89: =IFERROR(VLOOKUP($AY89,[1]프로젝트현황!Y:Z,2,0),"기타") -> 서남권 | BC89: =(IF(AX89="","",AX89&" "))&(IF(AY89="","",AY89&" "))&(IF(AZ89="","",AZ89&" "))&BA89 -> 서울시 금천구 시흥대로153길 17
A90: =ROW()-2 -> 88 | B90: 231101 | C90: 안나영 | D90: 45231 | E90: 45231 | H90: AN, Nayoung | I90: 930118-2168015 | J90: =LEFT(I90,6) -> 930118 | K90: =MID($I90,3,2) -> 01 | L90: =IF(OR(MID($I90,8,1)="1",MID($I90,8,1)="3"),"남자",IF(OR(MID($I90,8,1)="2",MID($I90,8,1)="4"),"여자","")) -> 여자 | M90: =YEAR(TODAY())-IF(OR(MID($I90,8,1)="1",MID($I90,8,1)="2"),19&LEFT($I90,2),IF(OR(MID($I90,8,1)="3",MID($I90,8,1)="4"),20&LEFT($I90,2),""))+1 -> 34 | N90: 양력 | O90: 한국 | P90: 010-2618-8244 | T90: TBELL | V90: =QUOTIENT(SUMPRODUCT(LEFT($W90:$X90,FIND("년",$W90:$X90)-1)*12+MID($W90:$X90,FIND("년",$W90:$X90)+1,FIND("개월",$W90:$X90)-FIND("년",$W90:$X90)-1)),12)&"년"&MOD(SUMPRODUCT(LEFT($W90:$X90,FIND("년",$W90:$X90)-1)*12+MID($W90:$X90,FIND("년",$W90:$X90)+1,FIND("개월",$W90:$X90)-FIND("년",$W90:$X90)-1)),12)&"개월" -> 12년9개월 | W90: 10년 6개월 | X90: =DATEDIF($D90,TODAY(),"y")&"년"&DATEDIF($D90,TODAY(),"ym")&"개월" -> 2년3개월 | Y90: 한국폴리텍Ⅰ대학교 | Z90: 정보통신시스템과 | AA90: 전문학사 | AB90: 41319 | AC90: =VALUE(LEFT($V90,FIND("년",$V90)-1)) -> 12 | AD90: =IF($AA90="전문학사",IF($AC90<=8,"초급",IF($AC90<12,"중급",IF($AC90<15,"고급",IF($AC90>=15,"특급"))))) -> 고급 | AE90: =IF(ISNUMBER(SEARCH("산업기사",$AL90)),IF($AC90>=13,"특급",IF($AC90>=10,"고급",IF($AC90>=7,"중급","초급"))),IF(ISNUMBER(SEARCH("기사",$AJ90)),IF($AC90>=10,"특급",IF($AC90>=7,"고급",IF($AC90>=4,"중급","초급"))),"미해당")) -> 미해당 | AQ90: IT기획 및 품질관리 | AR90: 테스팅 엔지니어 | AS90: 기업은행 | AT90: 113-105580-01-025 | AU90: 모 | AV90: 010-4125-8846 | AW90: ny.an@tbell.co.kr | AX90: 경기도 | AY90: 성남시 | AZ90: 중원구 | BA90: 광명로335번길 24-20, B01호(금광동, 다세대주택) | BB90: =IFERROR(VLOOKUP($AY90,[1]프로젝트현황!Y:Z,2,0),"기타") -> 동남권 | BC90: =(IF(AX90="","",AX90&" "))&(IF(AY90="","",AY90&" "))&(IF(AZ90="","",AZ90&" "))&BA90 -> 경기도 성남시 중원구 광명로335번길 24-20, B01호(금광동, 다세대주택)
A91: =ROW()-2 -> 89 | B91: 231102 | C91: 남기철 | D91: 45231 | E91: 45231 | H91: NAM, Kicheol | I91: 900517-1069313 | J91: =LEFT(I91,6) -> 900517 | K91: =MID($I91,3,2) -> 05 | L91: =IF(OR(MID($I91,8,1)="1",MID($I91,8,1)="3"),"남자",IF(OR(MID($I91,8,1)="2",MID($I91,8,1)="4"),"여자","")) -> 남자 | M91: =YEAR(TODAY())-IF(OR(MID($I91,8,1)="1",MID($I91,8,1)="2"),19&LEFT($I91,2),IF(OR(MID($I91,8,1)="3",MID($I91,8,1)="4"),20&LEFT($I91,2),""))+1 -> 37 | N91: 양력 | O91: 한국 | P91: 010-5216-9517 | T91: TBELL | V91: =QUOTIENT(SUMPRODUCT(LEFT($W91:$X91,FIND("년",$W91:$X91)-1)*12+MID($W91:$X91,FIND("년",$W91:$X91)+1,FIND("개월",$W91:$X91)-FIND("년",$W91:$X91)-1)),12)&"년"&MOD(SUMPRODUCT(LEFT($W91:$X91,FIND("년",$W91:$X91)-1)*12+MID($W91:$X91,FIND("년",$W91:$X91)+1,FIND("개월",$W91:$X91)-FIND("년",$W91:$X91)-1)),12)&"개월" -> 8년8개월 | W91: 6년 5개월 | X91: =DATEDIF($D91,TODAY(),"y")&"년"&DATEDIF($D91,TODAY(),"ym")&"개월" -> 2년3개월 | Y91: 나사렛대학교 | Z91: 정보통신학 | AA91: 학사 | AB91: 42780 | AC91: =VALUE(LEFT($V91,FIND("년",$V91)-1)) -> 8 | AD91: =IF($AA91="학사",IF($AC91<=5,"초급",IF($AC91<9,"중급",IF($AC91<12,"고급",IF($AC91>=12,"특급"))))) -> 중급 | AE91: =IF(ISNUMBER(SEARCH("산업기사",$AL91)),IF($AC91>=13,"특급",IF($AC91>=10,"고급",IF($AC91>=7,"중급","초급"))),IF(ISNUMBER(SEARCH("기사",$AJ91)),IF($AC91>=10,"특급",IF($AC91>=7,"고급",IF($AC91>=4,"중급","초급"))),"미해당")) -> 미해당 | AH91: ISTQB | AI91: 44278 | AQ91: IT기획 및 품질관리 | AR91: 테스팅 엔지니어 | AS91: 기업은행 | AT91: 074-116323-02-019 | AW91: kh.nam@tbell.co.kr | AX91: 서울시 | AY91: 관악구 | BA91: 난곡로35길 28-7, 다동 1001호(신림동, 건영아파트) | BB91: =IFERROR(VLOOKUP($AY91,[1]프로젝트현황!Y:Z,2,0),"기타") -> 서남권 | BC91: =(IF(AX91="","",AX91&" "))&(IF(AY91="","",AY91&" "))&(IF(AZ91="","",AZ91&" "))&BA91 -> 서울시 관악구 난곡로35길 28-7, 다동 1001호(신림동, 건영아파트)
A92: =ROW()-2 -> 90 | B92: 231104 | C92: 조혜진 | D92: 45243 | E92: 45243 | H92: CHO, Hyejin | I92: 771222-2323412 | J92: =LEFT(I92,6) -> 771222 | K92: =MID($I92,3,2) -> 12 | L92: =IF(OR(MID($I92,8,1)="1",MID($I92,8,1)="3"),"남자",IF(OR(MID($I92,8,1)="2",MID($I92,8,1)="4"),"여자","")) -> 여자 | M92: =YEAR(TODAY())-IF(OR(MID($I92,8,1)="1",MID($I92,8,1)="2"),19&LEFT($I92,2),IF(OR(MID($I92,8,1)="3",MID($I92,8,1)="4"),20&LEFT($I92,2),""))+1 -> 50 | N92: 양력 | O92: 한국 | P92: 010-8744-9634 | T92: TBELL | V92: =QUOTIENT(SUMPRODUCT(LEFT($W92:$X92,FIND("년",$W92:$X92)-1)*12+MID($W92:$X92,FIND("년",$W92:$X92)+1,FIND("개월",$W92:$X92)-FIND("년",$W92:$X92)-1)),12)&"년"&MOD(SUMPRODUCT(LEFT($W92:$X92,FIND("년",$W92:$X92)-1)*12+MID($W92:$X92,FIND("년",$W92:$X92)+1,FIND("개월",$W92:$X92)-FIND("년",$W92:$X92)-1)),12)&"개월" -> 17년8개월 | W92: 15년 6개월 | X92: =DATEDIF($D92,TODAY(),"y")&"년"&DATEDIF($D92,TODAY(),"ym")&"개월" -> 2년2개월 | Y92: 강원대학교 | Z92: 정보통신공학과 | AA92: 학사 | AB92: 36578 | AC92: =VALUE(LEFT($V92,FIND("년",$V92)-1)) -> 17 | AD92: =IF($AA92="학사",IF($AC92<=5,"초급",IF($AC92<9,"중급",IF($AC92<12,"고급",IF($AC92>=12,"특급"))))) -> 특급 | AE92: =IF(ISNUMBER(SEARCH("산업기사",$AL92)),IF($AC92>=13,"특급",IF($AC92>=10,"고급",IF($AC92>=7,"중급","초급"))),IF(ISNUMBER(SEARCH("기사",$AJ92)),IF($AC92>=10,"특급",IF($AC92>=7,"고급",IF($AC92>=4,"중급","초급"))),"미해당")) -> 특급 | AH92: ISTQB | AI92: 45184 | AJ92: 정보처리기사 | AK92: 36521 | AN92: Googl Educator OCP PMP | AO92: Google ORACLE PMI | AP92: 2021-12-11 2000-10-26 2013-6-21 | AQ92: IT기획 및 품질관리 | AR92: 테스팅 엔지니어 | AS92: 기업은행 | AT92: 944-039857-01-010 | AU92: 배우자 | AV92: 010-2747-3253 | AW92: hyejin.cho@tbell.co.kr | AX92: 경기도 | AY92: 수원시 | AZ92: 영통구 | BA92: 도청로 65, 5405동 301호(이의동, 자연&힐스테이트아파트) | BB92: =IFERROR(VLOOKUP($AY92,[1]프로젝트현황!Y:Z,2,0),"기타") -> 동남권 | BC92: =(IF(AX92="","",AX92&" "))&(IF(AY92="","",AY92&" "))&(IF(AZ92="","",AZ92&" "))&BA92 -> 경기도 수원시 영통구 도청로 65, 5405동 301호(이의동, 자연&힐스테이트아파트)
A93: =ROW()-2 -> 91 | B93: 231201 | C93: 이길원 | D93: 45261 | E93: 45261 | H93: LEE, Gilwon | I93: 790518-1036528 | J93: =LEFT(I93,6) -> 790518 | K93: =MID($I93,3,2) -> 05 | L93: =IF(OR(MID($I93,8,1)="1",MID($I93,8,1)="3"),"남자",IF(OR(MID($I93,8,1)="2",MID($I93,8,1)="4"),"여자","")) -> 남자 | M93: =YEAR(TODAY())-IF(OR(MID($I93,8,1)="1",MID($I93,8,1)="2"),19&LEFT($I93,2),IF(OR(MID($I93,8,1)="3",MID($I93,8,1)="4"),20&LEFT($I93,2),""))+1 -> 48 | N93: 양력 | O93: 한국 | P93: 010-4446-6389 | R93: 유 | T93: TBELL | V93: =QUOTIENT(SUMPRODUCT(LEFT($W93:$X93,FIND("년",$W93:$X93)-1)*12+MID($W93:$X93,FIND("년",$W93:$X93)+1,FIND("개월",$W93:$X93)-FIND("년",$W93:$X93)-1)),12)&"년"&MOD(SUMPRODUCT(LEFT($W93:$X93,FIND("년",$W93:$X93)-1)*12+MID($W93:$X93,FIND("년",$W93:$X93)+1,FIND("개월",$W93:$X93)-FIND("년",$W93:$X93)-1)),12)&"개월" -> 15년4개월 | W93: 13년 2개월 | X93: =DATEDIF($D93,TODAY(),"y")&"년"&DATEDIF($D93,TODAY(),"ym")&"개월" -> 2년2개월 | Y93: 협성대학교 | Z93: 신학부 | AA93: 학사 | AB93: 39493 | AC93: =VALUE(LEFT($V93,FIND("년",$V93)-1)) -> 15 | AD93: =IF($AA93="학사",IF($AC93<=5,"초급",IF($AC93<9,"중급",IF($AC93<12,"고급",IF($AC93>=12,"특급"))))) -> 특급 | AE93: =IF(ISNUMBER(SEARCH("산업기사",$AL93)),IF($AC93>=13,"특급",IF($AC93>=10,"고급",IF($AC93>=7,"중급","초급"))),IF(ISNUMBER(SEARCH("기사",$AJ93)),IF($AC93>=10,"특급",IF($AC93>=7,"고급",IF($AC93>=4,"중급","초급"))),"미해당")) -> 미해당 | AF93: CSTS | AG93: 40731 | AN93: CCNA 네트워크관리사 2급 | AO93: CISCO 한국정보통신자격협회 | AP93: 2012-01-13 2009-03-03 | AQ93: IT기획 및 품질관리 | AR93: 테스팅 엔지니어 | AS93: 기업은행 | AT93: 236-065374-01-010 | AU93: 배우자 | AV93: 010-4446-7132 | AW93: gw.lee@tbell.co.kr | AX93: 경기도 | AY93: 하남시 | BA93: 미사강변동로 177, 1201동 1303호(망월동, 미사강변도시12단지) | BB93: =IFERROR(VLOOKUP($AY93,[1]프로젝트현황!Y:Z,2,0),"기타") -> 동남권 | BC93: =(IF(AX93="","",AX93&" "))&(IF(AY93="","",AY93&" "))&(IF(AZ93="","",AZ93&" "))&BA93 -> 경기도 하남시 미사강변동로 177, 1201동 1303호(망월동, 미사강변도시12단지)
A94: =ROW()-2 -> 92 | B94: 231202 | C94: 창준호 | D94: 45261 | E94: 45261 | H94: CHANG, Junho | I94: 801026-1228415 | J94: =LEFT(I94,6) -> 801026 | K94: =MID($I94,3,2) -> 10 | L94: =IF(OR(MID($I94,8,1)="1",MID($I94,8,1)="3"),"남자",IF(OR(MID($I94,8,1)="2",MID($I94,8,1)="4"),"여자","")) -> 남자 | M94: =YEAR(TODAY())-IF(OR(MID($I94,8,1)="1",MID($I94,8,1)="2"),19&LEFT($I94,2),IF(OR(MID($I94,8,1)="3",MID($I94,8,1)="4"),20&LEFT($I94,2),""))+1 -> 47 | N94: 양력 | O94: 한국 | P94: 010-6435-5788 | T94: TBELL | V94: =QUOTIENT(SUMPRODUCT(LEFT($W94:$X94,FIND("년",$W94:$X94)-1)*12+MID($W94:$X94,FIND("년",$W94:$X94)+1,FIND("개월",$W94:$X94)-FIND("년",$W94:$X94)-1)),12)&"년"&MOD(SUMPRODUCT(LEFT($W94:$X94,FIND("년",$W94:$X94)-1)*12+MID($W94:$X94,FIND("년",$W94:$X94)+1,FIND("개월",$W94:$X94)-FIND("년",$W94:$X94)-1)),12)&"개월" -> 14년1개월 | W94: 11년 11개월 | X94: =DATEDIF($D94,TODAY(),"y")&"년"&DATEDIF($D94,TODAY(),"ym")&"개월" -> 2년2개월 | Y94: 한국교통대학교 | Z94: 신소재공학과(공학사) | AA94: 학사 | AB94: 38408 | AC94: =VALUE(LEFT($V94,FIND("년",$V94)-1)) -> 14 | AD94: =IF($AA94="학사",IF($AC94<=5,"초급",IF($AC94<9,"중급",IF($AC94<12,"고급",IF($AC94>=12,"특급"))))) -> 특급 | AE94: =IF(ISNUMBER(SEARCH("산업기사",$AL94)),IF($AC94>=13,"특급",IF($AC94>=10,"고급",IF($AC94>=7,"중급","초급"))),IF(ISNUMBER(SEARCH("기사",$AJ94)),IF($AC94>=10,"특급",IF($AC94>=7,"고급",IF($AC94>=4,"중급","초급"))),"미해당")) -> 미해당 | AQ94: IT기획 및 품질관리 | AR94: 테스팅 엔지니어 | AS94: 기업은행 | AT94: 933-022914-01-011 | AU94: 배우자 | AV94: 010-3628-6480 | AW94: jh.chang@tbell.co.kr | AX94: 서울시 | AY94: 영등포구 | BA94: 영신로41길 8, 502호(당산동1가, D.S퍼스트) | BB94: =IFERROR(VLOOKUP($AY94,[1]프로젝트현황!Y:Z,2,0),"기타") -> 서남권 | BC94: =(IF(AX94="","",AX94&" "))&(IF(AY94="","",AY94&" "))&(IF(AZ94="","",AZ94&" "))&BA94 -> 서울시 영등포구 영신로41길 8, 502호(당산동1가, D.S퍼스트)
A95: =ROW()-2 -> 93 | B95: 231203 | C95: 홍승민 | D95: 45261 | E95: 45261 | H95: HONG, SeungMin | I95: 890307-1063722 | J95: =LEFT(I95,6) -> 890307 | K95: =MID($I95,3,2) -> 03 | L95: =IF(OR(MID($I95,8,1)="1",MID($I95,8,1)="3"),"남자",IF(OR(MID($I95,8,1)="2",MID($I95,8,1)="4"),"여자","")) -> 남자 | M95: =YEAR(TODAY())-IF(OR(MID($I95,8,1)="1",MID($I95,8,1)="2"),19&LEFT($I95,2),IF(OR(MID($I95,8,1)="3",MID($I95,8,1)="4"),20&LEFT($I95,2),""))+1 -> 38 | N95: 양력 | O95: 한국 | P95: 010-5416-4637 | T95: TBELL | V95: =QUOTIENT(SUMPRODUCT(LEFT($W95:$X95,FIND("년",$W95:$X95)-1)*12+MID($W95:$X95,FIND("년",$W95:$X95)+1,FIND("개월",$W95:$X95)-FIND("년",$W95:$X95)-1)),12)&"년"&MOD(SUMPRODUCT(LEFT($W95:$X95,FIND("년",$W95:$X95)-1)*12+MID($W95:$X95,FIND("년",$W95:$X95)+1,FIND("개월",$W95:$X95)-FIND("년",$W95:$X95)-1)),12)&"개월" -> 6년4개월 | W95: 4년 2개월 | X95: =DATEDIF($D95,TODAY(),"y")&"년"&DATEDIF($D95,TODAY(),"ym")&"개월" -> 2년2개월 | Y95: 강원대학교 | Z95: 생약자원개발학과 | AA95: 학사 | AB95: 42058 | AC95: =VALUE(LEFT($V95,FIND("년",$V95)-1)) -> 6 | AD95: =IF($AA95="학사",IF($AC95<=5,"초급",IF($AC95<9,"중급",IF($AC95<12,"고급",IF($AC95>=12,"특급"))))) -> 중급 | AE95: =IF(ISNUMBER(SEARCH("산업기사",$AL95)),IF($AC95>=13,"특급",IF($AC95>=10,"고급",IF($AC95>=7,"중급","초급"))),IF(ISNUMBER(SEARCH("기사",$AJ95)),IF($AC95>=10,"특급",IF($AC95>=7,"고급",IF($AC95>=4,"중급","초급"))),"미해당")) -> 중급 | AJ95: 정보처리기사 | AK95: 42566 | AQ95: IT기획 및 품질관리 | AR95: 테스팅 엔지니어 | AS95: 기업은행 | AT95: 501-068898-01-017 | AU95: 부 | AV95: 010-5282-9628 | AW95: sm.hong@tbell.co.kr | AX95: 서울시 | AY95: 구로구 | BA95: 공원로6나길 17-5 | BB95: =IFERROR(VLOOKUP($AY95,[1]프로젝트현황!Y:Z,2,0),"기타") -> 서남권 | BC95: =(IF(AX95="","",AX95&" "))&(IF(AY95="","",AY95&" "))&(IF(AZ95="","",AZ95&" "))&BA95 -> 서울시 구로구 공원로6나길 17-5
A96: =ROW()-2 -> 94 | B96: 231205 | C96: 이나리 | D96: 45266 | E96: 45266 | H96: LEE, NaRi | I96: 880910-2470723 | J96: =LEFT(I96,6) -> 880910 | K96: =MID($I96,3,2) -> 09 | L96: =IF(OR(MID($I96,8,1)="1",MID($I96,8,1)="3"),"남자",IF(OR(MID($I96,8,1)="2",MID($I96,8,1)="4"),"여자","")) -> 여자 | M96: =YEAR(TODAY())-IF(OR(MID($I96,8,1)="1",MID($I96,8,1)="2"),19&LEFT($I96,2),IF(OR(MID($I96,8,1)="3",MID($I96,8,1)="4"),20&LEFT($I96,2),""))+1 -> 39 | N96: 양력 | O96: 한국 | P96: 010-3109-4930 | T96: TBELL | V96: =QUOTIENT(SUMPRODUCT(LEFT($W96:$X96,FIND("년",$W96:$X96)-1)*12+MID($W96:$X96,FIND("년",$W96:$X96)+1,FIND("개월",$W96:$X96)-FIND("년",$W96:$X96)-1)),12)&"년"&MOD(SUMPRODUCT(LEFT($W96:$X96,FIND("년",$W96:$X96)-1)*12+MID($W96:$X96,FIND("년",$W96:$X96)+1,FIND("개월",$W96:$X96)-FIND("년",$W96:$X96)-1)),12)&"개월" -> 2년10개월 | W96: 0년 8개월 | X96: =DATEDIF($D96,TODAY(),"y")&"년"&DATEDIF($D96,TODAY(),"ym")&"개월" -> 2년2개월 | Y96: 군산대학교 | Z96: 국어국문학과 | AA96: 학사 | AB96: 40391 | AC96: =VALUE(LEFT($V96,FIND("년",$V96)-1)) -> 2 | AD96: =IF($AA96="학사",IF($AC96<=5,"초급",IF($AC96<9,"중급",IF($AC96<12,"고급",IF($AC96>=12,"특급"))))) -> 초급 | AE96: =IF(ISNUMBER(SEARCH("산업기사",$AL96)),IF($AC96>=13,"특급",IF($AC96>=10,"고급",IF($AC96>=7,"중급","초급"))),IF(ISNUMBER(SEARCH("기사",$AJ96)),IF($AC96>=10,"특급",IF($AC96>=7,"고급",IF($AC96>=4,"중급","초급"))),"미해당")) -> 미해당 | AH96: ISTQB | AI96: 45580 | AQ96: IT기획 및 품질관리 | AR96: 테스팅 엔지니어 | AS96: 기업은행 | AT96: 078-167348-01-014 | AU96: 자매 | AV96: 010-4057-4930 | AW96: nr.lee@tbell.co.kr | AX96: 서울시 | AY96: 관악구 | BA96: 남부순환로 248길 56, 101동 509호(봉천동, 낙성현대아파트) | BB96: =IFERROR(VLOOKUP($AY96,[1]프로젝트현황!Y:Z,2,0),"기타") -> 서남권 | BC96: =(IF(AX96="","",AX96&" "))&(IF(AY96="","",AY96&" "))&(IF(AZ96="","",AZ96&" "))&BA96 -> 서울시 관악구 남부순환로 248길 56, 101동 509호(봉천동, 낙성현대아파트)
A97: =ROW()-2 -> 95 | B97: 240201 | C97: 정화실 | D97: 45323 | E97: 45323 | H97: JUNG, HwaSil | I97: 810225-2850824 | J97: =LEFT(I97,6) -> 810225 | K97: =MID($I97,3,2) -> 02 | L97: =IF(OR(MID($I97,8,1)="1",MID($I97,8,1)="3"),"남자",IF(OR(MID($I97,8,1)="2",MID($I97,8,1)="4"),"여자","")) -> 여자 | M97: =YEAR(TODAY())-IF(OR(MID($I97,8,1)="1",MID($I97,8,1)="2"),19&LEFT($I97,2),IF(OR(MID($I97,8,1)="3",MID($I97,8,1)="4"),20&LEFT($I97,2),""))+1 -> 46 | N97: 양력 | O97: 한국 | P97: 010-3802-2143 | T97: TBELL | V97: =QUOTIENT(SUMPRODUCT(LEFT($W97:$X97,FIND("년",$W97:$X97)-1)*12+MID($W97:$X97,FIND("년",$W97:$X97)+1,FIND("개월",$W97:$X97)-FIND("년",$W97:$X97)-1)),12)&"년"&MOD(SUMPRODUCT(LEFT($W97:$X97,FIND("년",$W97:$X97)-1)*12+MID($W97:$X97,FIND("년",$W97:$X97)+1,FIND("개월",$W97:$X97)-FIND("년",$W97:$X97)-1)),12)&"개월" -> 21년6개월 | W97: 19년 6개월 | X97: =DATEDIF($D97,TODAY(),"y")&"년"&DATEDIF($D97,TODAY(),"ym")&"개월" -> 2년0개월 | Y97: 한국방송통신대학교 | Z97: 미디어영상학과 | AA97: 학사 | AB97: 40597 | AC97: =VALUE(LEFT($V97,FIND("년",$V97)-1)) -> 21 | AD97: =IF($AA97="학사",IF($AC97<=5,"초급",IF($AC97<9,"중급",IF($AC97<12,"고급",IF($AC97>=12,"특급"))))) -> 특급 | AE97: =IF(ISNUMBER(SEARCH("산업기사",$AL97)),IF($AC97>=13,"특급",IF($AC97>=10,"고급",IF($AC97>=7,"중급","초급"))),IF(ISNUMBER(SEARCH("기사",$AJ97)),IF($AC97>=10,"특급",IF($AC97>=7,"고급",IF($AC97>=4,"중급","초급"))),"미해당")) -> 미해당 | AH97: ISTQB | AI97: 39165 | AQ97: IT기획 및 품질관리 | AR97: 테스팅 엔지니어 | AS97: 기업은행 | AT97: 257-065680-01-014 | AU97: 모 | AV97: 010-4301-2143 | AW97: hs.jung@tbell.co.kr | AX97: 경기도 | AY97: 김포시 | BA97: 김포한강2로 361, 707동 1002호(장기동,호반베르디움 더퍼스트) | BB97: =IFERROR(VLOOKUP($AY97,[1]프로젝트현황!Y:Z,2,0),"기타") -> 서남권 | BC97: =(IF(AX97="","",AX97&" "))&(IF(AY97="","",AY97&" "))&(IF(AZ97="","",AZ97&" "))&BA97 -> 경기도 김포시 김포한강2로 361, 707동 1002호(장기동,호반베르디움 더퍼스트)
A98: =ROW()-2 -> 96 | B98: 240202 | C98: 주호정 | D98: 45327 | E98: 45327 | H98: JOO, HoJeong | I98: 021225-4151523 | J98: =LEFT(I98,6) -> 021225 | K98: =MID($I98,3,2) -> 12 | L98: =IF(OR(MID($I98,8,1)="1",MID($I98,8,1)="3"),"남자",IF(OR(MID($I98,8,1)="2",MID($I98,8,1)="4"),"여자","")) -> 여자 | M98: =YEAR(TODAY())-IF(OR(MID($I98,8,1)="1",MID($I98,8,1)="2"),19&LEFT($I98,2),IF(OR(MID($I98,8,1)="3",MID($I98,8,1)="4"),20&LEFT($I98,2),""))+1 -> 25 | N98: 양력 | O98: 한국 | P98: 010-4196-7157 | T98: TBELL | V98: =QUOTIENT(SUMPRODUCT(LEFT($W98:$X98,FIND("년",$W98:$X98)-1)*12+MID($W98:$X98,FIND("년",$W98:$X98)+1,FIND("개월",$W98:$X98)-FIND("년",$W98:$X98)-1)),12)&"년"&MOD(SUMPRODUCT(LEFT($W98:$X98,FIND("년",$W98:$X98)-1)*12+MID($W98:$X98,FIND("년",$W98:$X98)+1,FIND("개월",$W98:$X98)-FIND("년",$W98:$X98)-1)),12)&"개월" -> 2년0개월 | W98: 0년 0개월 | X98: =DATEDIF($D98,TODAY(),"y")&"년"&DATEDIF($D98,TODAY(),"ym")&"개월" -> 2년0개월 | Y98: 인하공업전문대학교 | Z98: 컴퓨터시스템과 | AA98: 전문학사 | AB98: 45520 | AC98: =VALUE(LEFT($V98,FIND("년",$V98)-1)) -> 2 | AD98: =IF($AA98="전문학사",IF($AC98<=8,"초급",IF($AC98<12,"중급",IF($AC98<15,"고급",IF($AC98>=15,"특급"))))) -> 초급 | AE98: =IF(ISNUMBER(SEARCH("산업기사",$AL98)),IF($AC98>=13,"특급",IF($AC98>=10,"고급",IF($AC98>=7,"중급","초급"))),IF(ISNUMBER(SEARCH("기사",$AJ98)),IF($AC98>=10,"특급",IF($AC98>=7,"고급",IF($AC98>=4,"중급","초급"))),"미해당")) -> 미해당 | AQ98: 응용SW개발 | AR98: AI 데이터 가공 및 검수 | AS98: 농협은행 | AT98: 302-1491-6153-41 | AU98: 모 | AV98: 010-6376-7157 | AW98: hj.joo@tbell.co.kr | AX98: 경기도 | AY98: 시흥시 | BA98: 역전로 375-8, 101동 704호 (정왕동, 화성아파트) | BB98: =IFERROR(VLOOKUP($AY98,[1]프로젝트현황!Y:Z,2,0),"기타") -> 서남권 | BC98: =(IF(AX98="","",AX98&" "))&(IF(AY98="","",AY98&" "))&(IF(AZ98="","",AZ98&" "))&BA98 -> 경기도 시흥시 역전로 375-8, 101동 704호 (정왕동, 화성아파트)
A99: =ROW()-2 -> 97 | B99: 240301 | C99: 이정원 | D99: 45355 | E99: 45355 | H99: Lee, JeongWon | I99: 050819-3080113 | J99: =LEFT(I99,6) -> 050819 | K99: =MID($I99,3,2) -> 08 | L99: =IF(OR(MID($I99,8,1)="1",MID($I99,8,1)="3"),"남자",IF(OR(MID($I99,8,1)="2",MID($I99,8,1)="4"),"여자","")) -> 남자 | M99: =YEAR(TODAY())-IF(OR(MID($I99,8,1)="1",MID($I99,8,1)="2"),19&LEFT($I99,2),IF(OR(MID($I99,8,1)="3",MID($I99,8,1)="4"),20&LEFT($I99,2),""))+1 -> 22 | N99: 양력 | O99: 한국 | P99: 010-5698-2819 | T99: TBELL | V99: =QUOTIENT(SUMPRODUCT(LEFT($W99:$X99,FIND("년",$W99:$X99)-1)*12+MID($W99:$X99,FIND("년",$W99:$X99)+1,FIND("개월",$W99:$X99)-FIND("년",$W99:$X99)-1)),12)&"년"&MOD(SUMPRODUCT(LEFT($W99:$X99,FIND("년",$W99:$X99)-1)*12+MID($W99:$X99,FIND("년",$W99:$X99)+1,FIND("개월",$W99:$X99)-FIND("년",$W99:$X99)-1)),12)&"개월" -> 1년11개월 | W99: 0년 0개월 | X99: =DATEDIF($D99,TODAY(),"y")&"년"&DATEDIF($D99,TODAY(),"ym")&"개월" -> 1년11개월 | Y99: 서울디지텍고등학교 | Z99: IOT(사물인터넷)과 | AA99: 고졸 | AB99: 45309 | AC99: =VALUE(LEFT($V99,FIND("년",$V99)-1)) -> 1 | AD99: =IF($AA99="고졸",IF($AC99<=11,"초급",IF($AC99<=14,"중급",IF($AC99<=17,"고급",IF($AC99>=18,"특급"))))) -> 초급 | AE99: =IF(ISNUMBER(SEARCH("산업기사",$AL99)),IF($AC99>=13,"특급",IF($AC99>=10,"고급",IF($AC99>=7,"중급","초급"))),IF(ISNUMBER(SEARCH("기사",$AJ99)),IF($AC99>=10,"특급",IF($AC99>=7,"고급",IF($AC99>=4,"중급","초급"))),"미해당")) -> 초급 | AL99: 정보처리산업기사 | AM99: 45135 | AQ99: IT기획 및 품질관리 | AR99: 테스팅 엔지니어 | AS99: 기업은행 | AT99: 992-021736-02-012 | AW99: jw.lee@tbell.co.kr | AX99: 서울시 | AY99: 송파구 | BA99: 성내천로43라길8, 201호(마천동,을해빌라 4차) | BB99: =IFERROR(VLOOKUP($AY99,[1]프로젝트현황!Y:Z,2,0),"기타") -> 동남권 | BC99: =(IF(AX99="","",AX99&" "))&(IF(AY99="","",AY99&" "))&(IF(AZ99="","",AZ99&" "))&BA99 -> 서울시 송파구 성내천로43라길8, 201호(마천동,을해빌라 4차)
A100: =ROW()-2 -> 98 | B100: 240302 | C100: 이상현 | D100: 45355 | E100: 45355 | H100: LEE, Sanghyun | I100: 051220-3011514 | J100: =LEFT(I100,6) -> 051220 | K100: =MID($I100,3,2) -> 12 | L100: =IF(OR(MID($I100,8,1)="1",MID($I100,8,1)="3"),"남자",IF(OR(MID($I100,8,1)="2",MID($I100,8,1)="4"),"여자","")) -> 남자 | M100: =YEAR(TODAY())-IF(OR(MID($I100,8,1)="1",MID($I100,8,1)="2"),19&LEFT($I100,2),IF(OR(MID($I100,8,1)="3",MID($I100,8,1)="4"),20&LEFT($I100,2),""))+1 -> 22 | N100: 양력 | O100: 한국 | P100: 010-2214-2891 | T100: TBELL | V100: =QUOTIENT(SUMPRODUCT(LEFT($W100:$X100,FIND("년",$W100:$X100)-1)*12+MID($W100:$X100,FIND("년",$W100:$X100)+1,FIND("개월",$W100:$X100)-FIND("년",$W100:$X100)-1)),12)&"년"&MOD(SUMPRODUCT(LEFT($W100:$X100,FIND("년",$W100:$X100)-1)*12+MID($W100:$X100,FIND("년",$W100:$X100)+1,FIND("개월",$W100:$X100)-FIND("년",$W100:$X100)-1)),12)&"개월" -> 1년11개월 | W100: 0년 0개월 | X100: =DATEDIF($D100,TODAY(),"y")&"년"&DATEDIF($D100,TODAY(),"ym")&"개월" -> 1년11개월 | Y100: 서울디지텍고등학교 | Z100: IOT(사물인터넷)과 | AA100: 고졸 | AB100: 45309 | AC100: =VALUE(LEFT($V100,FIND("년",$V100)-1)) -> 1 | AD100: =IF($AA100="고졸",IF($AC100<=11,"초급",IF($AC100<=14,"중급",IF($AC100<=17,"고급",IF($AC100>=18,"특급"))))) -> 초급 | AE100: =IF(ISNUMBER(SEARCH("산업기사",$AL100)),IF($AC100>=13,"특급",IF($AC100>=10,"고급",IF($AC100>=7,"중급","초급"))),IF(ISNUMBER(SEARCH("기사",$AJ100)),IF($AC100>=10,"특급",IF($AC100>=7,"고급",IF($AC100>=4,"중급","초급"))),"미해당")) -> 미해당 | AQ100: IT기획 및 품질관리 | AR100: 테스팅 엔지니어 | AS100: 기업은행 | AT100: 973-067582-01-016 | AW100: sanghyun.lee@tbell.co.kr | AX100: 서울시 | AY100: 중랑구 | BA100: 중랑천로 8, 1502호 (면목동,형진아파트) | BB100: =IFERROR(VLOOKUP($AY100,[1]프로젝트현황!Y:Z,2,0),"기타") -> 동북권 | BC100: =(IF(AX100="","",AX100&" "))&(IF(AY100="","",AY100&" "))&(IF(AZ100="","",AZ100&" "))&BA100 -> 서울시 중랑구 중랑천로 8, 1502호 (면목동,형진아파트)
...
